source,filename,width,height,min_side,ok_min_side,error
owner,a-gordienko-m-nikolaev-pino-nuar-krasnoe-suhoe-135.webp,260,1000,260,True,
owner,a-gordienko-m-nikolaev-sira-nuvo-krasnoe-suhoe-115.webp,253,1000,253,True,
owner,abrau-dyurso-abrau-durso-brut-rose-reserve-pino-nuar-beloe-bryut-12.webp,281,1000,281,True,
owner,abrau-dyurso-abrau-durso-reserve-brut-shardone-beloe-bryut-115.webp,280,1000,280,True,
owner,abrau-dyurso-abrau-dyurso-pino-nuar-krasnoe-suhoe-13.webp,468,1500,468,True,
owner,abrau-dyurso-abrau-estates-amurskiy-potapenko-krasnoe-suhoe-105.webp,1933,3019,1933,True,
owner,abrau-dyurso-abrau-estates-beloe-shardone-suhoe-12.webp,1933,3019,1933,True,
owner,abrau-dyurso-abrau-estates-dostoynyy-krasnoe-suhoe-135.webp,265,1000,265,True,
owner,abrau-dyurso-abrau-estates-kaberne-po-belomu-kaberne-sovinon-beloe-suhoe-105.webp,1933,3019,1933,True,
owner,abrau-dyurso-abrau-estates-krasnoe-kaberne-sovinon-suhoe-13.webp,265,1000,265,True,
owner,abrau-dyurso-abrau-estates-oranzh-tsitronnyy-magaracha-oranzhevoe-suhoe-105.webp,1933,3019,1933,True,
owner,abrau-dyurso-abrau-estates-roze-kaberne-sovinon-rozovoe-suhoe-12.webp,265,1000,265,True,
owner,abrau-dyurso-abrau-kupazh-krasnyy-polsusladkoe-kaberne-sovinon-krasnoe-polusladkoe-11.webp,1933,3019,1933,True,
owner,abrau-dyurso-aleksandr-ii-magnum-shardone-beloe-bryut-125.webp,334,1000,334,True,
owner,abrau-dyurso-az-abrau-bayanshira-beloe-suhoe-12.webp,1246,3019,1246,True,
owner,abrau-dyurso-az-abrau-madrasa-krasnoe-suhoe-14.webp,1246,3019,1246,True,
owner,abrau-dyurso-brut-dor-blanc-de-blancs-shardone-beloe-bryut-12.webp,1000,1000,1000,True,
owner,abrau-dyurso-brut-dor-blanc-de-blancs-shardone-beloe-bryut-125.webp,316,1000,316,True,
owner,abrau-dyurso-brut-dor-blanc-de-noirs-pino-nuar-beloe-bryut-115.webp,1000,1000,1000,True,
owner,abrau-dyurso-brut-dor-blanc-de-noirs-pino-nuar-beloe-bryut-125.webp,317,1000,317,True,
owner,abrau-dyurso-brut-dor-riesling-risling-beloe-bryut-12.webp,317,1000,317,True,
owner,abrau-dyurso-brut-dor-rose-pino-nuar-rozovoe-bryut-12.webp,317,1000,317,True,
owner,abrau-dyurso-femme-dabrau-amurskiy-potapenko-krasnoe-suhoe-107.webp,1933,3019,1933,True,
owner,abrau-dyurso-fizz-beloe-bryut.webp,900,1200,900,True,
owner,abrau-dyurso-fizz-beloe-polusladkoe.webp,501,1280,501,True,
owner,abrau-dyurso-imperatorskoe-bryut-shardone-beloe-12.webp,1933,3019,1933,True,
owner,abrau-dyurso-imperatorskoe-polusladkoe-shardone-beloe-12.webp,1933,3019,1933,True,
owner,abrau-dyurso-imperatorskoe-polusuhoe-shardone-beloe-12.webp,1933,3019,1933,True,
owner,abrau-dyurso-imperial-brut-lart-nouveau-shardone-beloe-bryut-105.webp,321,1000,321,True,
owner,abrau-dyurso-imperial-brut-rose-pino-nuar-rozovoe-bryut-12.webp,318,1000,318,True,
owner,abrau-dyurso-imperial-brut-vintage-shardone-beloe-bryut-12.webp,315,1000,315,True,
owner,abrau-dyurso-imperial-kyuve-pino-nuar-rozovoe-bryut-125.webp,1000,1000,1000,True,
owner,abrau-dyurso-kaberne-sovinon-krasnoe-suhoe-125.webp,1000,1000,1000,True,
owner,abrau-dyurso-pino-nuar-krasnoe-suhoe-12.webp,1000,1000,1000,True,
owner,abrau-dyurso-pino-nuar-krasnoe-suhoe-125.webp,312,1000,312,True,
owner,abrau-dyurso-risling-beloe-suhoe-12.webp,230,1000,230,True,
owner,abrau-dyurso-risling-beloe-suhoe-13.webp,1000,1000,1000,True,
owner,abrau-dyurso-russkoe-igristoe-koshernoe-bryut-shardone-beloe-13.webp,1933,3019,1933,True,
owner,abrau-dyurso-russkoe-igristoe-koshernoe-polusladkoe-shardone-beloe-12.webp,1933,3019,1933,True,
owner,abrau-dyurso-russkoe-igristoe-polusladkoe-krasnoe-kaberne-sovinon-12.webp,1921,3000,1921,True,
owner,abrau-dyurso-russkoe-igristoe-polusladkoe-shardone-beloe-12.webp,1921,3000,1921,True,
owner,abrau-dyurso-russkoe-igristoe-polusuhoe-shardone-beloe-12.webp,1921,3000,1921,True,
owner,abrau-dyurso-shardone-beloe-suhoe-12.webp,312,1000,312,True,
owner,abrau-dyurso-shardone-beloe-suhoe-13.webp,1000,1000,1000,True,
owner,abrau-dyurso-spumante-bryut-roze-shardone-rozovoe-12.webp,1000,1000,1000,True,
owner,abrau-dyurso-udelnoe-vedomstvo-imperatorskoe-beloe-bryut.webp,383,1200,383,True,
owner,abrau-dyurso-udelnoe-vedomstvo-imperatorskoe-beloe-polusladkoe.webp,409,1280,409,True,
owner,abrau-dyurso-victor-dravigny-brut-rose-pino-nuar-rozovoe-bryut-12.webp,268,1000,268,True,
owner,abrau-dyurso-victor-dravigny-bryut.webp,1530,1530,1530,True,
owner,abrau-dyurso-victor-dravigny-extra-brut-shardone-beloe-bryut-125.webp,271,1000,271,True,
owner,abrau-dyurso-victor-dravigny-krasnoe-polusladkoe-kaberne-sovinon-125.webp,269,1000,269,True,
owner,abrau-dyurso-victor-dravigny-polusladkoe-sovinon-blan-beloe-12.webp,1933,3019,1933,True,
owner,abrau-dyurso-victor-dravigny-polusuhoe-pino-blan-beloe-12.webp,1933,3019,1933,True,
owner,agora-bastardo.webp,617,1080,617,True,
owner,agora-blek-stoun.webp,617,1080,617,True,
owner,agora-kaberne-sovinon.webp,617,1080,617,True,
owner,agora-muskat-chernyj.webp,617,1080,617,True,
owner,agora-muskat.webp,376,1400,376,True,
owner,agora-pino-nuar.webp,617,1080,617,True,
owner,agora-risling.webp,617,1080,617,True,
owner,agora-rosa-viva-beloe-bryut.webp,437,1280,437,True,
owner,agora-rosa-viva-beloe-polusladkoe.webp,438,1280,438,True,
owner,agora-rosa-viva-cabernet-franc.webp,343,1280,343,True,
owner,agora-rosa-viva-cabernet-sauvignon-shiraz.webp,343,1280,343,True,
owner,agora-rosa-viva-muscat.webp,343,1280,343,True,
owner,agora-rosa-viva-riesling.webp,343,1280,343,True,
owner,agora-rosa-viva-rozovoe-polusladkoe.webp,438,1280,438,True,
owner,agora-saperavi.webp,617,1080,617,True,
owner,agora-shardone.webp,617,1080,617,True,
owner,agora-sovinon.webp,617,1080,617,True,
owner,agora-terruarnoe-bastardo.webp,348,1080,348,True,
owner,agora-terruarnoe-kaberne-sovinon.webp,348,1080,348,True,
owner,agora-vintage-blanc-de-blancs-extra-brut.webp,402,546,402,True,
owner,agora-vintage-blanc-de-noirs-extra-brut.webp,348,1080,348,True,
owner,agora-winery-cuvee-pino-gridzhio-shardone-bryut-beloe-125.webp,217,750,217,True,
owner,agora-winery-cuvee-pino-nuar-shardone-bryut-rozovoe-125.webp,221,750,221,True,
owner,agora-yachting-cabernet-sauvignon.webp,286,1080,286,True,
owner,agora-yachting-chardonnay.webp,279,1080,279,True,
owner,agora-yachting-merlot.webp,282,1080,282,True,
owner,agora-yachting-pinot-grigio.webp,315,1080,315,True,
owner,agora-yachting-sauvignon.webp,286,1080,286,True,
owner,agora-yachting-shiraz.webp,316,1080,316,True,
owner,agrolayn-heritage-dg-skin-contact-red-saperavi-krasnoe-suhoe-13.webp,292,1000,292,True,
owner,agrolayn-heritage-dg-skin-contact-rkatsiteli-rkatsiteli-beloe-suhoe-12.webp,293,1000,293,True,
owner,agrolayn-heritage-dg-skin-contact-rkatsiteli-rkatsiteli-krasnoe-suhoe-12.webp,292,1000,292,True,
owner,agrolayn-lame-du-vin-saperavi-krasnoe-suhoe-13.webp,273,1000,273,True,
owner,agrolayn-mountain-eagle-aleatico-rose-aleatiko-rozovoe-suhoe-125.webp,300,1000,300,True,
owner,agrolayn-mountain-eagle-cabernet-sauvignon-kaberne-sovinon-krasnoe-suhoe-135.webp,273,1000,273,True,
owner,agrolayn-mountain-eagle-chardonnay-shardone-beloe-suhoe-12.webp,292,1000,292,True,
owner,agrolayn-mountain-eagle-marselan-marselan-krasnoe-suhoe-13.webp,273,1000,273,True,
owner,agrolayn-mountain-eagle-muscat-muskat-beloe-suhoe-125.webp,292,1000,292,True,
owner,agrolayn-mountain-eagle-pedro-ximenez-pedro-himenes-beloe-suhoe-11.webp,292,1000,292,True,
owner,agrolayn-mountain-eagle-saperavi-saperavi-krasnoe-suhoe-135.webp,273,1000,273,True,
owner,agrolayn-mountain-eagle-sauvignon-blanc-sovinon-blan-beloe-suhoe-125.webp,293,1000,293,True,
owner,agrolayn-mountain-eagle-semillon-semilon-beloe-suhoe-11.webp,291,1000,291,True,
owner,agrolayn-mountain-eagle-traminer-traminer-beloe-suhoe-12.webp,291,1000,291,True,
owner,agrolayn-mountain-eagle-viognier-vione-beloe-suhoe-115.webp,292,1000,292,True,
owner,agrolayn-mountain-eagle-white-blend-vione-beloe-suhoe-115.webp,292,1000,292,True,
owner,agrolayn-vexillum-blanc-de-blancs-shardone-beloe-bryut-115.webp,205,750,205,True,
owner,agrolayn-vexillum-blanc-de-noirs-pino-nuar-beloe-bryut-12.webp,204,750,204,True,
owner,aligote-avtorskoe-vino.webp,280,1000,280,True,
owner,aligote-avtorskoe.webp,280,1000,280,True,
owner,aligote-barrel-2024.webp,64,156,64,False,
owner,aligote-barrel-2025.webp,64,156,64,False,
owner,aligote-shato-pino.webp,1049,1280,1049,True,
owner,alma-valley-alma-graviti-pino-nuar-merlo-kaberne-sovinon-krasnoe-suhoe-14.webp,2362,2362,2362,True,
owner,alma-valley-graviti-kaberne-sovinon-krasnoe-suhoe-15.webp,430,1280,430,True,
owner,alma-valley-graviti-pino-blan-beloe-suhoe-135.webp,451,1280,451,True,
owner,alma-valley-kaberne-fran-krasnoe-suhoe-145.webp,451,1280,451,True,
owner,alma-valley-kaberne-fran-rezerv-krasnoe-suhoe-15.webp,441,1280,441,True,
owner,alma-valley-kaberne-sovinon-rezerv-krasnoe-suhoe-15.webp,454,1280,454,True,
owner,alma-valley-kokur-beloe-suhoe-14.webp,424,1280,424,True,
owner,alma-valley-kolombar-beloe-polusuhoe-135.webp,443,1280,443,True,
owner,alma-valley-locantita-merlot-cabernet-franc.webp,416,1200,416,True,
owner,alma-valley-merlo-krasnoe-suhoe-13.webp,457,1280,457,True,
owner,alma-valley-merlo-rezerv-krasnoe-suhoe-14.webp,1000,1000,1000,True,
owner,alma-valley-merlo-rezerv-krasnoe-suhoe-15.webp,433,1280,433,True,
owner,alma-valley-petit-arvin-beloe-suhoe-13.webp,496,1280,496,True,
owner,alma-valley-pino-blan-beloe-suhoe-14.webp,442,1280,442,True,
owner,alma-valley-pino-blan-rezerv-beloe-suhoe-14.webp,509,1280,509,True,
owner,alma-valley-pino-gri-beloe-polusuhoe-15.webp,453,1280,453,True,
owner,alma-valley-pino-nuar-beloe-ekstra-bryut-115.webp,1598,4200,1598,True,
owner,alma-valley-pino-nuar-krasnoe-suhoe-13.webp,479,1280,479,True,
owner,alma-valley-pino-nuar-rezerv-krasnoe-suhoe-14.webp,469,1280,469,True,
owner,alma-valley-rislaner-beloe-polusladkoe-125.webp,441,1280,441,True,
owner,alma-valley-risling-beloe-polusuhoe-125.webp,397,1280,397,True,
owner,alma-valley-semilon-beloe-suhoe-135.webp,443,1280,443,True,
owner,alma-valley-shardone-beloe-suhoe-135.webp,442,1280,442,True,
owner,alma-valley-shardone-rezerv-beloe-suhoe-135.webp,1000,1000,1000,True,
owner,alma-valley-shardone-rezerv-beloe-suhoe-14.webp,473,1280,473,True,
owner,alma-valley-shiraz-krasnoe-suhoe-13.webp,379,1280,379,True,
owner,alma-valley-shiraz-sira-rezerv-krasnoe-suhoe-14.webp,426,1280,426,True,
owner,alma-valley-solntse-vozduh-vinograd-kokur-beloe-polusladkoe-13.webp,491,1280,491,True,
owner,alma-valley-solntse-vozduh-vinograd-merlo-krasnoe-polusladkoe-14.webp,506,1280,506,True,
owner,alma-valley-solntse-vozduh-vinograd-shardone-beloe-polusuhoe-13.webp,512,1280,512,True,
owner,alma-valley-solntse-vozduh-vinograd-sira-shiraz-krasnoe-polusuhoe-135.webp,444,1280,444,True,
owner,alma-valley-solntse-vozduh-vinograd-sira-shiraz-rozovoe-polusladkoe-12.webp,522,1280,522,True,
owner,alma-valley-sovinon-blan-beloe-suhoe-14.webp,433,1280,433,True,
owner,alma-valley-sovinon-blan-rezerv-beloe-suhoe-14.webp,480,1280,480,True,
owner,alma-valley-tba-sovinon-sovinon-blan-beloe-sladkoe-75.webp,434,1280,434,True,
owner,alma-valley-tempranilo-krasnoe-suhoe-13.webp,397,1280,397,True,
owner,alma-valley-tempranilo-rezerv-krasnoe-suhoe-14.webp,417,1280,417,True,
owner,alma-valley-traminer-beloe-suhoe-125.webp,466,1280,466,True,
owner,amelia-2023.webp,890,889,889,True,
owner,amelia.webp,301,1080,301,True,
owner,andryus-yutsis-muscat-blanc-muskat-beloe-suhoe-112.webp,277,1000,277,True,
owner,andryus-yutsis-muskat-blan-vione-beloe-suhoe-117.webp,245,1000,245,True,
owner,andryus-yutsis-orange-vermentino-beloe-suhoe-112.webp,273,1000,273,True,
owner,andryus-yutsis-organic-syrah-sira-krasnoe-suhoe-135.webp,520,1000,520,True,
owner,andryus-yutsis-organik-risling-beloe-suhoe-115.webp,218,1000,218,True,
owner,andryus-yutsis-pino-nuar-krasnoe-suhoe-12.webp,254,1000,254,True,
owner,andryus-yutsis-pinot-grigio-pino-gri-beloe-suhoe-125.webp,255,925,255,True,
owner,andryus-yutsis-risling-beloe-suhoe-12.webp,205,1000,205,True,
owner,andryus-yutsis-shenen-blan-beloe-suhoe-12.webp,245,1000,245,True,
owner,andryus-yutsis-vione-beloe-suhoe-112.webp,270,1000,270,True,
owner,appassimento-merlot.webp,1069,3858,1069,True,
owner,appassimento.webp,290,1018,290,True,
owner,aratti-kaberne-po-belomu-1.webp,225,889,225,True,
owner,aratti-kaberne-po-belomu.webp,228,889,228,True,
owner,aratti-kaberne-sovinon-2020-krasnoe-suhoe.webp,219,889,219,True,
owner,aratti-kaberne-sovinon-2021-krasnoe-suhoe.webp,224,889,224,True,
owner,aratti-muskat-belyj-polusuhoe.webp,227,889,227,True,
owner,aratti-muskat-belyj-suhoe.webp,228,889,228,True,
owner,aratti-risling-beloe-polusuhoe.webp,221,889,221,True,
owner,aratti-risling-suhoe.webp,764,3047,764,True,
owner,aratti-shardone-beloe-suhoe.webp,3043,4554,3043,True,
owner,aratti-sovinon-blan-beloe-polusuhoe.webp,221,889,221,True,
owner,aratti-vremena-goda-saperavi-leto.webp,336,1280,336,True,
owner,aratti-vremena-goda-saperavi-merlo-vesna.webp,333,1280,333,True,
owner,aratti-vremena-goda-saperavi-vyderzhannyj-zima.webp,328,1280,328,True,
owner,arie-riserva.webp,258,887,258,True,
owner,arie-vyderzhka-bochka-francziya-2020.webp,271,908,271,True,
owner,arie.webp,258,891,258,True,
owner,aristov-anima-millesimato-beloe-bryut.webp,434,1200,434,True,
owner,aristov-anima-millesimato.webp,452,1200,452,True,
owner,aristov-anima-pinot-grigio-blush.webp,431,1200,431,True,
owner,aristov-kyuve-aleksandr-blan-de-blan.webp,1270,3543,1270,True,
owner,aristov-kyuve-aleksandr-blan-de-nuar.webp,1270,3543,1270,True,
owner,aristov-kyuve-aleksandr-roze-de-pino.webp,459,1280,459,True,
owner,aromatnoe-malbek-rezerv-krasnoe-suhoe-125.webp,1000,1000,1000,True,
owner,aromatnoe-shenen-blan-beloe-suhoe-13.webp,2362,2362,2362,True,
owner,artvin-kaberne-sovinon-grand-rezerv-krasnoe-suhoe-13.webp,291,1000,291,True,
owner,artvin-odesskiy-chernyy-rezerv-krasnoe-suhoe-13.webp,284,1000,284,True,
owner,avtohtonnoe-vino-kryma-beloe-suhoe.webp,317,1200,317,True,
owner,avtorskij-gid-artura-sarkisyana.webp,352,1080,352,True,
owner,avtorskoe-risling.webp,40,156,40,False,
owner,aya-khrustaleva-76-merlot-organik.webp,503,1200,503,True,
owner,aya-organic-wine-vineyards-blush-1-sira-rozovoe-ekstra-bryut-135.webp,255,750,255,True,
owner,aya-organic-wine-vineyards-blush-2-merlo-rozovoe-ekstra-bryut-135.webp,255,750,255,True,
owner,aya-organic-wine-vineyards-blush-3-kaberne-fran-rozovoe-ekstra-bryut-132.webp,255,750,255,True,
owner,aya-organic-wine-vineyards-blush-4-pino-nuar-krasnoe-ekstra-bryut-129.webp,255,750,255,True,
owner,aya-organic-wine-vineyards-evolution-chardonnay-shardone-beloe-suhoe-124.webp,288,1000,288,True,
owner,aya-organic-wine-vineyards-evolution-pinot-noir-pino-nuar-krasnoe-suhoe-125.webp,281,1000,281,True,
owner,aya-organic-wine-vineyards-purity-in-chenin-blanc-shenen-blan-beloe-suhoe-11.webp,257,853,257,True,
owner,aya-organic-wine-vineyards-purity-in-merlot-merlo-rozovoe-suhoe-134.webp,278,1000,278,True,
owner,aya-organic-wine-vineyards-purity-in-syrah-sira-krasnoe-suhoe-146.webp,278,1000,278,True,
owner,aya-organic-wine-vineyards-purity-in-syrah-sira-rozovoe-suhoe-132.webp,278,1000,278,True,
owner,aya-organic-wine-vineyards-purity-in-trinity-pino-nuar-rozovoe-suhoe-13.webp,278,1000,278,True,
owner,b-yu-rne-krasnostop-suhoe-krasnoe-classic.webp,466,1280,466,True,
owner,b-yu-rne-l-yu-bl-yu-suhoe-rozovoe.webp,1548,3811,1548,True,
owner,b-yu-rne-malbek-krasnoe-suhoe.webp,466,1280,466,True,
owner,b-yu-rne-pino-gri-beloe-suhoe.webp,324,889,324,True,
owner,b-yu-rne-pino-gri-pozdnij-sbor-sladkoe-beloe.webp,1434,3943,1434,True,
owner,b-yu-rne-sh-ardone-suhoe-beloe.webp,324,889,324,True,
owner,b-yu-rne-sira-krasnoe-suhoe-classic.webp,466,1280,466,True,
owner,b-yu-rne-vinisa-zh-suhoe-beloe.webp,1548,3811,1548,True,
owner,b-yu-rne-vinisa-zh-suhoe-krasnoe.webp,1548,3811,1548,True,
owner,b-yu-rne-vinisa-zh-suhoe-rozovoe.webp,1664,3933,1664,True,
owner,bakla-vines-kaberne-fran-krasnoe-suhoe-143.webp,244,1000,244,True,
owner,bakla-vines-kangun-beloe-suhoe-12.webp,267,1000,267,True,
owner,bakla-vines-kangun-oranzh-beloe-suhoe-119.webp,273,1000,273,True,
owner,bakla-vines-kangun-ps-beloe-suhoe-128.webp,267,1000,267,True,
owner,bakla-vines-pino-nuar-krasnoe-suhoe-125.webp,265,1000,265,True,
owner,bakla-vines-risling-beloe-polusuhoe-125.webp,224,1000,224,True,
owner,bakla-vines-sira-krasnoe-suhoe-135.webp,265,1000,265,True,
owner,bakla-vines-tsitron-krymskiy-tsitronnyy-magaracha-beloe-suhoe-118.webp,266,1000,266,True,
owner,balaklava-bryut-rezerv.webp,3090,4631,3090,True,
owner,balaklava-muskat-beloe-polusladkoe.webp,459,1200,459,True,
owner,balaklava-muskat.webp,3882,5811,3882,True,
owner,balaklava-pino-nuar.webp,3157,4725,3157,True,
owner,ballet-blanc.webp,1058,1323,1058,True,
owner,barhat.webp,282,897,282,True,
owner,belaya-lvicza.webp,218,889,218,True,
owner,belbek-aligote-beloe-suhoe-125.webp,248,1000,248,True,
owner,belbek-belbek-fiolent-muskat-beloe-polusladkoe-125.webp,412,1500,412,True,
owner,belbek-belbek-kaberne-fran-krasnoe-suhoe-13.webp,429,1500,429,True,
owner,belbek-belbek-meritazh-kaberne-sovinon-krasnoe-suhoe-135.webp,404,1500,404,True,
owner,belbek-belbek-merlo-krasnoe-suhoe-129.webp,402,1500,402,True,
owner,belbek-belbek-muskat-beloe-suhoe-128.webp,412,1500,412,True,
owner,belbek-belbek-pino-nuar-krasnoe-suhoe-13.webp,434,1500,434,True,
owner,belbek-belbek-pti-verdo-krasnoe-suhoe-121.webp,425,1500,425,True,
owner,belbek-belbek-risling-beloe-suhoe-128.webp,334,1500,334,True,
owner,belbek-belbek-risling-rezerv-beloe-suhoe-13.webp,321,1500,321,True,
owner,belbek-belbek-rkatsiteli-barrik-beloe-suhoe-13.webp,406,1500,406,True,
owner,belbek-belbek-roze-pino-nuar-rozovoe-suhoe-129.webp,405,1500,405,True,
owner,belbek-belbek-sandzhoveze-krasnoe-suhoe-138.webp,391,1500,391,True,
owner,belbek-belbek-saperavi-rezerv-krasnoe-suhoe-14.webp,382,1500,382,True,
owner,belbek-belbek-sira-krasnoe-suhoe-132.webp,429,1500,429,True,
owner,belbek-beloe-suhoe-kaberne-sovinon-krasnoe-14.webp,263,1000,263,True,
owner,belbek-kaberne-fran-krasnoe-suhoe-134.webp,283,1000,283,True,
owner,belbek-kaberne-sovinon-krasnoe-suhoe-138.webp,261,1000,261,True,
owner,belbek-kokur-kokur-belyy-beloe-suhoe-13.webp,275,1000,275,True,
owner,belbek-meritazh-kaberne-sovinon-krasnoe-suhoe-136.webp,281,1000,281,True,
owner,belbek-merlo-krasnoe-suhoe-13.webp,255,995,255,True,
owner,belbek-muskat-muskat-belyy-beloe-suhoe-127.webp,273,1000,273,True,
owner,belbek-muskat-oranzh-muskat-belyy-oranzhevoe-suhoe-125.webp,270,1000,270,True,
owner,belbek-pino-mene-krasnoe-suhoe-128.webp,256,1000,256,True,
owner,belbek-pino-nuar-krasnoe-suhoe-133.webp,283,1000,283,True,
owner,belbek-pino-nuar-rezerv-krasnoe-suhoe-135.webp,283,1000,283,True,
owner,belbek-pino-nuar-roze-rozovoe-suhoe-115.webp,304,1181,304,True,
owner,belbek-risling-pozdniy-sbor-risling-reynskiy-beloe-sladkoe-117.webp,218,1000,218,True,
owner,belbek-risling-risling-reynskiy-beloe-suhoe-12.webp,224,1000,224,True,
owner,belbek-rkatsiteli-barrik-beloe-suhoe-13.webp,282,1000,282,True,
owner,belbek-rkatsiteli-beloe-suhoe-13.webp,256,1000,256,True,
owner,belbek-roze-sira-rozovoe-suhoe-125.webp,269,1000,269,True,
owner,belbek-sandzhoveze-krasnoe-suhoe-14.webp,283,1052,283,True,
owner,belbek-saperavi-krasnoe-suhoe-137.webp,267,1000,267,True,
owner,belbek-saperavi-rezerv-krasnoe-suhoe-14.webp,283,1000,283,True,
owner,belbek-semilon-rezerv-beloe-suhoe-127.webp,283,1000,283,True,
owner,belbek-sira-rezerv-krasnoe-suhoe-132.webp,283,1000,283,True,
owner,belbek-sovinon-blan-beloe-suhoe-12.webp,280,1000,280,True,
owner,belbek-zakat-merlo-sira-krasnoe-suhoe-132.webp,287,1000,287,True,
owner,belmas-winery-cabernet-franc-belmas-kaberne-fran-krasnoe-suhoe-14.webp,275,1000,275,True,
owner,belmas-winery-cabernet-sauvignon-rose-belmas-kaberne-sovinon-rozovoe-suhoe-13.webp,281,1000,281,True,
owner,belmas-winery-cf-kaberne-fran-krasnoe-suhoe-14.webp,273,1000,273,True,
owner,belmas-winery-malbec-katya-belmas-malbek-rozovoe-suhoe-11.webp,280,1000,280,True,
owner,belmas-winery-malbec-katya-malbek-rozovoe-suhoe-129.webp,1667,2500,1667,True,
owner,belmas-winery-pg-pino-gri-beloe-suhoe-125.webp,4486,6726,4486,True,
owner,belmas-winery-pino-nuar-krasnoe-suhoe-135.webp,2362,2362,2362,True,
owner,belmas-winery-pinot-gris-belmas-pino-gri-beloe-suhoe-122.webp,229,1000,229,True,
owner,belmas-winery-pn-pino-nuar-krasnoe-suhoe-135.webp,4172,6255,4172,True,
owner,belmas-winery-riesling-belmas-risling-beloe-suhoe-135.webp,228,1000,228,True,
owner,belmas-winery-riesling-katya-belmas-risling-beloe-suhoe-125.webp,222,1000,222,True,
owner,belmas-winery-riesling-katya-risling-beloe-suhoe-12.webp,1667,2500,1667,True,
owner,belmas-winery-risling-beloe-suhoe-135.webp,2362,2362,2362,True,
owner,belmas-winery-sauvignon-blanc-belmas-sovinon-blan-beloe-suhoe-13.webp,292,1000,292,True,
owner,belmas-winery-sauvignon-blanc-katya-belmas-sovinon-blan-beloe-suhoe-115.webp,277,1000,277,True,
owner,belmas-winery-sauvignon-blanc-katya-sovinon-blan-beloe-suhoe-115.webp,1667,2500,1667,True,
owner,belmas-winery-syrah-katya-belmas-sira-krasnoe-suhoe-125.webp,275,1000,275,True,
owner,belmas-winery-syrah-katya-sira-krasnoe-suhoe-125.webp,1667,2500,1667,True,
owner,belmas-winery-vi-vione-beloe-suhoe-122.webp,4172,6255,4172,True,
owner,belmas-winery-viogner-katya-vione-beloe-suhoe-135.webp,1667,2500,1667,True,
owner,belmas-winery-viognier-belmas-vione-beloe-suhoe-122.webp,257,1000,257,True,
owner,belmas-winery-viognier-katya-belmas-vione-beloe-suhoe-135.webp,271,988,271,True,
owner,beloe-suhoe.webp,314,1200,314,True,
owner,blagolyubov-muskat-ottonel-beloe-suhoe-125.webp,239,1000,239,True,
owner,blagolyubov-sibirkovyy-beloe-suhoe-115.webp,238,1000,238,True,
owner,blagolyubov-sovinon-blan-beloe-suhoe-125.webp,236,1000,236,True,
owner,blagolyubov-stanichnoe-stanichnyy-beloe-suhoe-12.webp,240,1000,240,True,
owner,blan-de-blan.webp,402,546,402,True,
owner,blush-mirage-risling.webp,384,1600,384,True,
owner,blush-mirage-rkacziteli-shiraz.webp,384,1600,384,True,
owner,blush-mirage-sovinon-zelyonyj.webp,384,1600,384,True,
owner,bogovich-wine-vineyard-faina-sovinon-zelenyy-beloe-suhoe-113.webp,278,1000,278,True,
owner,bogovich-wine-vineyard-kaberne-fran-krasnoe-suhoe-135.webp,285,1000,285,True,
owner,bogovich-wine-vineyard-kaberne-sovinon-krasnoe-suhoe-125.webp,273,1000,273,True,
owner,bogovich-wine-vineyard-klaret-pino-nuar-krasnoe-suhoe-119.webp,2362,2362,2362,True,
owner,bogovich-wine-vineyard-klassika-pino-nuar-krasnoe-suhoe-125.webp,2362,2362,2362,True,
owner,bogovich-wine-vineyard-merlo-krasnoe-suhoe-14.webp,278,1000,278,True,
owner,bogovich-wine-vineyard-muskat-oranzh-muskat-belyy-beloe-suhoe-125.webp,264,1000,264,True,
owner,bogovich-wine-vineyard-pino-nuar-2-krasnoe-suhoe-12.webp,268,1000,268,True,
owner,bogovich-wine-vineyard-pino-nuar-krasnoe-suhoe-125.webp,278,1000,278,True,
owner,bogovich-wine-vineyard-rkatsiteli-oranzh-beloe-suhoe-125.webp,277,1000,277,True,
owner,bryut-beloe-zolotaya-balka.webp,3992,5976,3992,True,
owner,bryut-rozovoe-zolotaya-balka.webp,3992,5976,3992,True,
owner,bukovinka.webp,284,560,284,True,
owner,cabernet-franc-2024-one-barrel-by-dmitry-maslov-kaberne-fran-2024-uan-barrel-dmitrij-maslov.webp,1026,3715,1026,True,
owner,cabernet-franc-pinot-noir-2021.webp,668,1920,668,True,
owner,cabernet-franc-pinot-noir-2022.webp,668,1920,668,True,
owner,cantiani-aligote-riesling.webp,1386,3548,1386,True,
owner,cantiani-brut.webp,1747,4134,1747,True,
owner,cantiani-cabernet-sauvignon-merlot.webp,234,592,234,True,
owner,cantiani-cabernet-sauvignon-reserve-2024.webp,45,156,45,False,
owner,cantiani-cabernet-sauvignon.webp,61,156,61,False,
owner,cantiani-chardonnay.webp,444,1200,444,True,
owner,cantiani-merlot.webp,61,156,61,False,
owner,cantiani-riesling-1.webp,979,2421,979,True,
owner,cantiani-riesling-rkatsiteli.webp,1386,3543,1386,True,
owner,cantiani-riesling.webp,1386,3548,1386,True,
owner,cantiani-rkatsiteli-1.webp,984,2421,984,True,
owner,cantiani-rkatsiteli.webp,1386,3548,1386,True,
owner,cantiani-saperavi-merlot.webp,61,156,61,False,
owner,cantiani-semisweet.webp,444,1200,444,True,
owner,caperavi-avtorskoe-vino.webp,292,1000,292,True,
owner,cary-pandas-avtorskoe-vino.webp,293,1000,293,True,
owner,caucasian-dzharag.webp,381,1200,381,True,
owner,cellar-master-malvaziya-beloe-suhoe-13.webp,275,1000,275,True,
owner,cellar-master-sandzhoveze-krasnoe-suhoe-125.webp,232,1000,232,True,
owner,chateau-andre-aligote-beloe-suhoe-13.webp,287,1000,287,True,
owner,chateau-andre-gryuner-beloe-suhoe-13.webp,283,977,283,True,
owner,chateau-andre-kaberne-fran-krasnoe-suhoe-14.webp,283,1000,283,True,
owner,chateau-andre-kaberne-sovinon-krasnoe-suhoe-13.webp,283,1062,283,True,
owner,chateau-andre-mado-pino-nuar-rozovoe-suhoe-13.webp,304,1000,304,True,
owner,chateau-andre-merlo-krasnoe-suhoe-14.webp,273,1000,273,True,
owner,chateau-andre-pino-gri-beloe-suhoe-14.webp,283,987,283,True,
owner,chateau-andre-pino-nuar-krasnoe-suhoe-14.webp,272,1000,272,True,
owner,chateau-andre-pino-nuar-roze-rozovoe-suhoe-13.webp,283,957,283,True,
owner,chateau-andre-risling-beloe-suhoe-13.webp,291,1000,291,True,
owner,chateau-andre-shardone-beloe-suhoe-13.webp,287,1000,287,True,
owner,chateau-andre-sovinon-blan-beloe-suhoe-13.webp,283,985,283,True,
owner,chateau-andre-traminer-beloe-suhoe-135.webp,219,1000,219,True,
owner,chateau-andre-tsvaygelt-roze-rozovoe-suhoe-13.webp,283,956,283,True,
owner,chateau-andre-tsvaygelt-tsvaygelt-tamanskiy-rozovoe-suhoe-13.webp,296,1000,296,True,
owner,chateau-cachalot-muskat-blan-muskat-belyy-beloe-suhoe-117.webp,271,1000,271,True,
owner,chateau-cachalot-pino-nuar-krasnoe-suhoe-12.webp,273,1000,273,True,
owner,chateau-cachalot-risling-beloe-suhoe-115.webp,220,1000,220,True,
owner,chateau-cachalot-shenen-blan-beloe-suhoe-113.webp,279,1000,279,True,
owner,chateau-cachalot-sira-krasnoe-suhoe-12.webp,266,1000,266,True,
owner,chateau-cachalot-vione-beloe-suhoe-112.webp,272,1000,272,True,
owner,chateau-de-talu-blan-semilon-beloe-suhoe-127.webp,263,1000,263,True,
owner,chateau-de-talu-enolog-kaberne-sovinon-krasnoe-suhoe-15.webp,230,1000,230,True,
owner,chateau-de-talu-kaberne-fran-rezerv-krasnoe-suhoe-13.webp,252,1000,252,True,
owner,chateau-de-talu-kaberne-sovinon-rezerv-krasnoe-suhoe-14.webp,252,1000,252,True,
owner,chateau-de-talu-klere-sira-rozovoe-suhoe-136.webp,240,1000,240,True,
owner,chateau-de-talu-krasnostop-rezerv-krasnostop-anapskiy-krasnoe-suhoe-137.webp,252,1000,252,True,
owner,chateau-de-talu-kupazh-132-kaberne-sovinon-krasnoe-suhoe-146.webp,258,1000,258,True,
owner,chateau-de-talu-merlo-rezerv-krasnoe-suhoe-14.webp,252,1000,252,True,
owner,chateau-de-talu-merlot.webp,243,877,243,True,
owner,chateau-de-talu-muskat-beloe-suhoe-13.webp,239,1000,239,True,
owner,chateau-de-talu-roze-kaberne-sovinon-rozovoe-suhoe-14.webp,241,1000,241,True,
owner,chateau-de-talu-ruzh-kaberne-sovinon-krasnoe-suhoe-14.webp,266,1000,266,True,
owner,chateau-de-talu-shardone-rezerv-beloe-suhoe-13.webp,275,1000,275,True,
owner,chateau-de-talu-shiraz-rezerv-sira-krasnoe-suhoe-14.webp,252,1000,252,True,
owner,chateau-de-talu-uroki-frantsuzskogo-kaberne-fran-krasnoe-suhoe-14.webp,240,1000,240,True,
owner,chateau-de-talu-uroki-frantsuzskogo-kaberne-sovinon-krasnoe-suhoe-14.webp,240,1000,240,True,
owner,chateau-de-talu-uroki-frantsuzskogo-krasnostop-krasnostop-anapskiy-krasnoe-suhoe-145.webp,240,1000,240,True,
owner,chateau-de-talu-uroki-frantsuzskogo-merlo-krasnoe-suhoe-147.webp,240,1000,240,True,
owner,chateau-de-talu-uroki-frantsuzskogo-shardone-beloe-suhoe-124.webp,240,1000,240,True,
owner,chateau-de-talu-uroki-frantsuzskogo-sira-krasnoe-suhoe-13.webp,240,1000,240,True,
owner,chateau-de-talu-uroki-frantsuzskogo-sovinon-blan-beloe-suhoe-115.webp,2362,2362,2362,True,
owner,chateau-de-talu-yuzhnaya-vertikal-kaberne-fran-krasnoe-suhoe-142.webp,243,1000,243,True,
owner,chateau-de-talu-yuzhnaya-vertikal-kaberne-fran-premium-krasnoe-suhoe-143.webp,260,1000,260,True,
owner,chateau-de-talu-yuzhnaya-vertikal-kaberne-fran-rezerv-krasnoe-suhoe-146.webp,255,1000,255,True,
owner,chateau-le-grand-vostock-krasnostop-rezerv-krasnoe-suhoe-145.webp,1000,1000,1000,True,
owner,chateau-le-grand-vostock-kyuve-karsov-rezerv-shardone-beloe-suhoe-14.webp,2362,2362,2362,True,
owner,chateau-le-grand-vostock-pino-nuar-rezerv-krasnoe-suhoe-14.webp,1000,1000,1000,True,
owner,chateau-tamagne-eno-amber.webp,271,903,271,True,
owner,chateau-tamagne-eno-traminer-i-shardone.webp,283,940,283,True,
owner,chateau-tamagne-grand-dessert-muscat.webp,278,1200,278,True,
owner,chateau-tamagne-grand-dessert-nectar.webp,278,1200,278,True,
owner,chateau-tamagne-nature-orange.webp,824,3543,824,True,
owner,chateau-tamagne-nature-vert.webp,521,1544,521,True,
owner,chateau-tamagne-select-blanc-brut.webp,220,730,220,True,
owner,chateau-tamagne-select-blanc.webp,42,156,42,False,
owner,chateau-tamagne-signature-kaberne.webp,486,1772,486,True,
owner,chateau-tamagne-signature-saperavi.webp,469,1772,469,True,
owner,chateau-tamagne-signature-shardone.webp,528,1772,528,True,
owner,chenin-blanc-shenen-blan-oleg-repin.webp,1000,1000,1000,True,
owner,chernaya-lvicza-polusladkoe-krasnoe.webp,223,889,223,True,
owner,chteau-le-grand-vostock-aligote-aligote-beloe-suhoe-125.webp,686,1824,686,True,
owner,chteau-le-grand-vostock-aligote-reserve-aligote-beloe-suhoe-13.webp,686,1824,686,True,
owner,chteau-le-grand-vostock-cabernet-franc-reserve-kaberne-fran-krasnoe-suhoe-14.webp,686,1824,686,True,
owner,chteau-le-grand-vostock-cabernet-sauvignon-kaberne-sovinon-krasnoe-suhoe-14.webp,686,1824,686,True,
owner,chteau-le-grand-vostock-cabernet-sauvignon-reserve-kaberne-sovinon-krasnoe-suhoe-14.webp,686,1824,686,True,
owner,chteau-le-grand-vostock-cadet-karsov-shardone-beloe-suhoe-135.webp,686,1824,686,True,
owner,chteau-le-grand-vostock-chardonnay-reserve-shardone-beloe-suhoe-14.webp,686,1824,686,True,
owner,chteau-le-grand-vostock-chardonnay-shardone-beloe-suhoe-14.webp,686,1824,686,True,
owner,chteau-le-grand-vostock-cuvee-karsov-reserve-shardone-beloe-suhoe-14.webp,686,1824,686,True,
owner,chteau-le-grand-vostock-fagotine-pino-gri-beloe-polusladkoe-105.webp,686,1824,686,True,
owner,chteau-le-grand-vostock-fagotine-pino-gri-rozovoe-polusladkoe-11.webp,686,1824,686,True,
owner,chteau-le-grand-vostock-grand-karsov-shardone-beloe-suhoe-14.webp,686,1824,686,True,
owner,chteau-le-grand-vostock-krasnostop-reserve-krasnostop-krasnoe-suhoe-14.webp,686,1824,686,True,
owner,chteau-le-grand-vostock-le-chene-royal-reserve-merlo-krasnoe-suhoe-145.webp,686,1824,686,True,
owner,chteau-le-grand-vostock-merlot-merlo-krasnoe-suhoe-14.webp,686,1824,686,True,
owner,chteau-le-grand-vostock-merlot-reserve-merlo-krasnoe-suhoe-145.webp,686,1824,686,True,
owner,chteau-le-grand-vostock-pinot-gris-reserve-pino-gri-beloe-suhoe-135.webp,686,1824,686,True,
owner,chteau-le-grand-vostock-pinot-gris-rose-reserve-pino-gri-rozovoe-suhoe-14.webp,686,1824,686,True,
owner,chteau-le-grand-vostock-pinot-noir-reserve-pino-nuar-krasnoe-suhoe-135.webp,686,1824,686,True,
owner,chteau-le-grand-vostock-sauvignon-blanc-reserve-sovinon-blan-beloe-suhoe-14.webp,686,1824,686,True,
owner,chteau-le-grand-vostock-sauvignon-blanc-sovinon-blan-beloe-suhoe-14.webp,686,1824,686,True,
owner,chteau-le-grand-vostock-vostock-blanc-sovinon-blan-beloe-suhoe-135.webp,686,1824,686,True,
owner,cira-avtorskoe-vino.webp,292,1000,292,True,
owner,cloudy-winery-dubrovskiy-bordeaux-blend-kaberne-fran-krasnoe-suhoe-14.webp,588,2221,588,True,
owner,cloudy-winery-dubrovskiy-orange-rkatsiteli-beloe-suhoe-125.webp,588,2129,588,True,
owner,cloudy-winery-krash-cabernet-sauvignon-kaberne-sovinon-krasnoe-suhoe-14.webp,590,2129,590,True,
owner,cloudy-winery-krash-super-bryut-shardone-beloe-ekstra-bryut-85.webp,718,1959,718,True,
owner,cloudy-winery-plohaya-devochka-pryanyy-blend-byanka-beloe-suhoe-125.webp,522,2206,522,True,
owner,cloudy-winery-plohaya-devochka-pryanyy-traminer-traminer-beloe-suhoe-12.webp,341,1280,341,True,
owner,cloudy-winery-plohaya-devochka-sochnyy-pino-noir-pino-nuar-krasnoe-suhoe-12.webp,343,1280,343,True,
owner,cock-test-belle-kyuve-1-blanc-de-blancs-shardone-beloe-ekstra-bryut-12.webp,203,750,203,True,
owner,cock-test-belle-kyuve-2-blan-de-nuar-pino-mene-beloe-ekstra-bryut-12.webp,206,750,206,True,
owner,cock-test-belle-kyuve-5-roze-shardone-rozovoe-ekstra-bryut-12.webp,202,750,202,True,
owner,cosaque-krasnaya-gorka.webp,1106,1382,1106,True,
owner,cru-lermont-risling.webp,268,1200,268,True,
owner,cuvee-de-vitmer-brut.webp,3137,4694,3137,True,
owner,czimlyanskoe-beloe-bryut.webp,373,1200,373,True,
owner,czimlyanskoe-beloe-polusladkoe.webp,301,1098,301,True,
owner,czimlyanskoe-bianka.webp,322,1200,322,True,
owner,czimlyanskoe-risling.webp,325,1200,325,True,
owner,czitronnyj-magaracha-sovinon-blan.webp,314,1280,314,True,
owner,czitronnyj-magaracha.webp,291,556,291,True,
owner,dacha-serdyuka-kazache-krasnostop-zolotovskiy-krasnoe-suhoe-135.webp,208,1000,208,True,
owner,dacha-serdyuka-porechnoe-kaberne-sovinon-krasnoe-suhoe-13.webp,216,1000,216,True,
owner,dacha-serdyuka-saperavi-saperavi-severnyy-krasnoe-suhoe-14.webp,215,1000,215,True,
owner,dacha-serdyuka-sibirkovyy-beloe-suhoe-135.webp,252,1000,252,True,
owner,dacha-serdyuka-sibirkovyy-oranzh-beloe-suhoe-135.webp,254,1000,254,True,
owner,daniel-2021.webp,890,889,889,True,
owner,daniel-22.webp,274,996,274,True,
owner,david-2021.webp,266,911,266,True,
owner,david-2022.webp,1080,1079,1079,True,
owner,david.webp,264,909,264,True,
owner,denisov-winery-assamblyazh-rubin-golodrigi-rozovoe-suhoe-12.webp,235,1000,235,True,
owner,denisov-winery-petnat-risling-beloe-ekstra-bryut-10.webp,221,750,221,True,
owner,denisov-winery-petnat-rkatsiteli-beloe-ekstra-bryut-107.webp,222,750,222,True,
owner,denisov-winery-petnat-saperavi-severnyy-rozovoe-ekstra-bryut-105.webp,222,750,222,True,
owner,denisov-winery-petnat-tsitron-risling-tsitronnyy-magaracha-beloe-ekstra-bryut-102.webp,222,750,222,True,
owner,denisov-winery-pino-nuar-rozovoe-suhoe-125.webp,220,1000,220,True,
owner,denisov-winery-pino-nuar-shardone-ekstra-bryut-beloe-125.webp,238,750,238,True,
owner,denisov-winery-risling-beloe-suhoe-115.webp,265,1000,265,True,
owner,denisov-winery-rkatsiteli-beloe-suhoe-112.webp,222,1000,222,True,
owner,denisov-winery-sovinon-blan-beloe-suhoe-115.webp,261,1000,261,True,
owner,denisov-winery-tsitron-oranzh-tsitronnyy-magaracha-oranzhevoe-suhoe-105.webp,273,1000,273,True,
owner,denisov-winery-tsitron-tsitronnyy-magaracha-beloe-suhoe-112.webp,221,1000,221,True,
owner,denisov_barynya_kurmyshi.webp,1360,1964,1360,True,
owner,denisov_pazori_risling.webp,1322,3550,1322,True,
owner,denisov_pereplyas_kurmyshi.webp,1360,1977,1360,True,
owner,denisov_pet_nat_citron_rkaciteli.webp,1360,1975,1360,True,
owner,denisov_pet_nat_rubin.webp,1360,1936,1360,True,
owner,denisov_pino_noir_klaret.webp,1360,1995,1360,True,
owner,denisov_rubin_klaret_krasnaya_strelka.webp,1360,2027,1360,True,
owner,derbent-vino-desono-kaberne-fran-krasnoe-suhoe-125.webp,297,889,297,True,
owner,derbent-vino-desono-kaberne-sovinon-krasnoe-suhoe-125.webp,297,889,297,True,
owner,derbent-vino-desono-merlo-krasnoe-suhoe-125.webp,297,889,297,True,
owner,derbent-vino-desono-risling-beloe-suhoe-125.webp,297,889,297,True,
owner,derbent-vino-desono-risling-ekstra-bryut-beloe-105-125.webp,1712,3965,1712,True,
owner,derbent-vino-desono-rkatsiteli-oranzh-beloe-suhoe-125.webp,297,889,297,True,
owner,derbent-vino-desono-saperavi-krasnoe-suhoe-125.webp,297,889,297,True,
owner,derbent-vino-desono-saperavi-roze-rozovoe-suhoe-125.webp,297,889,297,True,
owner,derbent-vino-desono-shardone-beloe-suhoe-125.webp,297,889,297,True,
owner,derbent-vino-desono-sovinon-ekstra-bryut-sovinon-blan-beloe-105-125.webp,1644,3986,1644,True,
owner,derbent-vino-di-kaspiko-fiori-di-mare-verde-avgustin-rozovoe-polusuhoe-10.webp,1200,1200,1200,True,
owner,derbent-vino-di-kaspiko-kaberne-sovinon-krasnoe-suhoe-135.webp,1772,3543,1772,True,
owner,derbent-vino-di-kaspiko-merlo-krasnoe-polusladkoe-11.webp,1772,3543,1772,True,
owner,derbent-vino-di-kaspiko-merlo-krasnoe-suhoe-13.webp,1772,3543,1772,True,
owner,derbent-vino-di-kaspiko-risling-beloe-suhoe-12.webp,1772,3543,1772,True,
owner,derbent-vino-di-kaspiko-rkatsiteli-beloe-polusladkoe-11.webp,1772,3543,1772,True,
owner,derbent-vino-di-kaspiko-rkatsiteli-beloe-suhoe-12.webp,1772,3543,1772,True,
owner,derbent-vino-di-kaspiko-roze-shardone-rozovoe-suhoe-12.webp,1772,3543,1772,True,
owner,derbent-vino-di-kaspiko-saperavi-krasnoe-suhoe-13.webp,1772,3543,1772,True,
owner,derbent-vino-di-kaspiko-shardone-beloe-bryut-105-125.webp,2075,3696,2075,True,
owner,derbent-vino-di-kaspiko-shardone-beloe-polusladkoe-105-125.webp,247,889,247,True,
owner,derbent-vino-di-kaspiko-shardone-beloe-suhoe-125.webp,1772,3543,1772,True,
owner,derbent-vino-di-kaspiko-sovinon-sovinon-blan-beloe-suhoe-12.webp,445,889,445,True,
owner,derbent-vino-endemy-aligote-beloe-bryut-105-125.webp,409,766,409,True,
owner,derbent-vino-endemy-kaberne-fran-krasnoe-suhoe-13.webp,223,766,223,True,
owner,derbent-vino-endemy-kaberne-sovinon-krasnoe-suhoe-13.webp,381,889,381,True,
owner,derbent-vino-endemy-kaberne-sovinon-rozovoe-bryut-105-125.webp,223,766,223,True,
owner,derbent-vino-endemy-merlo-krasnoe-suhoe-13.webp,218,766,218,True,
owner,derbent-vino-endemy-pino-nuar-rozovoe-bryut-105-125.webp,426,766,426,True,
owner,derbent-vino-endemy-risling-beloe-bryut-105-125.webp,1200,1200,1200,True,
owner,derbent-vino-endemy-saperavi-krasnoe-suhoe-13.webp,218,766,218,True,
owner,derbent-vino-endemy-shardone-beloe-bryut-105-125.webp,1200,1200,1200,True,
owner,derbent-vino-endemy-shardone-beloe-suhoe-13.webp,1200,1200,1200,True,
owner,derbent-vino-endemy-sovinon-beloe-bryut-105-125.webp,1200,1200,1200,True,
owner,derbent-vino-graf-vorontsov-beloe-polusladkoe-sovinon-blan-105-125.webp,2480,4131,2480,True,
owner,derbent-vino-graf-vorontsov-bryut-beloe-sovinon-blan-105-125.webp,2480,4131,2480,True,
owner,derbent-vino-graf-vorontsov-bryut-rozovoe-pervenets-magaracha-105-125.webp,1802,3000,1802,True,
owner,derbent-vino-kavkazian-dzharauli-moldova-krasnoe-polusladkoe-11.webp,1318,4331,1318,True,
owner,derbent-vino-kavkazian-merlo-krasnoe-polusladkoe-105-125.webp,1095,3852,1095,True,
owner,derbent-vino-kavkazian-rkatsiteli-beloe-bryut-105-125.webp,253,889,253,True,
owner,derbent-vino-kavkazian-rkatsiteli-beloe-suhoe-12.webp,1315,4331,1315,True,
owner,derbent-vino-kavkazian-saperavi-krasnoe-suhoe-105-125.webp,1323,4331,1323,True,
owner,di-caspico-rozovoe-bryut.webp,735,1177,735,True,
owner,di-kaspiko-di-caspico-fiori-di-mare-verde.webp,960,1920,960,True,
owner,dnk-alleli.webp,1080,1080,1080,True,
owner,dnk-aura.webp,282,920,282,True,
owner,dnk-kaberne-sovinon.webp,290,953,290,True,
owner,dnk-pokolenie.webp,282,897,282,True,
owner,domaine-de-la-vivandiere-alkomishka-malbek-krasnoe-suhoe-123.webp,271,1000,271,True,
owner,domaine-de-la-vivandiere-krasnostop-roze-rozovoe-suhoe-134.webp,282,1000,282,True,
owner,domaine-de-la-vivandiere-malbec-vivandiere-roze-malbek-rozovoe-suhoe-125.webp,281,1000,281,True,
owner,domaine-de-la-vivandiere-pino-nuar-roze-rozovoe-suhoe-122.webp,308,1000,308,True,
owner,domaine-de-la-vivandiere-risling-beloe-suhoe-122.webp,226,1000,226,True,
owner,domaine-de-la-vivandiere-senso-roze-rozovoe-suhoe-126.webp,278,1000,278,True,
owner,domaine-de-la-vivandiere-sibirkovyy-fresh-beloe-suhoe-125.webp,220,1000,220,True,
owner,domaine-de-la-vivandiere-sibirkovyy-sur-lies-beloe-suhoe-121.webp,276,1000,276,True,
owner,domaine-de-la-vivandiere-tsimlyanskiy-chyornyy-ctes-du-don-tsimlyanskiy-chernyy-rozovoe-suhoe-134.webp,279,1000,279,True,
owner,domaine-de-la-vivandiere-vn-beloe-aligote-suhoe-131.webp,208,750,208,True,
owner,domaine-de-la-vivandiere-vn-krasnoe-pino-nuar-suhoe-12.webp,205,750,205,True,
owner,domaine-lipko-blaufrankisch-domaine-lipko-blaufrankish-krasnoe-suhoe-136.webp,280,1000,280,True,
owner,domaine-lipko-blaufrankish-krasnoe-suhoe-126.webp,203,1000,203,True,
owner,domaine-lipko-kaberne-sovinon-merlo-pomeste-trenzina-krasnoe-suhoe-15.webp,240,1000,240,True,
owner,domaine-lipko-muskat-pomeste-trenzina-muskat-belyy-beloe-suhoe-119.webp,268,1000,268,True,
owner,domaine-lipko-penpalo-cabernet-sauvignon-domaine-lipko-kaberne-sovinon-krasnoe-suhoe-14.webp,274,1000,274,True,
owner,domaine-lipko-penpalo-chardonnay-domaine-lipko-shardone-beloe-suhoe-122.webp,267,1000,267,True,
owner,domaine-lipko-penpalo-kaberne-sovinon-krasnoe-suhoe-14.webp,275,1000,275,True,
owner,domaine-lipko-petit-verdot-domaine-lipko-pti-verdo-krasnoe-suhoe-14.webp,278,1000,278,True,
owner,domaine-lipko-pino-nuar-krasnoe-suhoe-12.webp,2362,2362,2362,True,
owner,domaine-lipko-pinot-noir-domaine-lipko-pino-nuar-krasnoe-suhoe-133.webp,213,1000,213,True,
owner,domaine-lipko-pti-verdo-krasnoe-suhoe-14.webp,2362,2362,2362,True,
owner,domaine-lipko-riesling-m-domaine-lipko-risling-beloe-suhoe-102.webp,224,1000,224,True,
owner,domaine-lipko-risling-beloe-polusuhoe-124.webp,208,1000,208,True,
owner,domaine-lipko-roze-sira-rozovoe-suhoe-135.webp,271,1000,271,True,
owner,domaine-lipko-sauvignon-blanc-domaine-lipko-sovinon-blan-beloe-suhoe-118.webp,227,1000,227,True,
owner,domaine-lipko-sovinon-blan-beloe-suhoe-118.webp,2362,2362,2362,True,
owner,domaine-lipko-syrah-domaine-lipko-sira-krasnoe-suhoe-14.webp,288,1000,288,True,
owner,domaine-lipko-white-blend-lipko-muskat-belyy-beloe-polusuhoe-115.webp,215,1000,215,True,
owner,domaine-lipko-white-blend-muskat-beloe-polusuhoe-12.webp,215,1000,215,True,
owner,domaine-lipko-white-blend-tsitronnyy-magaracha-beloe-suhoe-115.webp,2362,2362,2362,True,
owner,donskoe-vinodelcheskoe-hozyaystvo-elbuzd-kaberne-fran-krasnoe-suhoe-13.webp,800,1200,800,True,
owner,donskoe-vinodelcheskoe-hozyaystvo-elbuzd-merlo-krasnoe-suhoe-13.webp,1300,1950,1300,True,
owner,donskoe-vinodelcheskoe-hozyaystvo-elbuzd-pino-nuar-krasnoe-suhoe-13.webp,1300,1950,1300,True,
owner,donskoe-vinodelcheskoe-hozyaystvo-elbuzd-risling-beloe-suhoe-12.webp,1300,1950,1300,True,
owner,donskoe-vinodelcheskoe-hozyaystvo-elbuzd-shardone-beloe-suhoe-13.webp,1300,1950,1300,True,
owner,donskoe-vinodelcheskoe-hozyaystvo-elbuzd-sovinon-blan-beloe-suhoe-12.webp,1300,1950,1300,True,
owner,dry-red-wine-56-rubinovyj-magaracha-oleg-repin.webp,221,750,221,True,
owner,dubinin-winery-merlo-roze-rozovoe-suhoe-125.webp,284,1000,284,True,
owner,dubinin-winery-pino-nuar-bryut-roze-rozovoe-ekstra-bryut-125.webp,242,750,242,True,
owner,dubinin-winery-risling-beloe-suhoe-12.webp,281,1000,281,True,
owner,dubinin-winery-roze-kaberne-fran-rozovoe-suhoe-13.webp,281,1000,281,True,
owner,dubinin-winery-saperavi-fresh-krasnoe-suhoe-135.webp,281,1000,281,True,
owner,dubinin-winery-sovinon-blan-beloe-suhoe-12.webp,281,1000,281,True,
owner,dva-brata-pet-nat-kokur-2024.webp,64,156,64,False,
owner,dva-serdtsa-arinarnoa-kaberne-sovinon-krasnoe-suhoe-135.webp,267,1000,267,True,
owner,dva-serdtsa-kaberne-fran-krasnoe-suhoe-14.webp,265,1000,265,True,
owner,dva-serdtsa-kokur-beloe-suhoe-125.webp,263,1000,263,True,
owner,dva-serdtsa-muskat-muskat-belyy-beloe-polusuhoe-12.webp,262,1000,262,True,
owner,dva-serdtsa-muskat-suhoy-muskat-belyy-beloe-suhoe-12.webp,265,1000,265,True,
owner,dva-serdtsa-rozovoe-kaberne-sovinon-suhoe-13.webp,200,750,200,True,
owner,dva-serdtsa-saperavi-krasnoe-suhoe-135.webp,263,1000,263,True,
owner,dva-serdtsa-vione-beloe-suhoe-125.webp,262,1000,262,True,
owner,eleonora.webp,274,920,274,True,
owner,endemy-saperavi.webp,1792,2400,1792,True,
owner,esse-blanc-de-noirs-pino-nuar-beloe-ekstra-bryut-115.webp,220,750,220,True,
owner,esse-brut-cuvee-prestige-shardone-beloe-ekstra-bryut-115.webp,215,750,215,True,
owner,esse-brut-zero-dosage-shardone-beloe-ekstra-bryut-12.webp,220,750,220,True,
owner,esse-brut-zero-dosage-shardone-beloe-ekstra-bryut-135.webp,1000,1000,1000,True,
owner,esse-chenin-blanc-shenen-blan-beloe-suhoe-12.webp,294,1000,294,True,
owner,esse-demi-sec-muscat-nectar-muskat-belyy-beloe-ekstra-bryut-115.webp,235,750,235,True,
owner,esse-dolinnoe-cabernet-franc-kaberne-fran-krasnoe-suhoe-13.webp,299,1000,299,True,
owner,esse-dolinnoe-chrdvnr-shardone-beloe-suhoe-13.webp,265,922,265,True,
owner,esse-esse-grand-cuvee-60-shardone-beloe-ekstra-bryut-115.webp,213,750,213,True,
owner,esse-esse-millesime-brut-zero-dosage-shardone-beloe-ekstra-bryut-115.webp,211,750,211,True,
owner,esse-esse-rose-zero-dosage-shardone-rozovoe-ekstra-bryut-115.webp,205,750,205,True,
owner,esse-esse-shardone-beloe-suhoe-125.webp,277,1000,277,True,
owner,esse-esse-sira-krasnoe-suhoe-12.webp,262,1000,262,True,
owner,esse-gevyurtstraminer-beloe-suhoe-12.webp,266,1000,266,True,
owner,esse-kaberne-fran-krasnoe-suhoe-13.webp,262,1000,262,True,
owner,esse-kaberne-otbornoe-kaberne-sovinon-krasnoe-suhoe-12.webp,271,1000,271,True,
owner,esse-kaberne-sovinon-krasnoe-suhoe-14.webp,262,1000,262,True,
owner,esse-mama-marselan-krasnoe-suhoe-115.webp,279,1000,279,True,
owner,esse-mama-marselan-krasnoe-suhoe-135.webp,2362,2362,2362,True,
owner,esse-merlo-krasnoe-suhoe-135.webp,264,1000,264,True,
owner,esse-merlo-otbornoe-krasnoe-suhoe-13.webp,268,1000,268,True,
owner,esse-muskat-belyy-beloe-suhoe-135.webp,2362,2362,2362,True,
owner,esse-muskat-muskat-belyy-beloe-ekstra-bryut-115.webp,235,750,235,True,
owner,esse-muskat-muskat-belyy-beloe-suhoe-115.webp,271,1000,271,True,
owner,esse-muskat-oranzh-muskat-belyy-beloe-suhoe-115.webp,274,1000,274,True,
owner,esse-nectar-muscat-muskat-belyy-beloe-polusuhoe-12.webp,1000,1000,1000,True,
owner,esse-odessa-black-odesskiy-chernyy-krasnoe-suhoe-12.webp,271,1000,271,True,
owner,esse-petit-verdot-pti-verdo-krasnoe-suhoe-13.webp,284,1000,284,True,
owner,esse-pino-gri-beloe-suhoe-12.webp,271,997,271,True,
owner,esse-pino-gri-beloe-suhoe-135.webp,2362,2362,2362,True,
owner,esse-pino-gri-blash-rozovoe-suhoe-125.webp,2362,2362,2362,True,
owner,esse-pino-gri-blush-rozovoe-suhoe-115.webp,275,1000,275,True,
owner,esse-pino-nuar-krasnoe-suhoe-115.webp,273,1000,273,True,
owner,esse-prirodno-polusladkoe-beloe-risling-125.webp,196,1000,196,False,
owner,esse-prirodno-polusladkoe-krasnoe-merlo-13.webp,196,1000,196,False,
owner,esse-ridicule-sira-krasnoe-suhoe-125.webp,273,1000,273,True,
owner,esse-risling-beloe-suhoe-115.webp,270,1000,270,True,
owner,esse-rkatsiteli-beloe-suhoe-125.webp,272,1000,272,True,
owner,esse-rkatsiteli-oranzh-beloe-suhoe-12.webp,273,1000,273,True,
owner,esse-rkatsiteli-syur-li-beloe-suhoe-125.webp,268,1000,268,True,
owner,esse-rose-cuvee-prestige-pino-nuar-rozovoe-bryut-115.webp,220,750,220,True,
owner,esse-rose-cuvee-prestige-pino-nuar-rozovoe-bryut-13.webp,1000,1000,1000,True,
owner,esse-rose-sira-rozovoe-suhoe-12.webp,299,1000,299,True,
owner,esse-roze-kaberne-sovinon-rozovoe-suhoe-135.webp,2362,2362,2362,True,
owner,esse-rubinovyy-rubinovyy-magaracha-krasnoe-suhoe-12.webp,261,1000,261,True,
owner,esse-sangiovese-sandzhoveze-krasnoe-suhoe-135.webp,297,1000,297,True,
owner,esse-saperavi-heaven-krasnoe-suhoe-13.webp,276,1000,276,True,
owner,esse-saperavi-krasnoe-suhoe-13.webp,258,1000,258,True,
owner,esse-shardone-otbornoe-beloe-suhoe-12.webp,270,1000,270,True,
owner,esse-shenen-blan-beloe-suhoe-13.webp,271,999,271,True,
owner,esse-sovinon-blan-beloe-suhoe-12.webp,270,1000,270,True,
owner,esse-sovinon-blan-fyume-beloe-suhoe-128.webp,265,989,265,True,
owner,esse-vione-beloe-suhoe-13.webp,272,1000,272,True,
owner,evolution-pinot-noir-bryut-beloe.webp,1152,4099,1152,True,
owner,evolution-pinot-noir-bryut-rozovoe.webp,1140,4099,1140,True,
owner,evolution-pinot-noir.webp,314,1080,314,True,
owner,evolution-reserve-pinot-noir.webp,281,1080,281,True,
owner,fanagoriya-100-ottenkov-krasnogo-kaberne-kaberne-sovinon-krasnoe-suhoe-135.webp,1950,7371,1950,True,
owner,fanagoriya-100-ottenkov-krasnogo-pino-nuar-krasnoe-suhoe-135.webp,1000,1000,1000,True,
owner,fanagoriya-100-ottenkov-krasnogo-saperavi-krasnoe-suhoe-14.webp,1950,7371,1950,True,
owner,fanagoriya-100-ottenkov-shardone-beloe-suhoe-14.webp,1950,7371,1950,True,
owner,fanagoriya-101-ottenok-krasnogo-kaberne-kaberne-sovinon-krasnoe-suhoe-14.webp,507,1920,507,True,
owner,fanagoriya-101-ottenok-krasnogo-pino-nuar-krasnoe-suhoe-135.webp,1926,6940,1926,True,
owner,fanagoriya-101-ottenok-krasnogo-saperavi-krasnoe-suhoe-14.webp,1087,4118,1087,True,
owner,fanagoriya-5-elements-bryut-beloe-pino-gri-igristoe-bryut-beloe-125.webp,2307,7166,2307,True,
owner,fanagoriya-5-elements-bryut-rozovoe-saperavi-igristoe-bryut-rozovoe-125.webp,2307,7166,2307,True,
owner,fanagoriya-alta-qortis-saperavi-krasnoe-suhoe-145.webp,978,3689,978,True,
owner,fanagoriya-alveus-ultra-cuvee-brut-shardone-beloe-bryut-12.webp,1153,3583,1153,True,
owner,fanagoriya-alveus-ultra-cuvee-bryut-rozovoe-merlo-igristoe-bryut-rozovoe-12.webp,1153,3583,1153,True,
owner,fanagoriya-alveus-ultra-cuvee-ekstra-bryut-beloe-risling-reynskiy-12.webp,1154,3583,1154,True,
owner,fanagoriya-alveus-ultra-cuvee-ekstra-bryut-rozovoe-merlo-12.webp,1153,3583,1153,True,
owner,fanagoriya-beloe-polusladkoe.webp,301,950,301,True,
owner,fanagoriya-blanc-de-blancs-shardone-beloe-bryut-12.webp,1000,1000,1000,True,
owner,fanagoriya-blanc-de-noir-mene-extra-brut-2019-pino-nuar-beloe-ekstra-bryut-12.webp,2307,7267,2307,True,
owner,fanagoriya-blanc-de-noirs-mene-pino-mene-beloe-ekstra-bryut-12.webp,1000,1000,1000,True,
owner,fanagoriya-brule-cabernet-franc-polusuhoe-rozovoe-kaberne-fran-12.webp,2307,7257,2307,True,
owner,fanagoriya-brule-cabernet-sauvignon-polusladkoe-krasnoe-kaberne-sovinon-125.webp,2307,7257,2307,True,
owner,fanagoriya-brule-cuve-brut-rozovoe-merlo-igristoe-bryut-rozovoe-12.webp,1154,3629,1154,True,
owner,fanagoriya-brule-frizzante-brut-beloe-pino-nuar-bryut-115.webp,1252,3268,1252,True,
owner,fanagoriya-brule-frizzante-brut-rozovoe-merlo-igristoe-bryut-rozovoe-115.webp,1252,3268,1252,True,
owner,fanagoriya-brule-frizzante-polusladkoe-beloe-pino-nuar-11.webp,1252,3268,1252,True,
owner,fanagoriya-brule-muscat-ottonel-brut-muskat-ottonel-beloe-polusladkoe-12.webp,501,1609,501,True,
owner,fanagoriya-brule-muscat-ottonel-polusladkoe-muskat-ottonel-beloe-115.webp,2307,7257,2307,True,
owner,fanagoriya-brule-saperavi-saperavi-igristoe-sladkoe-krasnoe-bryut-125.webp,2307,7257,2307,True,
owner,fanagoriya-brule-sauvignon-blanc-brut-sovinon-blan-beloe-bryut-12.webp,506,1573,506,True,
owner,fanagoriya-cru-lermont-cabernet-franc-kaberne-fran-krasnoe-suhoe-13.webp,936,3529,936,True,
owner,fanagoriya-cru-lermont-cabernet-sauvignon-kaberne-sovinon-krasnoe-suhoe-13.webp,977,3683,977,True,
owner,fanagoriya-cru-lermont-chardonnay-shardone-beloe-suhoe-14.webp,509,1920,509,True,
owner,fanagoriya-cru-lermont-merlo-merlo-krasnoe-suhoe-14.webp,936,3529,936,True,
owner,fanagoriya-cru-lermont-petit-verdot-pti-verdo-krasnoe-suhoe-13.webp,509,1920,509,True,
owner,fanagoriya-cru-lermont-pinot-noir-pino-nuar-krasnoe-suhoe-13.webp,509,1920,509,True,
owner,fanagoriya-cru-lermont-rubinovyy-magaracha-krasnoe-suhoe-13.webp,936,3529,936,True,
owner,fanagoriya-cru-lermont-saperavi-saperavi-krasnoe-suhoe-135.webp,509,1920,509,True,
owner,fanagoriya-dekanter-chardonnay-2020-shardone-beloe-suhoe-135.webp,1950,7354,1950,True,
owner,fanagoriya-dekanter-formula-q-kaberne-sovinon-krasnoe-suhoe-135.webp,1713,4253,1713,True,
owner,fanagoriya-dekanter-kaberne-fran-2019-krasnoe-suhoe-13.webp,1950,7353,1950,True,
owner,fanagoriya-dekanter-kaberne-sovinon-2018-krasnoe-suhoe-14.webp,1950,7353,1950,True,
owner,fanagoriya-dekanter-merlo-2018-krasnoe-suhoe-14.webp,1950,7353,1950,True,
owner,fanagoriya-dekanter-pino-nuar-2020-krasnoe-suhoe-135.webp,1950,7353,1950,True,
owner,fanagoriya-dekanter-riesling-2020-risling-reynskiy-beloe-suhoe-13.webp,1950,7354,1950,True,
owner,fanagoriya-dekanter-rkatsiteli-2019-beloe-suhoe-135.webp,1926,7025,1926,True,
owner,fanagoriya-dekanter-saperavi-2017-krasnoe-suhoe-135.webp,1950,7353,1950,True,
owner,fanagoriya-fanagoria-extra-brut-rose-2019-pino-nuar-igristoe-bryut-rozovoe-ekstra-bryut-12.webp,2307,7267,2307,True,
owner,fanagoriya-fanagoriya-blanc-de-blancs-beloe-iz-belogo-shardone-igristoe-bryut-beloe-11-13.webp,1155,3631,1155,True,
owner,fanagoriya-fanagoriya-blanc-de-noirs-beloe-iz-chyornogo-merlo-igristoe-bryut-beloe-11-13.webp,1155,3631,1155,True,
owner,fanagoriya-fanagoriya-bryut-beloe-sovinon-blan-igristoe-bryut-beloe-11-13.webp,1155,3631,1155,True,
owner,fanagoriya-fanagoriya-bryut-rozovoe-sovinon-blan-igristoe-bryut-rozovoe-11-13.webp,1155,3631,1155,True,
owner,fanagoriya-fanagoriya-hey-bey-shardone-beloe-suhoe-13.webp,406,1500,406,True,
owner,fanagoriya-fanagoriya-polusladkoe-rozovoe-sovinon-blan-krasnoe-11-13.webp,2307,7262,2307,True,
owner,fanagoriya-fanagoriya-rose-de-noirs-roze-de-nuar-merlo-igristoe-bryut-rozovoe-11-13.webp,1155,3631,1155,True,
owner,fanagoriya-fanagoriya-sakra-sennoy-krasnostop-krasnoe-suhoe-135.webp,398,1500,398,True,
owner,fanagoriya-formula-q-kaberne-sovinon-krasnoe-suhoe-135.webp,1000,1000,1000,True,
owner,fanagoriya-formula-q-saperavi-krasnoe-suhoe-135.webp,1950,7353,1950,True,
owner,fanagoriya-ice-wine-kaberne-kaberne-sovinon-krasnoe-sladkoe-11.webp,453,1500,453,True,
owner,fanagoriya-ice-wine-merlo-rozovoe-sladkoe-10.webp,1400,1400,1400,True,
owner,fanagoriya-ice-wine-risling-tihoe-beloe-sladkoe-10.webp,453,1500,453,True,
owner,fanagoriya-ice-wine-saperavi-tihoe-krasnoe-sladkoe-10.webp,453,1500,453,True,
owner,fanagoriya-ledyanoe-vino-muskat-muskat-ottonel-beloe-sladkoe-11.webp,2362,2362,2362,True,
owner,fanagoriya-ona-skazala-da-beloe-bryut.webp,386,1200,386,True,
owner,fanagoriya-ona-skazala-da-beloe-polusladkoe.webp,386,1200,386,True,
owner,fanagoriya-par-amour-pervenets-magaracha-beloe-polusladkoe-105-125.webp,436,1600,436,True,
owner,fanagoriya-par-amour-pervenets-magaracha-beloe-polusuhoe-105-125.webp,966,3543,966,True,
owner,fanagoriya-par-amour-pervenets-magaracha-rozovoe-polusuhoe-105-125.webp,966,3543,966,True,
owner,fanagoriya-par-amour-rubin-golodrigi-krasnoe-polusladkoe-105-125.webp,966,3543,966,True,
owner,fanagoriya-pelle-calda-saperavi-krasnoe-suhoe-155.webp,1926,7025,1926,True,
owner,fanagoriya-primum-alveus-blanc-de-blancs-2017-shardone-igristoe-bryut-beloe-12.webp,589,1855,589,True,
owner,fanagoriya-primum-alveus-blanc-de-blancs-ekstra-bryut-2019-shardone-beloe-11-13.webp,1153,3625,1153,True,
owner,fanagoriya-primum-alveus-blanc-de-noirs-meunier-ekstra-bryut-2019-mene-beloe-11-13.webp,626,1971,626,True,
owner,fanagoriya-primum-alveus-brut-2014-shardone-igristoe-bryut-beloe-12.webp,1153,3625,1153,True,
owner,fanagoriya-primum-alveus-brut-2016-shardone-igristoe-bryut-beloe-12.webp,600,1884,600,True,
owner,fanagoriya-primum-alveus-brut-2017-shardone-igristoe-bryut-beloe-12.webp,1153,3625,1153,True,
owner,fanagoriya-primum-alveus-brut-2021-shardone-beloe-bryut-11-13.webp,1153,3625,1153,True,
owner,fanagoriya-primum-alveus-bryut-2019-pino-nuar-igristoe-bryut-rozovoe-11-13.webp,611,1922,611,True,
owner,fanagoriya-primum-alveus-ekstra-bryut-2017-pino-nuar-beloe-11-13.webp,1153,3625,1153,True,
owner,fanagoriya-primum-alveus-extra-brut-2014-pino-nuar-beloe-bryut-12.webp,639,2009,639,True,
owner,fanagoriya-primum-alveus-extra-brut-2016-shardone-beloe-bryut-12.webp,611,1924,611,True,
owner,fanagoriya-primum-alveus-extra-brut-rose-2014-pino-nuar-rozovoe-bryut-12.webp,1153,3625,1153,True,
owner,fanagoriya-q-blanc-sovinon-blan-beloe-suhoe-14.webp,976,3678,976,True,
owner,fanagoriya-q-bordeaux-blend-kaberne-sovinon-krasnoe-suhoe-135.webp,1950,7353,1950,True,
owner,fanagoriya-rose-kaberne-fran-rozovoe-suhoe-13.webp,1155,3412,1155,True,
owner,fanagoriya-rose-kaberne-sovinon-rozovoe-polusuhoe-13.webp,1950,7343,1950,True,
owner,fanagoriya-rose-saperavi-rozovoe-polusuhoe-125.webp,1950,7343,1950,True,
owner,fanagoriya-rs-noir-saperavi-krasnoe-polusladkoe-125.webp,2312,6852,2312,True,
owner,fanagoriya-saqra-saperavi-krasnoe-suhoe-135.webp,1000,1000,1000,True,
owner,fanagoriya-solera-moscatel-oro-muskat-ottonel-beloe-suhoe-16.webp,1283,7917,1283,True,
owner,fanagoriya-solera-porto-negro-saperavi-krasnoe-suhoe-15.webp,311,1920,311,True,
owner,fanagoriya-solera-rkatsiteli-ambra-rkatsiteli-beloe-suhoe-15.webp,1284,7917,1284,True,
owner,fanagoriya-solera-saperavi-ruby-saperavi-krasnoe-suhoe-16.webp,311,1920,311,True,
owner,fanagoriya-sur-lie-chardonnay-shardone-beloe-suhoe-135.webp,1942,5733,1942,True,
owner,fanagoriya-sur-lie-clairet-saperavi-krasnoe-suhoe-13.webp,2312,6826,2312,True,
owner,fanagoriya-sur-lie-vi-vi-aligote-beloe-suhoe-125.webp,1942,5733,1942,True,
owner,fanagoriya-tochka-saperavi-krasnoe-suhoe-14.webp,3977,8347,3977,True,
owner,fanagoriya-velvet-season-muskat-ottonel-beloe-sladkoe-13.webp,420,1920,420,True,
owner,fanagoriya-velvet-season-risling-beloe-sladkoe-12.webp,420,1920,420,True,
owner,fanagoriya-zelyonoe-vino-risling-tsitronnyy-magaracha-beloe-polusuhoe-11.webp,1735,7350,1735,True,
owner,fanagoriya-zelyonoe-vino-risling-tsitronnyy-magaracha-merlo-rozovoe-polusuhoe-11.webp,1734,7350,1734,True,
owner,ferrum-winery-apollinary-merlo-krasnoe-suhoe-13.webp,261,1000,261,True,
owner,ferrum-winery-kaberne-fran-krasnoe-suhoe-12.webp,275,1000,275,True,
owner,ferrum-winery-merlot-merlo-krasnoe-suhoe-13.webp,253,1000,253,True,
owner,ferrum-winery-pinot-noir-pino-nuar-rozovoe-suhoe-13.webp,264,1000,264,True,
owner,ferrum-winery-riesling-risling-reynskiy-beloe-suhoe-11.webp,258,1000,258,True,
owner,ferrum-winery-sabernet-sauvignon-cabernet-franc-kaberne-sovinon-krasnoe-suhoe-12.webp,264,1000,264,True,
owner,ferrum-winery-sabernet-sauvignon-kaberne-sovinon-krasnoe-suhoe-14.webp,256,1000,256,True,
owner,ferrum-winery-saperavi-saperavi-krasnoe-suhoe-12.webp,266,1000,266,True,
owner,ferrum-winery-sovinon-blan-blush-beloe-suhoe-104.webp,267,1000,267,True,
owner,fioletovyj-rannij-petnat.webp,484,1280,484,True,
owner,fiori-di-mare-krasnoe-polusuhoe.webp,331,1200,331,True,
owner,gaj-kodzor-rusan.webp,330,1200,330,True,
owner,gaj-kodzor-sovinon-blan.webp,329,1200,329,True,
owner,gavras-areni-krasnoe-suhoe-13.webp,278,1000,278,True,
owner,gavras-chardonnay-shardone-beloe-suhoe-13.webp,272,1000,272,True,
owner,gavras-levokumskiy-krasnoe-suhoe-12.webp,277,1000,277,True,
owner,gavras-masour-murvedr-rozovoe-suhoe-12.webp,271,1000,271,True,
owner,gavras-sira-krasnoe-suhoe-135.webp,278,1000,278,True,
owner,glera-manno.webp,70,156,70,False,
owner,glu-glu-butch.webp,261,913,261,True,
owner,glu-glu-mr-mouse-2022.webp,890,889,889,True,
owner,glu-glu-samba.webp,272,903,272,True,
owner,golubitskoe-estate-chardonnay.webp,292,917,292,True,
owner,golubitskoe-estate-kaberne-sovinon-krasnoe-suhoe-137.webp,265,1000,265,True,
owner,golubitskoe-estate-kaberne-sovinon-noble-selection-krasnoe-suhoe-133.webp,264,1000,264,True,
owner,golubitskoe-estate-kaberne-sovinon-rezerv-krasnoe-suhoe-125.webp,265,1000,265,True,
owner,golubitskoe-estate-merlo-krasnoe-suhoe-135.webp,264,1000,264,True,
owner,golubitskoe-estate-merlo-rezerv-krasnoe-suhoe-135.webp,266,1000,266,True,
owner,golubitskoe-estate-noble-selection-red-blend-kaberne-sovinon-krasnoe-suhoe-136.webp,263,999,263,True,
owner,golubitskoe-estate-noble-selection-white-blend-shardone-beloe-suhoe-135.webp,264,1000,264,True,
owner,golubitskoe-estate-petnat-white-risling-reynskiy-beloe-suhoe-115.webp,254,750,254,True,
owner,golubitskoe-estate-pino-nuar-rezerv-krasnoe-suhoe-132.webp,276,1000,276,True,
owner,golubitskoe-estate-red-blend-kaberne-sovinon-krasnoe-suhoe-136.webp,265,1000,265,True,
owner,golubitskoe-estate-risling-beloe-suhoe-125.webp,214,1000,214,True,
owner,golubitskoe-estate-risling-oranzh-risling-reynskiy-oranzhevoe-suhoe-13.webp,215,1000,215,True,
owner,golubitskoe-estate-risling.webp,253,1168,253,True,
owner,golubitskoe-estate-shardone-noble-selection-barrel-touch-beloe-suhoe-135.webp,274,1000,274,True,
owner,golubitskoe-estate-shardone-rezerv-beloe-suhoe-135.webp,276,1000,276,True,
owner,golubitskoe-estate-sovinon-blan-beloe-suhoe-11.webp,274,997,274,True,
owner,golubitskoe-estate-tte-de-cheval-blanc-de-blancs-shardone-beloe-bryut-12.webp,263,750,263,True,
owner,golubitskoe-estate-tte-de-cheval-bryut-risling-beloe-12.webp,263,750,263,True,
owner,golubitskoe-estate-tte-de-cheval-reserve-risling-beloe-bryut-125.webp,266,750,266,True,
owner,golubitskoe-estate-tte-de-cheval-zero-dosage-ekstra-bryut-sovinon-blan-beloe-12.webp,264,750,264,True,
owner,golubitskoe-estate-tte-de-chevall-roze-pino-nuar-rozovoe-bryut-12.webp,263,750,263,True,
owner,golubitskoe-estate-winery-series-pino-nuar-rozovoe-suhoe-115.webp,268,1000,268,True,
owner,golubitskoe-estate-winery-series-risling-reynskiy-beloe-suhoe-125.webp,212,1000,212,True,
owner,golubitskoe-estate-winery-series-roze-blend-kaberne-sovinon-rozovoe-suhoe-117.webp,271,1000,271,True,
owner,golubitskoe-rose.webp,75,156,75,False,
owner,good-steak-cabernet.webp,318,1200,318,True,
owner,good-steak-merlot.webp,318,1200,318,True,
owner,grand-jete-blanc-de-blancs.webp,938,1251,938,True,
owner,grand-jete-blanc-de-noirs.webp,507,676,507,True,
owner,grand-jete-cuvee.webp,937,1250,937,True,
owner,grand-jete-rose.webp,943,1257,943,True,
owner,grand-kyuve.webp,370,546,370,True,
owner,green-cape-risling.webp,948,3992,948,True,
owner,green-cape-sovinon-blan.webp,228,772,228,True,
owner,gunko-winery-blanc-de-blancs-shardone-beloe-bryut-12.webp,239,750,239,True,
owner,gunko-winery-bryut-roze-pino-nuar-rozovoe-12.webp,239,750,239,True,
owner,gunko-winery-kaberne-fran-gunko-winery-krasnoe-suhoe-135.webp,257,1000,257,True,
owner,gunko-winery-krasnye-gliny-kaberne-fran-krasnoe-suhoe-14.webp,258,1000,258,True,
owner,gunko-winery-malbek-krasnoe-suhoe-14.webp,2362,2362,2362,True,
owner,gunko-winery-monumental-bryut-shardone-beloe-12.webp,238,750,238,True,
owner,gunko-winery-monumental-saperavi-krasnoe-suhoe-145.webp,251,1000,251,True,
owner,gunko-winery-risling-beloe-suhoe-135.webp,257,1000,257,True,
owner,gunko-winery-risling-rezerv-beloe-suhoe-135.webp,257,1000,257,True,
owner,gunko-winery-roze-kaberne-fran-rozovoe-suhoe-135.webp,233,1000,233,True,
owner,gunko-winery-saperavi-gunko-winery-krasnoe-suhoe-135.webp,257,1000,257,True,
owner,gunko-winery-sovinon-blan-gunko-winery-beloe-suhoe-135.webp,257,1000,257,True,
owner,igristoe-krasnoe-sladkoe-czimlyanskoe.webp,334,1200,334,True,
owner,igristoe-vino-bryut-beloe-di-caspico.webp,899,3246,899,True,
owner,igristoe-vino-bryut-beloe-di-kaspiko-blan-de-blan-di-caspico-blanc-de-blancs.webp,1701,3969,1701,True,
owner,igristoe-vino-bryut-rozovoe-di-kaspiko-blan-de-nuar-di-caspico-blanc-de-noirs.webp,1701,3969,1701,True,
owner,igristoe-vino-ekstra-bryut-beloe-di-caspico.webp,899,3246,899,True,
owner,igristoe-vino-endemy-bianka-bryut-beloe.webp,1701,3969,1701,True,
owner,igristoe-vino-endemy-pino-blan-bryut-beloe.webp,381,889,381,True,
owner,igristoe-zhemchuzhnoe-vino-polusladkoe-beloe-di-kaspiko-fiori-di-mare-di-caspico-fiori-di-mare.webp,1077,3904,1077,True,
owner,igristoe-zhemchuzhnoe-vino-polusladkoe-rozovoe-di-kaspiko-fiori-di-mare-di-caspico-fiori-di-mare.webp,221,771,221,True,
owner,imenie-sikory-gerts-kaberne-sovinon-krasnoe-suhoe-14.webp,1000,1000,1000,True,
owner,imenie-sikory-gerts-sikory-kaberne-sovinon-krasnoe-suhoe-14.webp,1370,4255,1370,True,
owner,imenie-sikory-kaberne-fran-roze-rozovoe-suhoe-13.webp,2362,2362,2362,True,
owner,imenie-sikory-kaberne-fran-sikory-rozovoe-suhoe-13.webp,1361,4307,1361,True,
owner,imenie-sikory-kaberne-sovinon-semeynyy-rezerv-krasnoe-suhoe-14.webp,1000,1000,1000,True,
owner,imenie-sikory-krasnostop-zolotovskiy-na-terrasah-krasnoe-suhoe-14.webp,1483,4287,1483,True,
owner,imenie-sikory-krasnostop-zolotovskiy-na-terrasah-rozovoe-suhoe-13.webp,1377,4334,1377,True,
owner,imenie-sikory-krasnostop-zolotovskiy-pozdniy-sbor-rozovoe-sladkoe-13.webp,1376,4334,1376,True,
owner,imenie-sikory-merlo-semeynyy-rezerv-krasnoe-suhoe-14.webp,1000,1000,1000,True,
owner,imenie-sikory-merlo-sikory-krasnoe-suhoe-13.webp,1502,4335,1502,True,
owner,imenie-sikory-pino-nuar-semeynyy-rezerv-krasnoe-suhoe-14.webp,1445,4255,1445,True,
owner,imenie-sikory-pino-nuar-sikory-krasnoe-suhoe-14.webp,2362,2362,2362,True,
owner,imenie-sikory-risling-pozdniy-sbor-beloe-sladkoe-13.webp,1177,4219,1177,True,
owner,imenie-sikory-risling-semeynyy-rezerv-beloe-suhoe-13.webp,1210,4593,1210,True,
owner,imenie-sikory-risling-semeynyy-rezerv-risling-reynskiy-beloe-suhoe-13.webp,1000,1000,1000,True,
owner,imenie-sikory-risling-sikory-beloe-suhoe-13.webp,1168,4474,1168,True,
owner,imenie-sikory-semeynoe-nasledie-kaberne-sovinon-krasnoe-suhoe-14.webp,1000,1000,1000,True,
owner,imenie-sikory-shardone-semeynyy-rezerv-beloe-suhoe-13.webp,1407,4249,1407,True,
owner,imenie-sikory-shardone-sikory-beloe-suhoe-13.webp,2362,2362,2362,True,
owner,imenie-sikory-sovinon-blan-semeynyy-rezerv-beloe-suhoe-13.webp,1394,4154,1394,True,
owner,imenie-sikory-sovinon-blan-sikory-beloe-suhoe-13.webp,2362,2362,2362,True,
owner,inkerman-muskatnoe-beloe.webp,176,614,176,False,
owner,inkerman-shato-blan.webp,183,620,183,False,
owner,inkerman-shato-ruzh.webp,171,608,171,False,
owner,inkermanskiy-zmv-inkerman-bryut-rkatsiteli-beloe-12.webp,476,1500,476,True,
owner,inkermanskiy-zmv-inkerman-bryut-shardone-beloe-135.webp,1000,1000,1000,True,
owner,inkermanskiy-zmv-inkerman-muskat-polusladkoe-beloe-13.webp,475,1500,475,True,
owner,inkermanskiy-zmv-inkerman-pino-blan-zero-dozazh-beloe-ekstra-bryut-12.webp,456,1500,456,True,
owner,inkermanskiy-zmv-inkerman-polusladkoe-rkatsiteli-beloe-13.webp,466,1500,466,True,
owner,inkermanskiy-zmv-inkerman-polusladkoe-roze-aligote-rozovoe-135.webp,1000,1000,1000,True,
owner,inkermanskiy-zmv-inkerman-roze-zero-dozazh-kokur-rozovoe-ekstra-bryut-12.webp,449,1500,449,True,
owner,inkermanskiy-zmv-inkerman-rozovoe-polusladkoe-rkatsiteli-12.webp,446,1500,446,True,
owner,inkermanskiy-zmv-kokur-belyy-ekstra-bryut-beloe-135.webp,1000,1000,1000,True,
owner,inkermanskiy-zmv-special-reserve-rkatsiteli-beloe-suhoe-13.webp,1000,1000,1000,True,
owner,inkermanskiy-zmv-winemakers-selection-saperavi-krasnoe-polusladkoe-12.webp,1000,1000,1000,True,
owner,ivan-ksenia-kruz-argonne-chardonay-shardone-beloe-suhoe-127.webp,290,1000,290,True,
owner,ivan-ksenia-kruz-argonne-pinot-noir-pino-nuar-rozovoe-suhoe-122.webp,290,1000,290,True,
owner,ivan-ksenia-kruz-argonne-riesling-risling-beloe-suhoe-119.webp,290,1000,290,True,
owner,ivan-ksenia-kruz-argonne-sauvignon-blanc-sovinon-blan-beloe-suhoe-115.webp,290,1000,290,True,
owner,ivan-ksenia-kruz-argonne-syrah-sira-krasnoe-suhoe-124.webp,290,1000,290,True,
owner,jd_winery_kaberne_souvignon.webp,1080,1920,1080,True,
owner,jd_winery_muskat_ottonel.webp,864,1748,864,True,
owner,jd_winery_risling.webp,295,1200,295,True,
owner,jd_winery_risling_orange.webp,488,1920,488,True,
owner,jd_winery_shardone.webp,1080,1920,1080,True,
owner,kaberne-avtorskoe-vino.webp,342,1280,342,True,
owner,kaberne-fran.webp,223,604,223,True,
owner,kaberne-sovinon-1.webp,1058,1324,1058,True,
owner,kaberne-sovinon-2.webp,278,564,278,True,
owner,kaberne-sovinon-appasimento.webp,1115,1393,1115,True,
owner,kaberne-sovinon.webp,296,1000,296,True,
owner,kaffa-joy-malbec-glu-glu.webp,640,1280,640,True,
owner,kaffa-joy-malvasia.webp,640,1280,640,True,
owner,kaffa-joy-merlot-malbec.webp,640,1280,640,True,
owner,kaffa-joy-rkatsiteli.webp,640,1280,640,True,
owner,karbon-glyu-2024.webp,64,156,64,False,
owner,katharon-brut.webp,632,894,632,True,
owner,katharon-katharon-brut-blanc-de-blan.webp,1357,1920,1357,True,
owner,katharon-katharon-kaberne-fran.webp,2480,3508,2480,True,
owner,katharon-katharon-merlo.webp,2480,3508,2480,True,
owner,katharon-katharon-risling-suhoe.webp,2480,3508,2480,True,
owner,katharon-katharon-shardone.webp,2480,3508,2480,True,
owner,katharon-katharon-sovinon-blan.webp,2480,3508,2480,True,
owner,katharon-mezenka-kaberne-fran-merlo.webp,2480,3508,2480,True,
owner,katharon-mezenka-kaberne-fran.webp,2480,3508,2480,True,
owner,katharon-mezenka-merlo.webp,2480,3508,2480,True,
owner,katharon-mezenka-risling-polusuhoe.webp,2480,3508,2480,True,
owner,katharon-mezenka-risling-suhoe.webp,2480,3508,2480,True,
owner,katharon-mezenka-sira.webp,2480,3508,2480,True,
owner,katharon-mezenka-sovinon-blan.webp,2480,3508,2480,True,
owner,katharon-semi-sweet.webp,632,894,632,True,
owner,kd-kokur.webp,81,156,81,False,
owner,khrustaleva-76-merlot-polusuhoe-rozovoe.webp,1456,3929,1456,True,
owner,khrustaleva-76-muscat-bryut-beloe.webp,1491,3944,1491,True,
owner,khrustaleva-76-muscat-polusladkoe-beloe.webp,1494,3901,1494,True,
owner,koktebel-casa-belyj-kupazh.webp,309,1200,309,True,
owner,kokur-2025.webp,61,156,61,False,
owner,kokur-avtorskoe.webp,280,1000,280,True,
owner,kokur-premium.webp,301,1000,301,True,
owner,kokur-suhoe.webp,321,1200,321,True,
owner,koldun-beloe-suhoe.webp,324,1200,324,True,
owner,krasnostop-shato-taman.webp,1212,3390,1212,True,
owner,krasnostop-zolotovskij.webp,1058,1323,1058,True,
owner,kuban-vino-aristov-8-byanko-07-shardone-beloe-suhoe-8.webp,170,730,170,False,
owner,kuban-vino-aristov-8-byanko-shardone-beloe-suhoe-8.webp,271,1162,271,True,
owner,kuban-vino-aristov-8-roze-07-merlo-rozovoe-suhoe-8.webp,169,730,169,False,
owner,kuban-vino-aristov-8-roze-merlo-rozovoe-suhoe-8.webp,274,1160,274,True,
owner,kuban-vino-aristov-amata-byanko-shardone-beloe-suhoe-125.webp,396,1400,396,True,
owner,kuban-vino-aristov-amata-rosso-kaberne-sovinon-krasnoe-suhoe-145.webp,403,1400,403,True,
owner,kuban-vino-aristov-amata-roze-kaberne-sovinon-rozovoe-suhoe-13.webp,385,1400,385,True,
owner,kuban-vino-aristov-anima-michela-2023-sandzhoveze-krasnoe-suhoe-115.webp,340,1172,340,True,
owner,kuban-vino-aristov-anima-pino-gridzhio-beloe-suhoe-12.webp,333,1164,333,True,
owner,kuban-vino-aristov-anima-pino-gridzhio-blash-rozovoe-suhoe-125.webp,335,1161,335,True,
owner,kuban-vino-aristov-anima-pino-nero-sandzhoveze-pino-nuar-krasnoe-suhoe-125.webp,337,1161,337,True,
owner,kuban-vino-aristov-byanko-polusladkoe-shardone-beloe-13.webp,386,1400,386,True,
owner,kuban-vino-aristov-byanko-shardone-beloe-suhoe-13.webp,313,1182,313,True,
owner,kuban-vino-aristov-kaberne-sovinon-krasnoe-suhoe-13.webp,176,733,176,False,
owner,kuban-vino-aristov-kaberne-sovinon-roze-2020-rozovoe-suhoe-12.webp,188,733,188,False,
owner,kuban-vino-aristov-kaberne-sovinon-roze-rozovoe-suhoe-12.webp,188,733,188,False,
owner,kuban-vino-aristov-kyuve-aleksandr-blanc-de-blancs-36-shardone-beloe-ekstra-bryut-12.webp,1000,1000,1000,True,
owner,kuban-vino-aristov-kyuve-aleksandr-millezimato-shardone-beloe-ekstra-bryut-12.webp,1000,1000,1000,True,
owner,kuban-vino-aristov-kyuve-aleksandr-rose-de-pinot-pino-nuar-rozovoe-ekstra-bryut-12.webp,1000,1000,1000,True,
owner,kuban-vino-aristov-risling-beloe-suhoe-115.webp,171,733,171,False,
owner,kuban-vino-aristov-rosso-polusladkoe-saperavi-krasnoe-13.webp,381,1400,381,True,
owner,kuban-vino-aristov-sandzhoveze-krasnoe-suhoe-13.webp,313,1168,313,True,
owner,kuban-vino-aristov-shardone-318-beloe-suhoe-115.webp,373,1400,373,True,
owner,kuban-vino-aristov-tsvaygelt-320-rozovoe-suhoe-125.webp,383,1400,383,True,
owner,kuban-vino-aristov-verde-muskat-beloe-polusuhoe-11.webp,172,733,172,False,
owner,kuban-vino-flyor-dyu-syud-blan-de-tamane-tsvetochnyy-beloe-suhoe-115.webp,272,998,272,True,
owner,kuban-vino-flyor-dyu-syud-roze-de-tamane-traminer-rozovyy-rozovoe-suhoe-125.webp,194,713,194,False,
owner,kuban-vino-flyor-dyu-syud-ruzh-de-tamane-rubin-golodrigi-krasnoe-suhoe-12.webp,193,709,193,False,
owner,kuban-vino-kaberne-de-tamane-kaberne-sovinon-krasnoe-suhoe-125.webp,197,750,197,False,
owner,kuban-vino-krasnostop-de-tamane-krasnostop-anapskiy-krasnoe-suhoe-13.webp,189,730,189,False,
owner,kuban-vino-saperavi-de-tamane-krasnoe-suhoe-125.webp,185,750,185,False,
owner,kuban-vino-shato-tamane-aligote-beloe-suhoe-13.webp,193,730,193,False,
owner,kuban-vino-shato-tamane-delikeyt-roze-2024-bianka-rozovoe-suhoe-95.webp,175,750,175,False,
owner,kuban-vino-shato-tamane-rezerv-kaberne-limited-edishn-2015-kaberne-sovinon-krasnoe-suhoe-13.webp,196,750,196,False,
owner,kuban-vino-shato-tamane-rezerv-kaberne-limited-edishn-2022-kaberne-sovinon-krasnoe-suhoe-14.webp,161,589,161,False,
owner,kuban-vino-shato-tamane-rezerv-kollekshn-saperavi-2015-krasnoe-suhoe-13.webp,140,532,140,False,
owner,kuban-vino-shato-tamane-rezerv-kollekshn-shardone-beloe-suhoe-125.webp,280,1042,280,True,
owner,kuban-vino-shato-tamane-rezerv-krasnostop-krasnostop-anapskiy-krasnoe-suhoe-135.webp,195,730,195,False,
owner,kuban-vino-shato-tamane-rezerv-merlo-limited-edishn-2018-krasnoe-suhoe-125.webp,198,750,198,False,
owner,kuban-vino-shato-tamane-rezerv-myuller-turgau-limited-edishn-2021-beloe-suhoe-12.webp,205,750,205,True,
owner,kuban-vino-shato-tamane-rezerv-myuller-turgau-limited-edishn-beloe-suhoe-13.webp,205,750,205,True,
owner,kuban-vino-shato-tamane-rezerv-premer-ruzh-kaberne-sovinon-krasnoe-suhoe-13.webp,195,730,195,False,
owner,kuban-vino-shato-tamane-rezerv-red-blend-kaberne-sovinon-krasnoe-suhoe-125.webp,198,750,198,False,
owner,kuban-vino-shato-tamane-rkatsiteli-myuller-turgau-shardone-2025-beloe-suhoe-12.webp,195,740,195,False,
owner,kuban-vino-shato-tamane-ruzh-2023-tsvaygelt-krasnoe-suhoe-12.webp,196,750,196,False,
owner,kuban-vino-shato-tamane-selekt-oranzh-tsitronnyy-magaracha-oranzhevoe-suhoe-135.webp,202,750,202,True,
owner,kuban-vino-shato-tamane-selekt-ruzh-saperavi-krasnoe-suhoe-125.webp,197,730,197,False,
owner,kuban-vino-shato-tamane-shardone-beloe-suhoe-12.webp,190,730,190,False,
owner,kuban-vino-shato-tamane-terruar-krasnostop-saperavi-2022-krasnoe-suhoe-125.webp,201,750,201,True,
owner,kuban-vino-shato-tamane-terruar-krasnostop-saperavi-2023-krasnoe-suhoe-125.webp,201,750,201,True,
owner,kuban-vino-vysokiy-bereg-grafit-roze-kaberne-sovinon-rozovoe-suhoe-12.webp,384,1500,384,True,
owner,kuban-vino-vysokiy-bereg-merlo-krasnoe-suhoe-135.webp,186,700,186,False,
owner,kuban-vino-vysokiy-bereg-myuller-turgau-beloe-suhoe-13.webp,197,730,197,False,
owner,kyuve-czimlyanskij-chernyj-i-krasnostop-zolotoj.webp,382,1200,382,True,
owner,le-general-hiver.webp,1058,1323,1058,True,
owner,le-k2-kamenolomnya-sira-krasnoe-suhoe-145.webp,852,1278,852,True,
owner,le-k2-pino-nuar-pi-krasnoe-suhoe-133.webp,180,656,180,False,
owner,le-k2-temnaya-roza-sira-rozovoe-suhoe-13.webp,262,919,262,True,
owner,le-k2-v-glubine-shardone-beloe-suhoe-13.webp,2362,2362,2362,True,
owner,le-k2-v-tumane-sovinon-blan-beloe-suhoe-127.webp,331,672,331,True,
owner,le-k2-v-tumane-sovinon-blan-beloe-suhoe-13.webp,2362,2362,2362,True,
owner,le-k2-vassal-risling-beloe-suhoe-14.webp,410,1108,410,True,
owner,le-k2-vassal-risling-reynskiy-beloe-suhoe-14.webp,2362,2362,2362,True,
owner,lebedushka.webp,97,156,97,False,
owner,lefkadiya-beloe.webp,298,1080,298,True,
owner,lefkadiya-krasnoe.webp,294,1080,294,True,
owner,legato-legato-kaberne-fran-krasnoe-suhoe-14.webp,253,1000,253,True,
owner,legato-legato-merlo-krasnoe-suhoe-135.webp,253,1000,253,True,
owner,legato-legato-pino-nuar-krasnoe-suhoe-135.webp,253,1000,253,True,
owner,legato-legato-saperavi-krasnoe-suhoe-14.webp,254,1000,254,True,
owner,legato-legato-shardone-beloe-suhoe-135.webp,270,1000,270,True,
owner,legato-legato-sovinon-blan-beloe-suhoe-125.webp,271,1000,271,True,
owner,legato-legato-sovinon-blan-mtsvane-beloe-suhoe-125.webp,271,1000,271,True,
owner,lesnaya-proseka.webp,259,400,259,True,
owner,leto-kaberne-fran-2021-suhoe-krasnoe.webp,1918,2558,1918,True,
owner,leto-kaberne-fran-2024-polusladkoe-krasnoe.webp,780,2812,780,True,
owner,leto-kaberne-fran-rezerv-2020-suhoe-krasnoe.webp,1200,1200,1200,True,
owner,leto-kaberne-fran-rezerv-2021-suhoe-krasnoe.webp,1918,2558,1918,True,
owner,leto-kaberne-sovinon-2023-polusuhoe-krasnoe.webp,1918,2558,1918,True,
owner,leto-kollekcziya-leta-2020-suhoe-beloe-1.webp,1918,2558,1918,True,
owner,leto-kollekcziya-leta-2020-suhoe-beloe.webp,1200,1200,1200,True,
owner,leto-kollekcziya-leta-kupazh-2021-suhoe-beloe.webp,1918,2558,1918,True,
owner,leto-kollekcziya-leta-kupazh-2023-suhoe-krasnoe.webp,1918,2558,1918,True,
owner,leto-kollekcziya-vinodela-2020-suhoe-krasnoe.webp,1200,1200,1200,True,
owner,leto-muskat-oranzh-2024-suhoe-vino.webp,793,2610,793,True,
owner,leto-risling-2020.webp,1200,1200,1200,True,
owner,leto-risling-2024-polusuhoe-vino.webp,774,2830,774,True,
owner,leto-risling-2024.webp,798,2800,798,True,
owner,leto-shardone-2023-suhoe-beloe.webp,1918,2558,1918,True,
owner,leto-vecrfn-2024-suhoe-vino.webp,1918,2558,1918,True,
owner,levokumskoe-beloe-rkatsiteli-suhoe-10.webp,257,1000,257,True,
owner,levokumskoe-rkatsiteli-beloe-suhoe-10.webp,252,1000,252,True,
owner,levokumskoe-sovinon-blan-beloe-suhoe-10.webp,259,1000,259,True,
owner,locantita-more.webp,360,537,360,True,
owner,locantita-sauvignon-blanc-chardonnay.webp,55,156,55,False,
owner,loco-cimbali-blanc-de-neige-shardone-beloe-suhoe-131.webp,336,1000,336,True,
owner,loco-cimbali-kaberne-sovinon-krasnoe-suhoe-146.webp,335,1000,335,True,
owner,loco-cimbali-kuprin-bastardo-magarachskiy-krasnoe-suhoe-138.webp,339,1000,339,True,
owner,loco-cimbali-loco-cimbali-pinot-meunier-mene-krasnoe-suhoe-125.webp,511,1500,511,True,
owner,loco-cimbali-loco-cimbali-red-kaberne-sovinon-krasnoe-suhoe-135.webp,506,1500,506,True,
owner,loco-cimbali-merlo-krasnoe-suhoe-138.webp,334,1000,334,True,
owner,loco-cimbali-oranzh-muskat-belyy-beloe-suhoe-129.webp,2362,2362,2362,True,
owner,loco-cimbali-oranzh-muskat-oranzhevoe-suhoe-127.webp,273,1000,273,True,
owner,loco-cimbali-pino-blan-beloe-suhoe-13.webp,275,1000,275,True,
owner,loco-cimbali-pino-mene-krasnoe-suhoe-115.webp,273,1000,273,True,
owner,loco-cimbali-pino-nuar-krasnoe-suhoe-126.webp,336,1000,336,True,
owner,loco-cimbali-risling-beloe-suhoe-125.webp,221,1000,221,True,
owner,loco-cimbali-risling-risling-reynskiy-beloe-suhoe-13.webp,2362,2362,2362,True,
owner,loco-cimbali-rkatsiteli-oranzhevoe-suhoe-13.webp,339,1000,339,True,
owner,loco-cimbali-shardone-beloe-suhoe-127.webp,337,1000,337,True,
owner,loco-cimbali-vione-beloe-suhoe-14.webp,273,1000,273,True,
owner,lorio-bryut-belyj.webp,524,1280,524,True,
owner,lorio-bryut-rozovoe-igristoe.webp,526,1280,526,True,
owner,lorio-kaberne-sovinon-i-pino-nuar.webp,933,1920,933,True,
owner,lorio-kaberne-sovinon.webp,1377,2835,1377,True,
owner,lorio-pino-nuar.webp,1280,853,853,True,
owner,lorio-rozovoe.webp,268,894,268,True,
owner,lorio-shardone.webp,432,889,432,True,
owner,lorio-sovinon-blan-2024.webp,432,889,432,True,
owner,lorio-sovinon-blan-2025.webp,385,1280,385,True,
owner,lorio-sovinon-blan-i-shardone-1.webp,933,1920,933,True,
owner,madera-krymskaya.webp,321,1200,321,True,
owner,magnatum-blanc-de-blancs.webp,1224,1514,1224,True,
owner,magnatum-cuvee-m-blanc-de-blancs.webp,214,604,214,True,
owner,magnatum-rose.webp,239,604,239,True,
owner,makitra-selection.webp,331,1200,331,True,
owner,mancopia-kaberne-sovinon.webp,700,1200,700,True,
owner,mancopia-meritazh.webp,700,1200,700,True,
owner,mancopia-risling.webp,700,1200,700,True,
owner,mancopia-saperavi.webp,700,1200,700,True,
owner,mancopia-sira.webp,700,1200,700,True,
owner,mantra-blanc-de-blancs.webp,245,604,245,True,
owner,mantra-estate-chardonnay-shardone-beloe-suhoe-135.webp,282,1000,282,True,
owner,mantra-estate-sauvignon-blanc-sovinon-blan-beloe-suhoe-133.webp,280,1000,280,True,
owner,mantra-estate-sira-roze-rozovoe-suhoe-12.webp,280,1000,280,True,
owner,margarita.webp,298,1036,298,True,
owner,marquetry-cabernet-franc.webp,568,1920,568,True,
owner,marquetry-syrah-merlot-cabernet-franc.webp,571,1920,571,True,
owner,marquetry-syrah.webp,568,1920,568,True,
owner,massandra-avtorskoe-murvedr-krasnoe-suhoe-14.webp,474,1500,474,True,
owner,massandra-bastardo-bastardo-magarachskiy-krasnoe-sladkoe-16.webp,178,700,178,False,
owner,massandra-heres.webp,1400,1400,1400,True,
owner,massandra-kagor-gurzuf-saperavi-krasnoe-sladkoe-16.webp,344,1500,344,True,
owner,massandra-kagor-yuzhnoberezhnyy-saperavi-krasnoe-sladkoe-16.webp,175,700,175,False,
owner,massandra-kokur-desertnyy-surozh-beloe-sladkoe-16.webp,177,700,177,False,
owner,massandra-kokur.webp,321,1200,321,True,
owner,massandra-lakrima-kristi-aleatiko-krasnoe-sladkoe-16.webp,173,700,173,False,
owner,massandra-massandra-heres-oreadna-aligote-beloe-suhoe-16.webp,168,700,168,False,
owner,massandra-muskat-belyy-krasnogo-kamnya-beloe-sladkoe-13.webp,145,625,145,False,
owner,massandra-muskat-belyy-pozdnego-sbora-beloe-sladkoe-10.webp,118,700,118,False,
owner,massandra-muskat-belyy-yuzhnoberezhnyy-beloe-sladkoe-16.webp,1000,1000,1000,True,
owner,massandra-muskat-pozdnego-sbora-muskat-belyy-beloe-sladkoe-16.webp,2362,2362,2362,True,
owner,massandra-muskat-rozovyy-pozdnego-sbora-rozovoe-sladkoe-10.webp,116,700,116,False,
owner,massandra-muskat.webp,321,1200,321,True,
owner,massandra-muskatel-belyy-belye-sorta-vinograda-beloe-sladkoe-16.webp,140,600,140,False,
owner,massandra-muskatel-chernyy-krasnye-sorta-vinograda-krasnoe-sladkoe-16.webp,167,700,167,False,
owner,massandra-muskatel-rozovyy-belye-sorta-vinograda-rozovoe-sladkoe-16.webp,365,1500,365,True,
owner,massandra-pino-gri-beloe-sladkoe-16.webp,376,1500,376,True,
owner,massandra-portveyn-belyy-alushta-belye-sorta-vinograda-beloe-sladkoe-17.webp,169,700,169,False,
owner,massandra-portveyn-belyy-gurzuf-kokur-belyy-beloe-sladkoe-135.webp,2362,2362,2362,True,
owner,massandra-portveyn-belyy-krymskiy-kokur-beloe-sladkoe-18.webp,359,1500,359,True,
owner,massandra-portveyn-krasnyy-alushta-krasnye-sorta-vinograda-krasnoe-sladkoe-17.webp,167,700,167,False,
owner,massandra-portveyn-krasnyy-livadiya-kaberne-sovinon-krasnoe-sladkoe-185.webp,358,1500,358,True,
owner,massandra-premium-sangiovese-sandzhoveze-krasnoe-suhoe-13.webp,180,621,180,False,
owner,massandra-rozovoe-suhoe.webp,321,1200,321,True,
owner,massandra-vino-avtorskoe-pino-gri-beloe-suhoe-12.webp,474,1500,474,True,
owner,merlo-1.webp,196,604,196,False,
owner,merlo.webp,1058,1323,1058,True,
owner,millstream-alamak-bryut-beloe.webp,459,1280,459,True,
owner,millstream-av-igristoe-molodoe-polusuhoe-beloe.webp,989,1280,989,True,
owner,millstream-av-igristoe-molodoe-suhoe-beloe.webp,989,1280,989,True,
owner,millstream-cellar-blanc-de-blanc-ekstra-bryut-beloe.webp,792,1280,792,True,
owner,millstream-cellar-rezerv-blend-4.webp,444,1200,444,True,
owner,millstream-cellar-select-blend-avtohtonov.webp,768,1280,768,True,
owner,millstream-cellar-select-kaberne-sovinon.webp,768,1280,768,True,
owner,millstream-cellar-select-krasnostop-zolotovskij.webp,768,1280,768,True,
owner,millstream-cellar-select-saperavi.webp,768,1280,768,True,
owner,millstream-cellar-vyderzhannoe-igristoe-polusuhoe-beloe.webp,444,1200,444,True,
owner,miroir-de-talu-merlot-cabernet-sauvignon.webp,338,1200,338,True,
owner,miroir-de-talu-merlot-krasnostop.webp,340,1200,340,True,
owner,molodoe-shato-taman-1.webp,678,2403,678,True,
owner,molodoe-shato-taman.webp,678,2403,678,True,
owner,mons-albus-kaberne-sovinon-krasnoe-suhoe-14.webp,245,1000,245,True,
owner,mons-albus-merlo-rozovoe-suhoe-132.webp,342,1000,342,True,
owner,mons-albus-rkatsiteli-beloe-suhoe-124.webp,242,1000,242,True,
owner,mont-blanc-blanc-de-blancs.webp,2155,4525,2155,True,
owner,mont-blanc-cuvee.webp,2155,4525,2155,True,
owner,monte-garu-beloe-bryut.webp,41,156,41,False,
owner,monte-garu-beloe-polusladkoe.webp,41,156,41,False,
owner,muskat-avtorskoe-vino.webp,293,1000,293,True,
owner,muskat-ottonel-gusev.webp,463,1280,463,True,
owner,muskat-pozdnego-sbora-rozovyj.webp,169,1000,169,False,
owner,muskat-premium.webp,300,493,300,True,
owner,muskatnoe-shato-taman.webp,1214,3390,1214,True,
owner,myshako-green-cape-shardone-beloe-bryut.webp,275,727,275,True,
owner,myshako-igristoe-beloe-bryut.webp,524,1200,524,True,
owner,myshako-igristoe-beloe-polusladkoe.webp,515,1200,515,True,
owner,naomi-2022.webp,890,889,889,True,
owner,naomi-2023.webp,257,891,257,True,
owner,nebbiolo.webp,1058,1323,1058,True,
owner,nebo-rossii-glera.webp,64,156,64,False,
owner,nesterov-winery-krasnostop-rubin-klere-krasnostop-zolotovskiy-rozovoe-suhoe-11.webp,239,1000,239,True,
owner,nesterov-winery-krasnostop-zolotovskiy-krasnoe-suhoe-12.webp,234,1000,234,True,
owner,nesterov-winery-risling-reynskiy-beloe-suhoe-12.webp,239,1000,239,True,
owner,nesterov-winery-rubin-golodrigi-krasnoe-suhoe-11.webp,233,1000,233,True,
owner,nesterov-winery-saperavi-krasnoe-suhoe-135.webp,236,1000,236,True,
owner,nesterov-winery-solyaris-beloe-suhoe-14.webp,241,1000,241,True,
owner,nikolaev-i-synovya-festeliya-pti-verdo-krasnoe-suhoe-135.webp,2362,2362,2362,True,
owner,nikolaev-i-synovya-flamingo-malbek-rozovoe-suhoe-125.webp,2362,2362,2362,True,
owner,nikolaev-i-synovya-pino-nuar-krasnoe-suhoe-125.webp,2362,2362,2362,True,
owner,nikolaev-i-synovya-shardone-beloe-suhoe-125.webp,2362,2362,2362,True,
owner,nosorog-gold.webp,258,924,258,True,
owner,nosorog-night.webp,266,931,266,True,
owner,novyj-svet-aligote.webp,273,1000,273,True,
owner,novyj-svet-blan-de-nuar.webp,273,1000,273,True,
owner,novyj-svet-kaberne-sovinon-polusladkoe.webp,273,1000,273,True,
owner,novyj-svet-kaberne-sovinon.webp,273,1000,273,True,
owner,novyj-svet-kaberne.webp,273,1000,273,True,
owner,novyj-svet-kollekczionnoe-bryut.webp,273,1000,273,True,
owner,novyj-svet-paradizio.webp,273,1000,273,True,
owner,novyj-svet-pino-gri-millezim.webp,273,1000,273,True,
owner,novyj-svet-polusladkoe.webp,273,1000,273,True,
owner,novyj-svet-polusuhoe-kollekczionnoe.webp,273,1000,273,True,
owner,novyj-svet-risling-kyuve-de-prestizh.webp,272,1000,272,True,
owner,novyj-svet-shardone-kyuve-de-prestizh-1.webp,273,1000,273,True,
owner,novyj-svet-shardone-kyuve-de-prestizh.webp,273,1000,273,True,
owner,novyj-svet-shardone.webp,273,1000,273,True,
owner,novyj-svet-vyderzhannoe-bryut.webp,273,1000,273,True,
owner,novyj-svet-zolotoj-risling.webp,273,1000,273,True,
owner,novyy-svet-dom-shampanskih-vin-igristoe-vino-vyderzhannoe-bryut-krasnoe-novyy-svet-kaberne-sovinon-135.webp,420,1500,420,True,
owner,novyy-svet-dom-shampanskih-vin-igristoe-vino-vyderzhannoe-bryut-rozovoe-novyy-svet-pino-fran-135.webp,412,1500,412,True,
owner,novyy-svet-dom-shampanskih-vin-igristoe-vino-vyderzhannoe-bryut-rozovoe-novyy-svet-pino-nuar-125.webp,415,1500,415,True,
owner,novyy-svet-dom-shampanskih-vin-igristoe-vino-vyderzhannoe-polusladkoe-krasnoe-novyy-svet-kaberne-sovinon-12.webp,282,1037,282,True,
owner,novyy-svet-dom-shampanskih-vin-igristoe-vino-vyderzhannoe-polusladkoe-rozovoe-novyy-svet-pino-fran-135.webp,414,1500,414,True,
owner,novyy-svet-dom-shampanskih-vin-novyy-svet-kokur-kokur-belyy-beloe-ekstra-bryut-12.webp,1000,1000,1000,True,
owner,novyy-svet-dom-shampanskih-vin-novyy-svet-kyuve-ekstra-bryut-shardone-beloe-135.webp,1000,1000,1000,True,
owner,novyy-svet-dom-shampanskih-vin-novyy-svet-pino-nuar-rozovoe-bryut-13.webp,1000,1000,1000,True,
owner,novyy-svet-dom-shampanskih-vin-novyy-svet-polusladkoe-roze-shardone-rozovoe-115.webp,1000,1000,1000,True,
owner,novyy-svet-dom-shampanskih-vin-pino-nuar-polusuhoe-rozovoe-135.webp,1000,1000,1000,True,
owner,novyy-svet-dom-shampanskih-vin-rossiyskoe-shampanskoe-kollektsionnoe-bryut-beloe-novyy-svet-kyuve-de-prestizh-pino-gri-millezim-rozovoe-125.webp,421,1500,421,True,
owner,novyy-svet-dom-shampanskih-vin-rossiyskoe-shampanskoe-kollektsionnoe-bryut-beloe-novyy-svet-paradizio-shardone-125.webp,285,1058,285,True,
owner,novyy-svet-dom-shampanskih-vin-rossiyskoe-shampanskoe-kollektsionnoe-bryut-beloe-novyy-svet-yubileynoe-risling-13.webp,423,1500,423,True,
owner,novyy-svet-dom-shampanskih-vin-rossiyskoe-shampanskoe-kollektsionnoe-bryut-beloe-novyy-svet-zolotoy-risling-suhoe-13.webp,424,1500,424,True,
owner,novyy-svet-dom-shampanskih-vin-rossiyskoe-shampanskoe-kollektsionnoe-bryut-rozovoe-novyy-svet-pino-nuar-135.webp,378,1387,378,True,
owner,novyy-svet-dom-shampanskih-vin-rossiyskoe-shampanskoe-kollektsionnoe-ekstra-bryut-beloe-novyy-svet-blan-de-nuar-pino-nuar-13.webp,413,1500,413,True,
owner,novyy-svet-dom-shampanskih-vin-rossiyskoe-shampanskoe-kollektsionnoe-ekstra-bryut-beloe-novyy-svet-kyuve-de-prestizh-shardone-125.webp,406,1500,406,True,
owner,novyy-svet-dom-shampanskih-vin-rossiyskoe-shampanskoe-kollektsionnoe-ekstra-bryut-beloe-novyy-svet-kyuve-risling-125.webp,377,1386,377,True,
owner,novyy-svet-dom-shampanskih-vin-rossiyskoe-shampanskoe-kollektsionnoe-ekstra-bryut-beloe-novyy-svet-risling-kyuve-de-prestizh-125.webp,428,1500,428,True,
owner,novyy-svet-dom-shampanskih-vin-rossiyskoe-shampanskoe-kollektsionnoe-ekstra-bryut-beloe-novyy-svet-shardone-125.webp,426,1500,426,True,
owner,novyy-svet-dom-shampanskih-vin-rossiyskoe-shampanskoe-kollektsionnoe-polusuhoe-beloe-novyy-svet-risling-125.webp,385,1500,385,True,
owner,novyy-svet-dom-shampanskih-vin-rossiyskoe-shampanskoe-kollektsionnoe-polusuhoe-beloe-novyy-svet-shardone-13.webp,385,1500,385,True,
owner,novyy-svet-dom-shampanskih-vin-rossiyskoe-shampanskoe-kollektsionnoe-polusuhoe-rozovoe-novyy-svet-pino-nuar-125.webp,161,620,161,False,
owner,novyy-svet-dom-shampanskih-vin-rossiyskoe-shampanskoe-vyderzhannoe-bryut-beloe-novyy-svet-shardone-125.webp,409,1500,409,True,
owner,novyy-svet-dom-shampanskih-vin-rossiyskoe-shampanskoe-vyderzhannoe-bryut-rozovoe-novyy-svet-kaberne-kaberne-sovinon-11.webp,425,1500,425,True,
owner,novyy-svet-dom-shampanskih-vin-rossiyskoe-shampanskoe-vyderzhannoe-ekstra-bryut-beloe-novyy-svet-aligote-13.webp,410,1500,410,True,
owner,novyy-svet-dom-shampanskih-vin-rossiyskoe-shampanskoe-vyderzhannoe-ekstra-bryut-beloe-novyy-svet-kokur-11.webp,425,1500,425,True,
owner,novyy-svet-dom-shampanskih-vin-rossiyskoe-shampanskoe-vyderzhannoe-polusladkoe-rozovoe-novyy-svet-shardone-125.webp,418,1500,418,True,
owner,oleg-repin-duvankoy-aligote-aligote-beloe-suhoe-13.webp,289,1000,289,True,
owner,oleg-repin-listva-cabernet-sauvignon-kaberne-sovinon-krasnoe-suhoe-14.webp,283,1000,283,True,
owner,oleg-repin-listva-syrah-sira-krasnoe-suhoe-14.webp,289,1000,289,True,
owner,oleg-repin-pinot-blanc-pino-blan-beloe-suhoe-13.webp,291,1000,291,True,
owner,oleg-repin-pinot-noir-pino-nuar-krasnoe-suhoe-135.webp,288,1000,288,True,
owner,oleg-repin-pinot-noir-v-pino-nuar-krasnoe-suhoe-125.webp,265,1000,265,True,
owner,oleg-repin-riesling-risling-beloe-suhoe-125.webp,208,1000,208,True,
owner,oleg-repin-saperavi-carbonica-saperavi-krasnoe-suhoe-13.webp,220,750,220,True,
owner,oleg.webp,232,465,232,True,
owner,olymp-winery-adagum-cabernet-franc-kaberne-fran-krasnoe-suhoe-11.webp,394,1500,394,True,
owner,olymp-winery-adagum-cabernet-sauvignon-kaberne-sovinon-krasnoe-suhoe-11.webp,397,1500,397,True,
owner,olymp-winery-adagum-chardonnay-kuban-shardone-beloe-suhoe-11.webp,399,1500,399,True,
owner,olymp-winery-adagum-chardonnay-shardone-beloe-suhoe-11.webp,410,1500,410,True,
owner,olymp-winery-adagum-estate-cabernet-sauvignon-kaberne-sovinon-krasnoe-suhoe-11.webp,433,1500,433,True,
owner,olymp-winery-adagum-estate-chardonnay-shardone-beloe-suhoe-11.webp,433,1500,433,True,
owner,olymp-winery-adagum-estate-merlot-merlo-krasnoe-suhoe-11.webp,433,1500,433,True,
owner,olymp-winery-adagum-estate-red-blend-kaberne-fran-krasnoe-suhoe-11.webp,433,1500,433,True,
owner,olymp-winery-adagum-estate-rose-kaberne-sovinon-rozovoe-suhoe-11.webp,434,1500,434,True,
owner,olymp-winery-adagum-estate-sauvignon-blanc-sovinon-blan-beloe-suhoe-11.webp,433,1500,433,True,
owner,olymp-winery-adagum-krasnostop-krasnostop-zolotovskiy-krasnoe-suhoe-11.webp,395,1500,395,True,
owner,olymp-winery-adagum-merlot-merlo-rozovoe-suhoe-10.webp,344,1500,344,True,
owner,olymp-winery-adagum-odessa-black-kuban-odesskiy-chernyy-krasnoe-suhoe-11.webp,393,1500,393,True,
owner,olymp-winery-adagum-pinot-noir-pino-nuar-krasnoe-suhoe-11.webp,394,1500,394,True,
owner,olymp-winery-adagum-pinot-noir-pino-nuar-rozovoe-suhoe-11.webp,396,1500,396,True,
owner,olymp-winery-adagum-riesling-risling-beloe-suhoe-11.webp,405,1500,405,True,
owner,olymp-winery-adagum-saperavi-saperavi-krasnoe-suhoe-11.webp,382,1500,382,True,
owner,olymp-winery-adagum-sauvignon-sovinon-blan-beloe-suhoe-11.webp,397,1500,397,True,
owner,olymp-winery-adagum-valley-merlot-merlo-krasnoe-suhoe-11.webp,391,1500,391,True,
owner,olymp-winery-adagum-valley-pinot-noir-pino-nuar-krasnoe-suhoe-11.webp,391,1500,391,True,
owner,olymp-winery-adagum-valley-riesling-risling-reynskiy-beloe-suhoe-11.webp,391,1500,391,True,
owner,olymp-winery-adagum-valley-rkatsiteli-rkatsiteli-beloe-suhoe-10.webp,391,1500,391,True,
owner,olymp-winery-adagum-valley-saperavi-saperavi-krasnoe-suhoe-12.webp,391,1500,391,True,
owner,olymp-winery-olimp-avtorskoe-kaberne-sovinon-krasnoe-suhoe-11.webp,382,1500,382,True,
owner,olymp-winery-shato-belbek-kaberne-kaberne-sovinon-krasnoe-suhoe-11.webp,384,1500,384,True,
owner,one-barrel-uan-barrel.webp,991,3769,991,True,
owner,opium.webp,269,915,269,True,
owner,orange.webp,275,908,275,True,
owner,orlov_merlo.webp,547,768,547,True,
owner,orlov_sauvignon_blan.webp,484,960,484,True,
owner,oxana-istratova-wine-rkatsiteli-2023-oranzhevoe-suhoe-113.webp,286,1000,286,True,
owner,oxana-istratova-wine-rkatsiteli-2024-oranzhevoe-suhoe-12.webp,286,1000,286,True,
owner,oxana-istratova-wine-saperavi-2023-krasnoe-suhoe-13.webp,285,1000,285,True,
owner,oxana-istratova-wine-vione-2023-oranzhevoe-suhoe-119.webp,285,1000,285,True,
owner,oxana-istratova-wine-vione-2024-oranzhevoe-suhoe-13.webp,285,1000,285,True,
owner,perovskih_aligote.webp,431,1500,431,True,
owner,perovskih_blan_de_noir.webp,449,1250,449,True,
owner,perovskih_kaberne_fran_reserve.webp,498,1500,498,True,
owner,perovskih_kokur_orange.webp,473,1500,473,True,
owner,perovskih_merlo.webp,625,2331,625,True,
owner,perovskih_muskat.webp,533,1783,533,True,
owner,perovskih_muskat_orange.webp,566,1500,566,True,
owner,perovskih_odesskiy_chernyi.webp,479,1500,479,True,
owner,perovskih_polusladkoe_beloe.webp,533,1783,533,True,
owner,perovskih_polusladkoe_krasnoe.webp,625,2331,625,True,
owner,perovskih_polusladkoe_rosovoe.webp,466,1500,466,True,
owner,perovskih_polusuhoe_krasnoe.webp,450,1500,450,True,
owner,perovskih_rkaciteli_orange.webp,552,1500,552,True,
owner,perovskih_rose.webp,359,1000,359,True,
owner,perovskih_semilion_reserv.webp,498,1500,498,True,
owner,pet-nat-sosedi-2024.webp,64,156,64,False,
owner,petrouchka.webp,1056,1320,1056,True,
owner,pino-glyu-2025.webp,61,156,61,False,
owner,pino-gri-avtorskoe.webp,280,1000,280,True,
owner,pino-nuar-2025.webp,61,156,61,False,
owner,pino-nuar-dzhavaga.webp,1058,1323,1058,True,
owner,pino-nuar-premium.webp,281,499,281,True,
owner,pino-nuar.webp,3157,4725,3157,True,
owner,pinot-noir-2024-one-barrel-by-dmitry-maslov-pino-nuar-2024-uan-barrel-dmitrij-maslov.webp,394,1489,394,True,
owner,pobeda.webp,257,496,257,True,
owner,polusladkoe-beloe-zolotaya-balka.webp,3992,5976,3992,True,
owner,polusuhoe-beloe-zolotaya-balka.webp,3973,5947,3973,True,
owner,pomeste-golubitskoe-kaberne-sovinon-rezerv-krasnoe-suhoe-143.webp,1000,1000,1000,True,
owner,pomeste-golubitskoe-noble-selection-pino-nuar-roze-rozovoe-suhoe-132.webp,2362,2362,2362,True,
owner,pomeste-golubitskoe-shardone-rezerv-beloe-suhoe-132.webp,1000,1000,1000,True,
owner,pomeste-golubitskoe-tte-de-cheval-blanc-de-blancs-shardone-beloe-bryut-12.webp,1000,1000,1000,True,
owner,pomeste-golubitskoe-tte-de-cheval-bryut-risling-reynskiy-beloe-12.webp,1000,1000,1000,True,
owner,pomeste-golubitskoe-tte-de-cheval-sladkoe-risling-reynskiy-beloe-12.webp,1000,1000,1000,True,
owner,pomeste-golubitskoe-tte-de-cheval-sladkoe-roze-pino-gri-rozovoe-115.webp,1000,1000,1000,True,
owner,portvejn-krymskij.webp,322,1200,322,True,
owner,portvejn-surozh.webp,321,1200,321,True,
owner,potenczial-2026.webp,244,934,244,True,
owner,pozdnij-sbor-beloe.webp,383,506,383,True,
owner,pozdnij-sbor-krasnoe.webp,357,504,357,True,
owner,privat.webp,308,1200,308,True,
owner,radiowine-kaberne-fran-krasnoe-suhoe-14.webp,273,1000,273,True,
owner,radiowine-muskat-amber-muskat-ottonel-beloe-suhoe-13.webp,219,1000,219,True,
owner,rebo-rezerv.webp,864,1184,864,True,
owner,rebo.webp,864,1184,864,True,
owner,relikta-relikta-antey-magarachskiy-muskat-belyy-rozovoe-polusuhoe-11.webp,1826,6240,1826,True,
owner,relikta-relikta-dekabrskiy-krasnoe-polusladkoe-125.webp,1843,6679,1843,True,
owner,relikta-relikta-ekstra-bryut-shardone-beloe-105.webp,2446,6311,2446,True,
owner,relikta-relikta-kaberne-sovinon-krasnoe-suhoe-135.webp,1750,6328,1750,True,
owner,relikta-relikta-merlo-kaberne-sovinon-krasnoe-suhoe-135.webp,1983,6597,1983,True,
owner,relikta-relikta-merlo-krasnoe-suhoe-135.webp,1983,6597,1983,True,
owner,relikta-relikta-muskat-beloe-polusuhoe-12.webp,1750,6328,1750,True,
owner,relikta-relikta-muskat-belyy-beloe-suhoe-12.webp,1983,6597,1983,True,
owner,relikta-relikta-pervenets-muskat-pervenets-magaracha-beloe-polusladkoe-125.webp,1825,6238,1825,True,
owner,relikta-relikta-pervenets-pervenets-magaracha-beloe-suhoe-12.webp,1280,1920,1280,True,
owner,relikta-relikta-petnat-antey-magarachskiy-rozovoe-ekstra-bryut-11.webp,831,2000,831,True,
owner,relikta-relikta-risling-beloe-suhoe-12.webp,1983,7360,1983,True,
owner,relikta-relikta-shardone-beloe-suhoe-12.webp,1796,6267,1796,True,
owner,relikta-relikta-sira-kaberne-fran-krasnoe-suhoe-13.webp,1983,6597,1983,True,
owner,relikta-relikta-sira-krasnoe-suhoe-13.webp,1983,6597,1983,True,
owner,relikta-relikta-traminer-beloe-suhoe-11.webp,1983,7360,1983,True,
owner,relikta-relikta-varvary-antey-magarachskiy-krasnoe-suhoe-13-15.webp,1750,6328,1750,True,
owner,rem-akchurin-bryut-roze-pino-nuar-rozovoe-129.webp,215,750,215,True,
owner,rem-akchurin-muskat-belyy-beloe-suhoe-135.webp,2362,2362,2362,True,
owner,rem-akchurin-muskat-oranzh-oranzhevoe-suhoe-115.webp,278,999,278,True,
owner,rem-akchurin-rem-akchurin-pino-nuar-roze-rozovoe-suhoe-14.webp,408,1500,408,True,
owner,rem-akchurin-risling-beloe-polusuhoe-12.webp,2362,2362,2362,True,
owner,rem-akchurin-risling-beloe-suhoe-125.webp,271,1000,271,True,
owner,rem-akchurin-shardone-beloe-bryut-14.webp,1000,1000,1000,True,
owner,riesling-dva-petra-2022.webp,596,894,596,True,
owner,riesling.webp,255,975,255,True,
owner,risling-1.webp,262,493,262,True,
owner,risling-2024.webp,932,2400,932,True,
owner,risling-shato-taman.webp,1214,3390,1214,True,
owner,risling.webp,1056,1320,1056,True,
owner,rkacziteli-beloe-suhoe.webp,491,1200,491,True,
owner,rose-roze-oleg-repin.webp,431,1500,431,True,
owner,roze-1.webp,1058,1323,1058,True,
owner,roze-2.webp,211,573,211,True,
owner,roze-avtorskoe-vino.webp,290,1000,290,True,
owner,roze-malbek.webp,301,1080,301,True,
owner,roze-premium.webp,378,493,378,True,
owner,roze.webp,1080,1080,1080,True,
owner,rozovaya-pantera.webp,208,889,208,True,
owner,rozovoe-bryut-1.webp,470,1200,470,True,
owner,rozovoe-bryut-spumante.webp,368,1200,368,True,
owner,rozovoe-bryut.webp,314,1200,314,True,
owner,rozovoe-polusladkoe-1.webp,380,1180,380,True,
owner,rozovoe-polusladkoe.webp,301,950,301,True,
owner,rozovoe-zoloto.webp,253,464,253,True,
owner,rubin-golodrigi.webp,279,551,279,True,
owner,rubin-premium.webp,318,502,318,True,
owner,ruby.webp,264,911,264,True,
owner,rustok-glera-ru-140.webp,256,603,256,True,
owner,sacrum-bryut-beloe.webp,321,980,321,True,
owner,sacrum-bryut-rozovoe.webp,289,869,289,True,
owner,sand-zh-oveze-rezerv.webp,864,1184,864,True,
owner,saperavi-premium.webp,2000,2998,2000,True,
owner,sary-pandas-vyderzhannoe.webp,324,1200,324,True,
owner,satera-satera-esse-krasnyy-blend-15-kaberne-sovinon-krasnoe-suhoe-13.webp,404,1500,404,True,
owner,semeynaya-vinodelnya-mihaila-kolesnikova-ispanets-kaberne-sovinon-krasnoe-suhoe-148.webp,2362,2362,2362,True,
owner,semeynaya-vinodelnya-mihaila-kolesnikova-kaberne-fran-merlo-krasnostop-krasnoe-suhoe-148.webp,2362,2362,2362,True,
owner,seneth-shu-shu-saperavi-rozovoe-suhoe-12.webp,294,1000,294,True,
owner,shardone-1.webp,282,1200,282,True,
owner,shardone-2.webp,1058,1323,1058,True,
owner,shardone-akacziya.webp,1058,1323,1058,True,
owner,shardone-balaklava.webp,3043,4554,3043,True,
owner,shardone-barrel-2023.webp,4000,4000,4000,True,
owner,shardone-premium.webp,263,499,263,True,
owner,shardone-rezerv.webp,287,1200,287,True,
owner,shardone.webp,1080,810,810,True,
owner,shato-ay-danil-bomond-aligote-beloe-suhoe-13.webp,1000,1000,1000,True,
owner,shato-ay-danil-byanko-da-sole-muskat-belyy-beloe-polusladkoe-13.webp,2362,2362,2362,True,
owner,shato-ay-danil-grenash-krasnoe-suhoe-12.webp,2362,2362,2362,True,
owner,shato-ay-danil-kapriz-muskat-belyy-beloe-suhoe-135.webp,2362,2362,2362,True,
owner,shato-ay-danil-presto-rezerv-kaberne-sovinon-krasnoe-suhoe-135.webp,1000,1000,1000,True,
owner,shato-ay-danil-skarlatto-da-sole-saperavi-krasnoe-polusladkoe-13.webp,2362,2362,2362,True,
owner,shato-ay-danil-tokkata-saperavi-krasnoe-suhoe-14.webp,2362,2362,2362,True,
owner,shato-ay-danil-tramonto-kaberne-sovinon-krasnoe-suhoe-14.webp,1000,1000,1000,True,
owner,shato-pino-agpoezdnik-beloe-shardone-suhoe-13.webp,249,750,249,True,
owner,shato-pino-agpoezdnik-krasnoe-kaberne-fran-suhoe-14.webp,253,750,253,True,
owner,shato-pino-aligote-rkatsiteli-beloe-suhoe-12.webp,266,1000,266,True,
owner,shato-pino-aligote-rkatsiteli-suhoe-beloe-12.webp,266,1000,266,True,
owner,shato-pino-blan-de-blan-shardone-beloe-ekstra-bryut-12.webp,244,750,244,True,
owner,shato-pino-dichkaberne-fran-krasnoe-suhoe-14.webp,265,1000,265,True,
owner,shato-pino-exclusive-kaberne-sovinon-shiraz-krasnoe-suhoe-135.webp,203,750,203,True,
owner,shato-pino-exclusive-pino-nuar-merlo-krasnoe-suhoe-135.webp,203,750,203,True,
owner,shato-pino-exclusive-shardone-pino-gri-beloe-suhoe-125.webp,201,750,201,True,
owner,shato-pino-exclusive-vione-risling-beloe-suhoe-115.webp,262,1000,262,True,
owner,shato-pino-grand-reserve-cabernet-franc-kaberne-fran-krasnoe-suhoe-135.webp,202,750,202,True,
owner,shato-pino-grand-reserve-cabernet-sauvignon-kaberne-sovinon-krasnoe-suhoe-135.webp,205,750,205,True,
owner,shato-pino-grand-reserve-chardonnay-shardone-beloe-suhoe-125.webp,206,750,206,True,
owner,shato-pino-grand-reserve-pinot-noir-pino-nuar-krasnoe-suhoe-135.webp,203,750,203,True,
owner,shato-pino-gravitatsiya-kaberne-sovinon-merlo-krasnoe-suhoe-135.webp,273,1000,273,True,
owner,shato-pino-ice-wine-risling-risling-reynskiy-beloe-sladkoe-11.webp,162,1000,162,False,
owner,shato-pino-kaberne-fran-kaberne-sovinon-krasnoe-suhoe-135.webp,273,1000,273,True,
owner,shato-pino-kaberne-sovinon-krasnoe-suhoe-14.webp,259,1000,259,True,
owner,shato-pino-kaberne-sovinon-merlo-krasnoe-suhoe-135.webp,273,1000,273,True,
owner,shato-pino-klassika-sauvignon-blanc.webp,321,1200,321,True,
owner,shato-pino-koldun-belyy-shardone-beloe-suhoe-12.webp,210,750,210,True,
owner,shato-pino-koldun-krasnyy-merlo-krasnoe-suhoe-14.webp,261,1000,261,True,
owner,shato-pino-koldun-rezerv-kaberne-sovinon-krasnoe-suhoe-14.webp,265,1000,265,True,
owner,shato-pino-marselan-merlo-krasnoe-suhoe-13.webp,266,1000,266,True,
owner,shato-pino-petnat-oranzh-vione-beloe-ekstra-bryut-11.webp,250,750,250,True,
owner,shato-pino-petnat-pino-gri-beloe-ekstra-bryut-11.webp,253,750,253,True,
owner,shato-pino-petnat-pino-gri-rozovoe-ekstra-bryut-11.webp,250,750,250,True,
owner,shato-pino-petnat-pino-nuar-rozovoe-ekstra-bryut-11.webp,252,750,252,True,
owner,shato-pino-petnat-sovinon-blan-beloe-ekstra-bryut-11.webp,249,750,249,True,
owner,shato-pino-pino-gri-roze-rozovoe-ekstra-bryut-12.webp,247,750,247,True,
owner,shato-pino-pino-gridzhio-beloe-suhoe-12.webp,236,1000,236,True,
owner,shato-pino-pino-nuar-krasnoe-suhoe-135.webp,279,1000,279,True,
owner,shato-pino-pino-nuar-pino-gri-rozovoe-suhoe-115.webp,266,1000,266,True,
owner,shato-pino-pino-nuar-roze-rozovoe-ekstra-bryut-115.webp,237,750,237,True,
owner,shato-pino-pino-nuar-saperavi-krasnoe-suhoe-13.webp,273,1000,273,True,
owner,shato-pino-shantazh-sovinon-blan-shardone-beloe-suhoe-115.webp,206,750,206,True,
owner,shato-pino-shardone-beloe-suhoe-125.webp,268,996,268,True,
owner,shato-pino-shardone-risling-beloe-suhoe-12.webp,264,1000,264,True,
owner,shato-pino-shary-kolduna-blash-pino-gri-rozovoe-suhoe-12.webp,205,750,205,True,
owner,shato-pino-shary-kolduna-glyu-glyu-vione-krasnoe-suhoe-10.webp,236,1000,236,True,
owner,shato-pino-shary-kolduna-kirpichi-prileteli-pino-nuar-krasnoe-suhoe-135.webp,206,750,206,True,
owner,shato-pino-shary-kolduna-ramato-pino-gri-rozovoe-suhoe-115.webp,206,750,206,True,
owner,shato-pino-shary-kolduna-topolek-rkatsiteli-beloe-suhoe-125.webp,238,750,238,True,
owner,shato-pino-shary-koldunatroynichok-risling-beloe-suhoe-115.webp,212,750,212,True,
owner,shato-pino-shato-pino-koldun-merlo-krasnoe-suhoe-137.webp,413,1500,413,True,
owner,shato-pino-shiraz-krasnoe-suhoe-135.webp,258,1000,258,True,
owner,shato-pino-shiraz-krasnoe-suhoe-14.webp,258,993,258,True,
owner,shato-pino-sovinon-blan-semilon-beloe-suhoe-115.webp,266,1000,266,True,
owner,shato-taman-bryut-1.webp,1041,3539,1041,True,
owner,shato-taman-bryut.webp,1041,3539,1041,True,
owner,shato-taman-grape-dance-1.webp,414,1772,414,True,
owner,shato-taman-grape-dance.webp,411,1772,411,True,
owner,shato-taman-kaberne-sovinon.webp,356,1332,356,True,
owner,shato-taman-kaberne.webp,349,1332,349,True,
owner,shato-taman-krasnostop.webp,349,1332,349,True,
owner,shato-taman-par-la-mer-czvajgelt.webp,853,3014,853,True,
owner,shato-taman-par-la-mer-korall.webp,853,3014,853,True,
owner,shato-taman-par-la-mer-pino-blan.webp,595,1772,595,True,
owner,shato-taman-par-la-mer-pino-nuar.webp,594,1772,594,True,
owner,shato-taman-par-la-mer-sovinon.webp,853,3014,853,True,
owner,shato-taman-polusladkoe.webp,1041,3539,1041,True,
owner,shato-taman-saperavi.webp,349,1332,349,True,
owner,shato-taman-shardone.webp,345,1332,345,True,
owner,sira.webp,322,1000,322,True,
owner,skalistyj-bereg-shepot-czvetov.webp,278,1058,278,True,
owner,skalistyy-bereg-dyhanie-voln-shardone-beloe-suhoe-121.webp,1852,4724,1852,True,
owner,skalistyy-bereg-melodiya-leta-krasnostop-zolotovskiy-rozovoe-suhoe-126.webp,1190,1684,1190,True,
owner,skalistyy-bereg-pesn-holmov-merlo-krasnoe-suhoe-145.webp,1852,4724,1852,True,
owner,skalistyy-bereg-shyopot-tsvetov-risling-beloe-suhoe-109.webp,1852,4724,1852,True,
owner,skalistyy-bereg-skalistyy-bereg-kaberne-fran-krasnoe-suhoe-15.webp,1385,4000,1385,True,
owner,skalistyy-bereg-skalistyy-bereg-kaberne-sovinon-krasnoe-suhoe-15.webp,1385,4000,1385,True,
owner,skalistyy-bereg-skalistyy-bereg-krasnaya-kniga-glava-1-kaberne-sovinon-krasnoe-suhoe-147.webp,1385,4000,1385,True,
owner,skalistyy-bereg-skalistyy-bereg-krasnaya-kniga-glava-2-merlo-krasnoe-suhoe-15.webp,1385,4000,1385,True,
owner,skalistyy-bereg-skalistyy-bereg-krasnostop-zolotovskiy-krasnoe-suhoe-133.webp,1385,4000,1385,True,
owner,skalistyy-bereg-skalistyy-bereg-pino-nuar-krasnoe-suhoe-13.webp,1544,4794,1544,True,
owner,skalistyy-bereg-skalistyy-bereg-risling-beloe-suhoe-113.webp,1544,4794,1544,True,
owner,skalistyy-bereg-skalistyy-bereg-shardone-beloe-suhoe-135.webp,1336,4500,1336,True,
owner,skalistyy-bereg-skalistyy-bereg-sovinon-blan-beloe-suhoe-12.webp,1336,4500,1336,True,
owner,skalistyy-bereg-skb-blan-de-nuar-pino-nuar-beloe-ekstra-bryut-118.webp,2831,6674,2831,True,
owner,skalistyy-bereg-skb-roze-pino-nuar-beloe-ekstra-bryut-122.webp,2831,6674,2831,True,
owner,skalistyy-bereg-veter-v-travah-kaberne-fran-krasnoe-suhoe-13.webp,1852,4724,1852,True,
owner,sober-bash-afa-kaberne-sovinon-krasnoe-suhoe-125.webp,328,1191,328,True,
owner,sober-bash-avrora-2024-krasnostop-zolotovskiy-rozovoe-suhoe-14.webp,368,1130,368,True,
owner,sober-bash-dostoynyy-krasnoe-suhoe-14.webp,166,700,166,False,
owner,sober-bash-dve-doliny-auri-mtsvane-kahetinskiy-beloe-suhoe-125.webp,567,1988,567,True,
owner,sober-bash-dve-doliny-kaberne-fran-2023-krasnoe-polusuhoe-14.webp,567,1988,567,True,
owner,sober-bash-dve-doliny-liuri-2023-dostoynyy-rozovoe-suhoe-13.webp,567,1988,567,True,
owner,sober-bash-dve-doliny-myuller-turgau-2023-beloe-suhoe-117.webp,567,1988,567,True,
owner,sober-bash-dve-doliny-saperavi-kachich-krasnoe-polusuhoe-15.webp,300,1057,300,True,
owner,sober-bash-dve-doliny-tsimlyanskiy-2023-tsimlyanskiy-chernyy-krasnoe-suhoe-13.webp,300,1057,300,True,
owner,sober-bash-grani-kumshatskiy-kumshatskiy-belyy-beloe-suhoe-11.webp,567,1988,567,True,
owner,sober-bash-grani-muskat-muskat-dzhialo-beloe-suhoe-12.webp,310,1102,310,True,
owner,sober-bash-grani-plechistik-krasnoe-suhoe-12.webp,567,1988,567,True,
owner,sober-bash-hihvi-amfora-beloe-suhoe-14.webp,567,1990,567,True,
owner,sober-bash-hihvi-beloe-suhoe-15.webp,567,1990,567,True,
owner,sober-bash-kaberne-fran-krasnoe-suhoe-127.webp,377,1148,377,True,
owner,sober-bash-kaberne-fran-krasnoe-suhoe-13.webp,565,1993,565,True,
owner,sober-bash-kaberne-fran-rozovoe-suhoe-12.webp,1400,1400,1400,True,
owner,sober-bash-korvina-krasnostop-zolotovskiy-krasnoe-suhoe-14.webp,270,1120,270,True,
owner,sober-bash-krasnostop-amfora-krasnostop-zolotovskiy-krasnoe-suhoe-13.webp,567,1988,567,True,
owner,sober-bash-krasnostop-krasnostop-zolotovskiy-krasnoe-suhoe-14.webp,328,1191,328,True,
owner,sober-bash-kumshatskiy-kumshatskiy-belyy-beloe-suhoe-11.webp,300,1061,300,True,
owner,sober-bash-pino-gri-beloe-suhoe-11.webp,552,1936,552,True,
owner,sober-bash-puhlyakovskiy-beloe-suhoe-12.webp,374,1111,374,True,
owner,sober-bash-risling-risling-reynskiy-beloe-suhoe-11.webp,374,1111,374,True,
owner,sober-bash-risling-risling-reynskiy-beloe-suhoe-12.webp,300,1058,300,True,
owner,sober-bash-rkatsiteli-amfora-beloe-suhoe-135.webp,567,1988,567,True,
owner,sober-bash-rkatsiteli-beloe-suhoe-14.webp,356,1129,356,True,
owner,sober-bash-rubin-rubin-rubin-azos-krasnoe-suhoe-14.webp,328,1191,328,True,
owner,sober-bash-saperavi-amfora-krasnoe-suhoe-14.webp,567,1988,567,True,
owner,sober-bash-saperavi-krasnoe-suhoe-13.webp,567,1990,567,True,
owner,sober-bash-trezvaya-golova-kaberne-fran-krasnostop-krasnoe-suhoe-13.webp,567,1995,567,True,
owner,sober-bash-trezvaya-golova-risling-risling-reynskiy-beloe-suhoe-10.webp,567,1994,567,True,
owner,sober-bash-trezvaya-golova-rkatsiteli-beloe-suhoe-12.webp,567,1994,567,True,
owner,sober-bash-trezvaya-golova-rozovoe-krasnostop-zolotovskiy-suhoe-115.webp,362,1128,362,True,
owner,sober-bash-trezvaya-golova-saperavi-krasnoe-suhoe-14.webp,536,1191,536,True,
owner,sober-bash-trezvaya-golova-sibirkovyypino-gri-beloe-suhoe-11.webp,300,1246,300,True,
owner,sober-bash-trezvaya-golova-tsimlyanskiygolubok-tsimlyanskiy-chernyy-krasnoe-suhoe-135.webp,567,1993,567,True,
owner,solnechnaya-dolina-chernyy-doktor-solnechnoy-doliny-ekim-kara-krasnoe-sladkoe-16.webp,1000,1000,1000,True,
owner,solnechnaya-dolina-chernyy-polkovnik-odesskiy-chernyy-krasnoe-sladkoe-175.webp,1000,1000,1000,True,
owner,solnechnaya-dolina-meganom-beloe-aligote-suhoe-13.webp,1000,1000,1000,True,
owner,solnechnaya-dolina-meganom-blanc-de-blancs-kokur-beloe-bryut-11.webp,1000,1000,1000,True,
owner,solnechnaya-dolina-meganom-kokur-beloe-bryut.webp,500,1200,500,True,
owner,solnechnaya-dolina-meganom-kyuve-shardone-beloe-bryut-11.webp,1000,1000,1000,True,
owner,solnechnaya-dolina-muskatnoe-festivalnoe-muskat-belyy-rozovoe-sladkoe-16.webp,2362,2362,2362,True,
owner,solnechnaya-dolina-porto-solnechnoy-doliny-kokur-belyy-beloe-sladkoe-175.webp,1000,1000,1000,True,
owner,solnechnaya-dolina-privat-kaberne-sovinon-krasnoe-sladkoe-155.webp,1000,1000,1000,True,
owner,sosedi-aligote-shardone-2025.webp,61,156,61,False,
owner,sovinon-blan-krasnaya-gorka.webp,1058,1323,1058,True,
owner,soyuz-vino-kanonicheskie-traditsii-krasnoe-polusladkoe-kaberne-sovinon-115.webp,229,1011,229,True,
owner,soyuz-vino-kanonicheskie-traditsii-krasnoe-sladkoe-kaberne-sovinon-115.webp,230,1010,230,True,
owner,soyuz-vino-konfessa-pino-gridzhio-beloe-polusladkoe-11.webp,236,990,236,True,
owner,soyuz-vino-konfessa-sandzhoveze-krasnoe-suhoe-11.webp,245,987,245,True,
owner,soyuz-vino-konfessa-sandzhoveze-polusladkoe-krasnoe-11.webp,240,982,240,True,
owner,soyuz-vino-lavetti-beloe-polusladkoe-belye-sorta-vinograda-11.webp,336,1400,336,True,
owner,soyuz-vino-lavetti-beloe-suhoe-belye-sorta-vinograda-11.webp,335,1400,335,True,
owner,soyuz-vino-lavetti-krasnoe-polusladkoe-krasnye-sorta-vinograda-11.webp,335,1400,335,True,
owner,soyuz-vino-lavetti-krasnoe-suhoe-krasnye-sorta-vinograda-11.webp,335,1400,335,True,
owner,soyuz-vino-lavetti-rozovoe-polusladkoe-krasnye-sorta-vinograda-11.webp,335,1400,335,True,
owner,soyuz-vino-mosavali-rkatsiteli-beloe-polusladkoe-11.webp,198,776,198,False,
owner,soyuz-vino-mosavali-saperavi-polusladkoe-krasnoe-11.webp,184,732,184,False,
owner,soyuz-vino-mosavali-saperavi-suhoe-krasnoe-11.webp,184,730,184,False,
owner,soyuz-vino-shato-de-mongolfer-risling-polusuhoe-beloe-11.webp,234,980,234,True,
owner,soyuz-vino-shato-de-mongolfer-shiraz-moellyo-krasnoe-polusladkoe-11.webp,239,988,239,True,
owner,soyuz-vino-shato-de-mongolfer-shiraz-polusuhoe-krasnoe-11.webp,238,990,238,True,
owner,soyuz-vino-sheremetevskie-pogreba-beloe-polusladkoe-belye-sorta-vinograda-11.webp,171,700,171,False,
owner,soyuz-vino-sheremetevskie-pogreba-kaberne-sovinon-krasnoe-suhoe-11.webp,170,700,170,False,
owner,soyuz-vino-sheremetevskie-pogreba-krasnoe-polusladkoe-krasnye-sorta-vinograda-11.webp,174,702,174,False,
owner,soyuz-vino-sheremetevskie-pogreba-shardone-beloe-suhoe-11.webp,171,700,171,False,
owner,soyuz-vino-soyuz-vino-evropak-shiraz-krasnoe-polusladkoe-11.webp,453,1400,453,True,
owner,soyuz-vino-soyuz-vino-izabella-krasnoe-polusladkoe-11.webp,299,1400,299,True,
owner,soyuz-vino-soyuz-vino-kaberne-sovinon-krasnoe-suhoe-12.webp,305,1400,305,True,
owner,soyuz-vino-soyuz-vino-muskat-beloe-polusladkoe-11.webp,300,1400,300,True,
owner,soyuz-vino-soyuz-vino-shardone-suhoe-beloe-11.webp,226,1024,226,True,
owner,soyuz-vino-terra-pia-kaldera-blend-risling-reynskiy-beloe-suhoe-11.webp,215,826,215,True,
owner,soyuz-vino-terra-pia-lava-blend-merlo-krasnoe-suhoe-12.webp,213,824,213,True,
owner,soyuz-vino-zelyonaya-dolina-kaberne-merlo-kaberne-sovinon-krasnoe-polusladkoe-12.webp,369,1400,369,True,
owner,soyuz-vino-zelyonaya-dolina-kaberne-sovinon-krasnoe-suhoe-12.webp,366,1400,366,True,
owner,soyuz-vino-zelyonaya-dolina-pino-nuar-krasnoe-suhoe-12.webp,364,1400,364,True,
owner,soyuz-vino-zelyonaya-dolina-shardone-beloe-suhoe-12.webp,388,1400,388,True,
owner,soyuz-vino-zelyonaya-dolina-sovinon-blan-polusladkoe-beloe-12.webp,289,1024,289,True,
owner,soyuz-vino-zelyonaya-dolina-sovinon-blan-suhoe-beloe-12.webp,383,1400,383,True,
owner,stn-winery-arhitektor-sira-krasnoe-suhoe-12.webp,274,1000,274,True,
owner,stn-winery-bratstvo-kochergi-pino-nuar-krasnoe-suhoe-12.webp,257,1000,257,True,
owner,stn-winery-chardonnay-vol2-shardone-beloe-suhoe-105.webp,264,1000,264,True,
owner,stn-winery-cyberpunk-pino-nuar-krasnoe-suhoe-12.webp,266,1000,266,True,
owner,stn-winery-merlo-krasnoe-suhoe-14.webp,257,1000,257,True,
owner,stn-winery-muskat-beloe-suhoe-115.webp,279,1000,279,True,
owner,stn-winery-pino-nuar-krasnoe-suhoe-12.webp,279,1000,279,True,
owner,stn-winery-saignee-sira-rozovoe-suhoe-125.webp,251,1000,251,True,
owner,stn-winery-syrah-sira-krasnoe-suhoe-13.webp,268,1000,268,True,
owner,stn-winery-traminer-traminer-beloe-suhoe-13.webp,250,1000,250,True,
owner,stn-winery-trio-aligote-beloe-suhoe-13.webp,285,1000,285,True,
owner,stn-winery-wiess-risling-beloe-suhoe-12.webp,229,1000,229,True,
owner,tamara-2022.webp,890,889,889,True,
owner,tamara.webp,282,965,282,True,
owner,temelion-blanc-de-blancs.webp,325,1080,325,True,
owner,temelion-bryut-roze.webp,351,1080,351,True,
owner,tempelhof-winery-pino-nuar-krasnoe-suhoe-125.webp,2362,2362,2362,True,
owner,tempelhof-winery-risling-risling-reynskiy-beloe-suhoe-115.webp,2362,2362,2362,True,
owner,tempelhof-winery-shpetburgunder-pino-nuar-krasnoe-suhoe-125.webp,2362,2362,2362,True,
owner,tempelhof-winery-tsimlyanskiy-chernyy-krasnoe-suhoe-125.webp,2362,2362,2362,True,
owner,toile-de-vin-cabernet-sauvignon.webp,1165,3933,1165,True,
owner,toile-de-vin-chardonnay.webp,1124,3863,1124,True,
owner,toile-de-vin-merlot.webp,1124,3886,1124,True,
owner,toile-de-vin-pinot-blanc.webp,1148,3899,1148,True,
owner,tsimlyanskie-vina-krepost-sarkel-krasnostop-zolotovskiy-krasnoe-suhoe-145.webp,1000,1000,1000,True,
owner,tsimlyanskie-vina-tsimlyanskoe-kaberne-sovinon-ekstra-bryut-rozovoe-13.webp,1000,1000,1000,True,
owner,twopeters_kaberne_sovinion.webp,450,1600,450,True,
owner,twopeters_kokur.webp,450,1600,450,True,
owner,twopeters_risling.webp,450,1600,450,True,
owner,twopeters_saperavi.webp,450,1600,450,True,
owner,twopeters_sauvignon.webp,450,1600,450,True,
owner,twopeters_shardone.webp,450,1600,450,True,
owner,twopeters_tandem.webp,450,1600,450,True,
owner,uppa-winery-gevyurtstraminer-muskat-beloe-suhoe-14.webp,2362,2362,2362,True,
owner,uppa-winery-kokur-kokur-belyy-beloe-suhoe-12.webp,2362,2362,2362,True,
owner,uppa-winery-nebbiolo-krasnoe-suhoe-14.webp,2362,2362,2362,True,
owner,uppa-winery-pavel-shvets-cabernet-sauvignon-merlot-kaberne-sovinon-krasnoe-suhoe-14.webp,295,1000,295,True,
owner,uppa-winery-sovinon-blan-rezerva-beloe-suhoe-12.webp,2362,2362,2362,True,
owner,usadba-aleksandrovskaya-bubnovyy-valet-kaberne-sovinon-krasnoe-polusladkoe-13.webp,2362,2362,2362,True,
owner,usadba-divnomorskoe-blanc-de-blancs-shardone-beloe-ekstra-bryut-12.webp,1000,1000,1000,True,
owner,usadba-divnomorskoe-east-hill-vione-beloe-suhoe-127.webp,2362,2362,2362,True,
owner,usadba-divnomorskoe-grande-cuvee-shardone-beloe-bryut-125.webp,1000,1000,1000,True,
owner,usadba-divnomorskoe-grande-rose-pino-nuar-rozovoe-ekstra-bryut-125.webp,1000,1000,1000,True,
owner,usadba-divnomorskoe-holodnyy-tuman-risling-beloe-suhoe-115.webp,2362,2362,2362,True,
owner,usadba-divnomorskoe-maris-blanc-de-blanc-extra-brut-shardone-beloe-ekstra-bryut-105.webp,243,842,243,True,
owner,usadba-divnomorskoe-maris-blanc-de-noirs-extra-brut-pino-nuar-beloe-ekstra-bryut-105.webp,184,675,184,False,
owner,usadba-divnomorskoe-marselan-marselan-krasnoe-suhoe-149.webp,410,1500,410,True,
owner,usadba-divnomorskoe-merlot-merlo-krasnoe-suhoe-149.webp,195,703,195,False,
owner,usadba-divnomorskoe-muscat-ottonel-muskat-ottonel-beloe-sladkoe-135.webp,225,1000,225,True,
owner,usadba-divnomorskoe-pinot-noir-pino-nuar-krasnoe-suhoe-12.webp,263,983,263,True,
owner,usadba-divnomorskoe-rebo-rebo-krasnoe-suhoe-165.webp,391,1500,391,True,
owner,usadba-divnomorskoe-rose-vione-rozovoe-suhoe-125.webp,188,639,188,False,
owner,usadba-divnomorskoe-solist-marselan-rozovoe-suhoe-115.webp,2362,2362,2362,True,
owner,usadba-divnomorskoe-solnechnyy-veter-shardone-beloe-suhoe-125.webp,2362,2362,2362,True,
owner,usadba-divnomorskoe-west-hill-blend-kaberne-sovinon-krasnoe-suhoe-145.webp,379,1400,379,True,
owner,usadba-divnomorskoe-yuzhnyy-les-merlo-krasnoe-suhoe-137.webp,2362,2362,2362,True,
owner,usadba-markoth-kaberne-sovinon-rezerv-krasnoe-suhoe-13.webp,1000,1000,1000,True,
owner,usadba-markoth-kyuve-blan-shardone-beloe-suhoe-12.webp,2362,2362,2362,True,
owner,usadba-markoth-merlo-rezerv-krasnoe-suhoe-13.webp,1000,1000,1000,True,
owner,usadba-markoth-shardone-beloe-suhoe-12.webp,2362,2362,2362,True,
owner,usadba-mezyb-mezyb-kaberne-sovinon-kaberne-fran-krasnoe-suhoe-14.webp,2058,6119,2058,True,
owner,usadba-mezyb-mezyb-kaberne-sovinon-kaberne-fran-vione-rozovoe-suhoe-133.webp,2062,3000,2062,True,
owner,usadba-mezyb-mezyb-kaberne-sovinon-krasnoe-suhoe-145.webp,3581,5371,3581,True,
owner,usadba-mezyb-mezyb-merlo-krasnoe-suhoe-145.webp,3581,5371,3581,True,
owner,usadba-mezyb-mezyb-vione-beloe-suhoe-13.webp,3581,5371,3581,True,
owner,usadba-mezyb-shishka-karbonika-kaberne-fran-krasnoe-suhoe-143.webp,2058,6119,2058,True,
owner,usadba-mezyb-shishka-kupazh-5-kaberne-sovinon-rozovoe-suhoe-133.webp,3581,5371,3581,True,
owner,usadba-mezyb-shishka-merlo-vione-rozovoe-suhoe-125.webp,6337,9506,6337,True,
owner,usadba-mezyb-shishka-oranzh-shardone-beloe-suhoe-127.webp,3581,5371,3581,True,
owner,usadba-mezyb-shishka-pino-nuar-rozovoe-suhoe-115.webp,3581,5371,3581,True,
owner,usadba-mezyb-shishka-saperavi-krasnoe-suhoe-13.webp,2058,6119,2058,True,
owner,usadba-mezyb-shishka-shenen-blan-beloe-suhoe-13.webp,3581,5371,3581,True,
owner,usadba-mezyb-shishka-shenen-blan-sovinon-blan-beloe-suhoe-126.webp,2084,3000,2084,True,
owner,usadba-mezyb-shishka-sovinon-blan-beloe-suhoe-12.webp,3581,5371,3581,True,
owner,usadba-mezyb-staraya-doroga-na-dzhanhot-kaberne-sovinon-kaberne-fran-krasnoe-suhoe-144.webp,3581,5371,3581,True,
owner,usadba-mezyb-staraya-doroga-na-dzhanhot-kaberne-sovinon-krasnoe-suhoe-144.webp,1000,1000,1000,True,
owner,usadba-mezyb-usadba-mezyb-kaberne-fran-krasnoe-suhoe-145.webp,2058,6470,2058,True,
owner,usadba-mezyb-usadba-mezyb-kaberne-sovinon-kaberne-fran-merlo-krasnoe-suhoe-148.webp,2058,6470,2058,True,
owner,usadba-mezyb-usadba-mezyb-kaberne-sovinon-krasnoe-suhoe-143.webp,2092,6455,2092,True,
owner,usadba-mezyb-usadba-mezyb-krasnostop-saperavi-krasnoe-suhoe-127.webp,3581,5371,3581,True,
owner,usadba-mezyb-usadba-mezyb-merlo-krasnoe-suhoe-15.webp,2058,6470,2058,True,
owner,usadba-mezyb-usadba-mezyb-roze-kaberne-fran-rozovoe-suhoe-143.webp,2058,6181,2058,True,
owner,usadba-mezyb-usadba-mezyb-roze-kaberne-sovinon-rozovoe-suhoe-135.webp,3581,5371,3581,True,
owner,usadba-mezyb-usadba-mezyb-shardone-beloe-suhoe-125.webp,3581,5371,3581,True,
owner,usadba-mezyb-usadba-mezyb-vione-beloe-suhoe-118.webp,3581,5371,3581,True,
owner,usadba-mezyb-vione-beloe-suhoe-118.webp,2362,2362,2362,True,
owner,usadba-perovskih-blanc-de-blancs-shardone-beloe-ekstra-bryut-11.webp,234,750,234,True,
owner,usadba-perovskih-kaberne-fran-1890-krasnoe-suhoe-13.webp,281,1000,281,True,
owner,usadba-perovskih-kaberne-sovinon-merlo-1890-krasnoe-suhoe-13.webp,280,1000,280,True,
owner,usadba-perovskih-pino-nuar-rezerv-krasnoe-suhoe-122.webp,262,1000,262,True,
owner,usadba-perovskih-rkatsiteli-beloe-suhoe-13.webp,283,1116,283,True,
owner,usadba-rodnoe-gnezdo-4-elements-kaberne-sovinon-krasnoe-suhoe-15.webp,235,1000,235,True,
owner,usadba-rodnoe-gnezdo-4-elements-risling-beloe-polusuhoe-12.webp,218,1000,218,True,
owner,usadba-rodnoe-gnezdo-4-elements-risling-beloe-suhoe-12.webp,228,1000,228,True,
owner,usadba-rodnoe-gnezdo-4-elements-sira-roze-rozovoe-polusuhoe-135.webp,273,1000,273,True,
owner,usadba-rodnoe-gnezdo-4-elements-sovinon-blan-beloe-polusladkoe-12.webp,237,1000,237,True,
owner,usadba-rodnoe-gnezdo-4-elements-sovinon-blan-beloe-suhoe-12.webp,233,1000,233,True,
owner,uva-vallis-risling.webp,221,814,221,True,
owner,uva-vallis-shardone.webp,226,817,226,True,
owner,uva-vallis-sira.webp,223,816,223,True,
owner,uva-vallis-sovinon-blan.webp,262,1000,262,True,
owner,v2r-podnyat-parusa-kaberne-sovinon-krasnoe-suhoe-125.webp,264,1000,264,True,
owner,v2r-risling-risling-reynskiy-beloe-suhoe-122.webp,268,1000,268,True,
owner,v2r-roze-kaberne-sovinon-rozovoe-polusuhoe-13.webp,269,1000,269,True,
owner,v2r-sovinon-blan-beloe-suhoe-13.webp,268,1000,268,True,
owner,valerij-zaharin-kokur-i-ko-beloe-bryut.webp,524,1200,524,True,
owner,valerij-zaharin-kokur-i-ko-beloe-polusladkoe.webp,410,1200,410,True,
owner,valeriy-zaharin-albedo-reserve-sary-pandas-beloe-suhoe-115.webp,349,1000,349,True,
owner,valeriy-zaharin-aleatiko-kefesiya-avtohtonnoe-vino-kryma-ot-valeriya-zaharina-rozovoe-suhoe-125.webp,275,1000,275,True,
owner,valeriy-zaharin-aligote-avtorskoe-valeriy-zaharin-beloe-bryut-115.webp,206,750,206,True,
owner,valeriy-zaharin-aligote-burlyuk-beloe-bryut-115.webp,215,750,215,True,
owner,valeriy-zaharin-aligote-burlyuk-beloe-suhoe-13.webp,267,1000,267,True,
owner,valeriy-zaharin-aligote-valeriy-zaharin-beloe-suhoe-13.webp,264,1000,264,True,
owner,valeriy-zaharin-avtohtonnoe-vino-kryma-avtorskiy-kupazh-bastardo-saperavi-kefesiya-bastardo-magarachskiy-krasnoe-suhoe-12.webp,273,1020,273,True,
owner,valeriy-zaharin-avtohtonnoe-vino-kryma-ot-valeriya-zaharina-aleatiko-kefesiya-rozovoe-suhoe-11.webp,315,1000,315,True,
owner,valeriy-zaharin-avtohtonnoe-vino-kryma-ot-valeriya-zaharina-bastardo-kefesiya-bastardo-magarachskiy-krasnoe-suhoe-115.webp,322,1000,322,True,
owner,valeriy-zaharin-avtohtonnoe-vino-kryma-ot-valeriya-zaharina-kefesiya-rezerv-krasnoe-suhoe-13.webp,323,1000,323,True,
owner,valeriy-zaharin-avtohtonnoe-vino-kryma-ot-valeriya-zaharina-kokur-sary-pandas-kokur-belyy-beloe-suhoe-115.webp,324,1000,324,True,
owner,valeriy-zaharin-avtohtonnoe-vino-kryma-sary-pandas-rezerv-beloe-suhoe-115.webp,323,1000,323,True,
owner,valeriy-zaharin-avtorskoe-vino-ot-valeriya-zaharina-aleatiko-rozovoe-suhoe-115.webp,270,1000,270,True,
owner,valeriy-zaharin-avtorskoe-vino-ot-valeriya-zaharina-bastardo-bastardo-magarachskiy-krasnoe-suhoe-12.webp,267,1000,267,True,
owner,valeriy-zaharin-avtorskoe-vino-ot-valeriya-zaharina-krasnoe-pino-nuar-suhoe-125.webp,200,750,200,True,
owner,valeriy-zaharin-bakkal-su-aligote-beloe-suhoe-115.webp,262,1000,262,True,
owner,valeriy-zaharin-bakkal-su-kaberne-kaberne-sovinon-krasnoe-suhoe-125.webp,257,993,257,True,
owner,valeriy-zaharin-bakkal-su-muskat-ottonel-beloe-polusladkoe-115.webp,264,1000,264,True,
owner,valeriy-zaharin-bakkal-su-saperavi-bastardo-kaberne-sovinon-krasnoe-polusladkoe-11.webp,265,1000,265,True,
owner,valeriy-zaharin-bakkal-su-saperavi-kaberne-sovinon-krasnoe-suhoe-12.webp,264,1000,264,True,
owner,valeriy-zaharin-bastardo-kefesiya-avtohtonnoe-vino-kryma-bastardo-magarachskiy-krasnoe-suhoe-115.webp,267,1000,267,True,
owner,valeriy-zaharin-chetyre-tsveta-bastardo-bastardo-magarachskiy-krasnoe-suhoe-115.webp,270,1000,270,True,
owner,valeriy-zaharin-dom-zaharinyh-beloe-sary-pandas-suhoe-115.webp,223,750,223,True,
owner,valeriy-zaharin-dom-zaharinyh-krasnoe-kaberne-sovinon-suhoe-125.webp,201,750,201,True,
owner,valeriy-zaharin-kaberne-fran-burlyuk-krasnoe-suhoe-13.webp,277,1000,277,True,
owner,valeriy-zaharin-kefesiya-valeriy-zaharin-krasnoe-suhoe-12.webp,265,1000,265,True,
owner,valeriy-zaharin-kokur-klassika-kokur-belyy-beloe-bryut-115.webp,208,750,208,True,
owner,valeriy-zaharin-kokur-valeriy-zaharin-kokur-belyy-beloe-polusladkoe-125.webp,224,1000,224,True,
owner,valeriy-zaharin-muskat-valeriy-zaharin-muskat-ottonel-beloe-polusladkoe-12.webp,224,1000,224,True,
owner,valeriy-zaharin-paterum-bastardo-saperavi-kefesiya-bastardo-magarachskiy-krasnoe-suhoe-12.webp,282,1000,282,True,
owner,valeriy-zaharin-pino-nuar-valeriy-zaharin-krasnoe-polusladkoe-105.webp,224,1000,224,True,
owner,valeriy-zaharin-risling-valeriy-zaharin-risling-reynskiy-beloe-polusladkoe-125.webp,224,1000,224,True,
owner,valeriy-zaharin-rubedo-reserve-merlo-krasnoe-suhoe-13.webp,350,1000,350,True,
owner,valeriy-zaharin-sandzhoveze-burlyuk-krasnoe-suhoe-13.webp,275,1000,275,True,
owner,valeriy-zaharin-saperavi-kaberne-sovinon-bakkal-su-krasnoe-suhoe-12.webp,263,1000,263,True,
owner,valeriy-zaharin-sary-pandas-valeriy-zaharin-beloe-suhoe-125.webp,264,1000,264,True,
owner,valeriy-zaharin-sira-valeriy-zaharin-krasnoe-polusladkoe-125.webp,224,1000,224,True,
owner,valeriy-zaharin-sovinon-blan-valeriy-zaharin-beloe-polusladkoe-105.webp,223,1000,223,True,
owner,valeriy-zaharin-sovinon-valeriy-zaharin-beloe-polusladkoe-125.webp,224,1000,224,True,
owner,valeriy-zaharin-tangovoe-manto-pino-nuar-krasnoe-suhoe-13.webp,302,1000,302,True,
owner,valeriy-zaharin-tangovoe-manto-sovinon-sovinon-blan-beloe-suhoe-125.webp,303,1000,303,True,
owner,valeriy-zaharin-traminer-burlyuk-traminer-rozovyy-beloe-suhoe-135.webp,268,1000,268,True,
owner,valeriy-zaharin-traminer-valeriy-zaharin-traminer-rozovyy-beloe-polusladkoe-105.webp,224,1000,224,True,
owner,vaynkraft-aligote-beloe-suhoe-125.webp,252,1000,252,True,
owner,vaynkraft-blan-pino-nuar-beloe-suhoe-12.webp,256,1000,256,True,
owner,vaynkraft-kaberne-sovinon-krasnoe-suhoe-14.webp,257,1000,257,True,
owner,vaynkraft-pino-nuar-krasnoe-suhoe-13.webp,260,1000,260,True,
owner,vaynkraft-risling-beloe-suhoe-123.webp,253,1000,253,True,
owner,vaynkraft-rkatsiteli-oranzh-oranzhevoe-suhoe-12.webp,258,1000,258,True,
owner,vaynkraft-sovinon-blan-beloe-suhoe-13.webp,259,1000,259,True,
owner,vaynkraft-traminer-oranzh-2-traminer-rozovyy-oranzhevoe-suhoe-125.webp,252,1000,252,True,
owner,vaynkraft-traminer-oranzh-traminer-rozovyy-oranzhevoe-suhoe-125.webp,258,1000,258,True,
owner,vaynkraft-traminer-traminer-rozovyy-beloe-suhoe-14.webp,258,1000,258,True,
owner,vermentino-viognier-2022.webp,2597,5194,2597,True,
owner,vibes-cabernet-franc-pinot-noir-pino-nuar-krasnoe-suhoe-125.webp,275,1000,275,True,
owner,vibes-chardonnay-barrel-fermented-2021.webp,699,1920,699,True,
owner,vibes-chardonnay-barrel-fermented-shardone-beloe-suhoe-125.webp,266,1000,266,True,
owner,vibes-glera-col-fondo-2022.webp,733,1920,733,True,
owner,vibes-montepulchano-kaberne-fran-pti-verdo.webp,640,1920,640,True,
owner,vibes-montepulciano-cabernet-franc-petit-verdot-montepulchano-krasnoe-suhoe-125.webp,266,1000,266,True,
owner,vibes-pinot-grigio-2021.webp,678,1920,678,True,
owner,vibes-riesling-silvaner-2022.webp,640,1920,640,True,
owner,vibes-riesling-silvaner-risling-beloe-suhoe-115.webp,215,1000,215,True,
owner,vibes-silvaner-silvaner-beloe-suhoe-125.webp,214,1000,214,True,
owner,vibes-vermentino-viognier-barrel-fermented-2022.webp,1603,4810,1603,True,
owner,vibes-vermentino-viognier-barrel-fermented-vermentino-beloe-suhoe-115.webp,283,1071,283,True,
owner,viktor-stashko-kaberne-fran-krasnoe-suhoe-145.webp,2362,2362,2362,True,
owner,viktor-stashko-sira-krasnoe-suhoe-14.webp,2362,2362,2362,True,
owner,villa-di-alma-ekstra-bryut-kokur-beloe-125.webp,1000,1000,1000,True,
owner,villa-di-alma-en-barrique-shardone-beloe-ekstra-bryut-12.webp,1000,1000,1000,True,
owner,villa-di-alma-kaberne-sovinon-ekstra-bryut-rozovoe-125.webp,1000,1000,1000,True,
owner,villa-di-alma-pti-verdo-krasnoe-suhoe-125.webp,2362,2362,2362,True,
owner,villa-sofiya-kaberne-sovinon-krasnoe-suhoe-133.webp,265,1000,265,True,
owner,villa-sofiya-merlo-kaberne-sovinon-krasnoe-suhoe-14.webp,265,1000,265,True,
owner,villa-sofiya-risling-beloe-suhoe-12.webp,263,1000,263,True,
owner,villa-sofiya-risling-beloe-suhoe-131.webp,2362,2362,2362,True,
owner,villa-sofiya-shardone-beloe-suhoe-14.webp,263,1000,263,True,
owner,villa-sofiya-sovinon-blan-beloe-suhoe-123.webp,2362,2362,2362,True,
owner,villa-sofiya-sovinon-blan-beloe-suhoe-14.webp,263,1000,263,True,
owner,villa-sofiya-trio-beloe-risling-suhoe-12.webp,263,1000,263,True,
owner,villa-sofiya-trio-beloe-risling-suhoe-123.webp,1000,1000,1000,True,
owner,villa-sofiya-trio-krasnoe-merlo-suhoe-135.webp,1000,1000,1000,True,
owner,villa-sofiya-trio-roze-pino-nuar-rozovoe-suhoe-14.webp,261,1000,261,True,
owner,villa-urkusta-kaberne-sovinon-blan-de-nuar-beloe-suhoe-13.webp,489,1574,489,True,
owner,villa-urkusta-kaberne-sovinon-klaret-rozovoe-polusuhoe-15.webp,906,1371,906,True,
owner,villa-urkusta-kaberne-sovinon-klassik-krasnoe-suhoe-12.webp,906,1371,906,True,
owner,villa-urkusta-kaberne-sovinon-klassik-krasnoe-suhoe-139.webp,906,1371,906,True,
owner,villa-urkusta-kaberne-sovinon-rezerva-krasnoe-suhoe-15.webp,513,1670,513,True,
owner,villa-urkusta-kaberne-sovinon-roze-de-sene-rozovoe-suhoe-13.webp,908,1371,908,True,
owner,vina-arpachina-arpachino-aligote-ekstra-bryut-beloe-115.webp,259,994,259,True,
owner,vina-arpachina-arpachino-inohodets-aligote-beloe-ekstra-bryut-125.webp,264,1000,264,True,
owner,vina-arpachina-arpachino-inohodets-kumshatskiy-beloe-ekstra-bryut-125.webp,253,1000,253,True,
owner,vina-arpachina-arpachino-inohodets-puhlyakovskiy-beloe-ekstra-bryut-125.webp,253,1000,253,True,
owner,vina-arpachina-arpachino-inohodets-sibirkovyy-beloe-ekstra-bryut-125.webp,253,1000,253,True,
owner,vina-arpachina-arpachino-tsimlyanskiy-chernyy-rozovoe-ekstra-bryut-13.webp,262,1000,262,True,
owner,vinabani-aligote-beloe-suhoe-12.webp,228,1000,228,True,
owner,vinabani-pino-nuar-roze-rozovoe-suhoe-12.webp,235,1000,235,True,
owner,vinabani-saperavi-krasnoe-suhoe-135.webp,237,1000,237,True,
owner,vinnyy-fort-adagum-kokur-belyy-beloe-suhoe-12.webp,279,1000,279,True,
owner,vinnyy-kooperativ-intuitsiya-kaberne-sovinon-merlo-saperavi-krasnoe-suhoe-128.webp,240,1000,240,True,
owner,vino-nebo-aligote-sur-lie-aligote-beloe-suhoe-127.webp,257,1000,257,True,
owner,vino-suhoe-beloe-endemy-shardone.webp,445,889,445,True,
owner,vino-suhoe-beloe-endemy-sovinon.webp,445,889,445,True,
owner,vino-suhoe-krasnoe-endemy-saperavi.webp,445,889,445,True,
owner,vino-suhoe-rozovoe-endemy-kaberne-sovinon.webp,445,889,445,True,
owner,vinodelnya-78-aligote-otbornoe-beloe-suhoe-12.webp,255,1000,255,True,
owner,vinodelnya-78-muskat-otbornyy-muskat-yantarnyy-beloe-suhoe-125.webp,246,1000,246,True,
owner,vinodelnya-78-muskat-polusladkoe-muskat-ottonel-beloe-115.webp,218,750,218,True,
owner,vinodelnya-78-saperavi-krasnoe-suhoe-135.webp,249,1000,249,True,
owner,vinodelnya-batrak-contadina-merlo-krasnoe-suhoe-14.webp,252,1000,252,True,
owner,vinodelnya-batrak-glyu-glyu-podarok-magaracha-krasnoe-suhoe-12.webp,263,1000,263,True,
owner,vinodelnya-batrak-kaberne-kortis-krasnoe-suhoe-12.webp,237,1000,237,True,
owner,vinodelnya-batrak-kaberne-sovinon-krasnoe-suhoe-14.webp,273,1000,273,True,
owner,vinodelnya-batrak-klaret-podarok-magaracha-rozovoe-suhoe-12.webp,236,1000,236,True,
owner,vinodelnya-batrak-merlo-rozovoe-suhoe-13.webp,269,1000,269,True,
owner,vinodelnya-batrak-monte-di-cammello-nuvola-bianca-risling-beloe-suhoe-12.webp,239,1000,239,True,
owner,vinodelnya-batrak-perfekt-klassik-kaberne-fran-krasnoe-suhoe-135.webp,242,1000,242,True,
owner,vinodelnya-batrak-perfekt-klassik-kaberne-sovinon-krasnoe-suhoe-135.webp,226,1000,226,True,
owner,vinodelnya-batrak-perfekt-klassik-merlo-krasnoe-suhoe-135.webp,227,1000,227,True,
owner,vinodelnya-batrak-perfekt-klassik-muskat-belyy-beloe-suhoe-125.webp,241,1000,241,True,
owner,vinodelnya-batrak-perfekt-klassik-muskat-rozovyy-rozovoe-suhoe-125.webp,236,1000,236,True,
owner,vinodelnya-batrak-perfekt-klassik-pino-nuar-krasnoe-suhoe-12.webp,235,1000,235,True,
owner,vinodelnya-batrak-perfekt-klassik-saperavi-krasnoe-suhoe-135.webp,225,1000,225,True,
owner,vinodelnya-batrak-perfekt-klassik-sovinon-blan-beloe-suhoe-125.webp,238,1000,238,True,
owner,vinodelnya-batrak-prikumskoe-sonnenschein-shardone-beloe-suhoe-12.webp,238,1000,238,True,
owner,vinodelnya-batrak-prikumskoe-vitale-kraft-kaberne-sovinon-krasnoe-suhoe-135.webp,228,1000,228,True,
owner,vinodelnya-batrak-shpinel-kaberne-sovinon-rozovoe-suhoe-12.webp,272,1000,272,True,
owner,vinodelnya-batrak-vitale-kraft-kaberne-sovinon-krasnoe-suhoe-14.webp,273,1000,273,True,
owner,vinodelnya-begildeeva-kaberne-sovinon-krasnoe-suhoe-14.webp,232,1000,232,True,
owner,vinodelnya-begildeeva-kaberne-sovinon-merlo-krasnoe-suhoe-14.webp,234,1000,234,True,
owner,vinodelnya-begildeeva-merlo-krasnoe-suhoe-14.webp,229,1000,229,True,
owner,vinodelnya-berdyaeva-kaberne-fran-krasnoe-suhoe-115.webp,235,1000,235,True,
owner,vinodelnya-berdyaeva-kaberne-kaberne-sovinon-krasnoe-suhoe-138.webp,235,1000,235,True,
owner,vinodelnya-berdyaeva-kaberne-sovinon-krasnoe-suhoe-145.webp,235,1000,235,True,
owner,vinodelnya-berdyaeva-risling-beloe-polusuhoe-108.webp,240,1000,240,True,
owner,vinodelnya-berdyaeva-risling-risling-reynskiy-beloe-suhoe-121.webp,236,1000,236,True,
owner,vinodelnya-berdyaeva-shardone-beloe-suhoe-125.webp,235,1000,235,True,
owner,vinodelnya-bratev-melnikovyh-kaberne-sovinon-kaberne-fran-dva-brata-krasnoe-suhoe-145.webp,285,1000,285,True,
owner,vinodelnya-bratev-melnikovyh-pino-dva-brata-pino-gri-rozovoe-suhoe-13.webp,277,1000,277,True,
owner,vinodelnya-byurne-byurne-pino-blan-beloe-suhoe-14.webp,324,889,324,True,
owner,vinodelnya-byurne-kaberne-fran-krasnoe-suhoe-135.webp,324,889,324,True,
owner,vinodelnya-byurne-kaberne-sovinon-krasnoe-suhoe-135.webp,324,889,324,True,
owner,vinodelnya-byurne-krasnostop-krasnoe-suhoe-145.webp,1600,3966,1600,True,
owner,vinodelnya-byurne-lyublyu-beloe-shardone-suhoe-135.webp,361,889,361,True,
owner,vinodelnya-byurne-lyublyu-krasnoe-kaberne-fran-suhoe-135.webp,361,889,361,True,
owner,vinodelnya-byurne-merlo-krasnoe-suhoe-14.webp,324,889,324,True,
owner,vinodelnya-byurne-saperavi-krasnoe-suhoe-135.webp,516,1280,516,True,
owner,vinodelnya-byurne-sira-krasnoe-suhoe-135.webp,1600,3966,1600,True,
owner,vinodelnya-byurne-vione-beloe-suhoe-135.webp,324,889,324,True,
owner,vinodelnya-konstantina-dzitoeva-kd-bryut-shardone-beloe-115.webp,1000,1000,1000,True,
owner,vinodelnya-konstantina-dzitoeva-kd-rezerv-merlo-krasnoe-suhoe-12.webp,1000,1000,1000,True,
owner,vinodelnya-konstantina-dzitoeva-kd-shardone-beloe-suhoe-128.webp,2362,2362,2362,True,
owner,vinodelnya-konstantina-dzitoeva-kion-kaberne-sovinon-krasnoe-suhoe-145.webp,1000,1000,1000,True,
owner,vinodelnya-krinitsa-arena-sira-krasnoe-suhoe-13.webp,277,1000,277,True,
owner,vinodelnya-krinitsa-aroma-pti-mansen-beloe-sladkoe-137.webp,213,1000,213,True,
owner,vinodelnya-krinitsa-azyur-risling-beloe-suhoe-127.webp,2362,2362,2362,True,
owner,vinodelnya-krinitsa-azyur-vione-beloe-suhoe-12.webp,278,1000,278,True,
owner,vinodelnya-krinitsa-ester-muskat-beloe-suhoe-128.webp,218,1000,218,True,
owner,vinodelnya-krinitsa-ester-muskat-belyy-beloe-suhoe-12.webp,2362,2362,2362,True,
owner,vinodelnya-krinitsa-kollin-sira-krasnoe-suhoe-13.webp,303,993,303,True,
owner,vinodelnya-krinitsa-risling-beloe-suhoe-13.webp,215,1000,215,True,
owner,vinodelnya-krinitsa-rivazh-kaberne-sovinon-krasnoe-suhoe-13.webp,280,1000,280,True,
owner,vinodelnya-krinitsa-sirakyuz-krasnoe-suhoe-13.webp,235,1000,235,True,
owner,vinodelnya-krinitsa-vione-beloe-suhoe-133.webp,318,1000,318,True,
owner,vinodelnya-marchenko-gechei-zamatosh-beloe-suhoe-135.webp,236,1000,236,True,
owner,vinodelnya-marchenko-kaberne-sovinon-krasnoe-suhoe-14.webp,236,1000,236,True,
owner,vinodelnya-marchenko-krasnostop-zolotovskiy-krasnoe-suhoe-14.webp,235,1000,235,True,
owner,vinodelnya-marchenko-merlo-krasnoe-suhoe-14.webp,235,1000,235,True,
owner,vinodelnya-marchenko-mtsvane-mtsvane-kahetinskiy-beloe-suhoe-135.webp,233,1000,233,True,
owner,vinodelnya-marchenko-rkatsiteli-beloe-suhoe-135.webp,232,1000,232,True,
owner,vinodelnya-marchenko-rubin-rubin-azos-krasnoe-suhoe-14.webp,235,1000,235,True,
owner,vinodelnya-marchenko-svezhiy-veter-mtsvane-mtsvane-kahetinskiy-beloe-suhoe-135.webp,235,1000,235,True,
owner,vinodelnya-marchenko-vermilon-kaberne-azos-krasnoe-suhoe-14.webp,235,1000,235,True,
owner,vinodelnya-marko-assamblyazh-kaberne-sovinon-krasnoe-suhoe-14.webp,245,1000,245,True,
owner,vinodelnya-marko-dikiy-sovinon-sovinon-blan-beloe-suhoe-12.webp,234,1000,234,True,
owner,vinodelnya-marko-merlo-krasnoe-suhoe-14.webp,244,1000,244,True,
owner,vinodelnya-marko-risling-beloe-suhoe-12.webp,286,1000,286,True,
owner,vinodelnya-marko-vione-beloe-suhoe-12.webp,286,1000,286,True,
owner,vinodelnya-molchanova-ice-wine-tsvetochnyy-beloe-sladkoe-11.webp,2362,2362,2362,True,
owner,vinodelnya-molchanova-krasnostop-zolotovskiy-krasnoe-suhoe-13.webp,2362,2362,2362,True,
owner,vinodelnya-molchanova-krasnostop-zolotovskiy-krasnoe-suhoe-135.webp,243,1000,243,True,
owner,vinodelnya-myshako-aligote-vione-kyuve-beloe-polusladkoe-125.webp,271,1000,271,True,
owner,vinodelnya-myshako-blanc-de-blancs-shardone-beloe-bryut-121.webp,230,750,230,True,
owner,vinodelnya-myshako-chernoe-iz-chernogo-appassimento-kaberne-sovinon-krasnoe-suhoe-15.webp,270,1000,270,True,
owner,vinodelnya-myshako-chernoe-iz-krasnogo-appassimento-kaberne-sovinon-krasnoe-polusuhoe-15.webp,270,1000,270,True,
owner,vinodelnya-myshako-chernyy-udar-marselan-krasnoe-suhoe-162.webp,270,1000,270,True,
owner,vinodelnya-myshako-flute-blaufrankish-rozovoe-bryut-126.webp,228,750,228,True,
owner,vinodelnya-myshako-flute-bryut-beloe-shardone-11.webp,229,750,229,True,
owner,vinodelnya-myshako-flute-gevyurtstraminer-sovinon-blan-beloe-bryut-122.webp,228,750,228,True,
owner,vinodelnya-myshako-flute-vione-aligote-beloe-bryut-12.webp,228,750,228,True,
owner,vinodelnya-myshako-gevyurtstraminer-kyuve-bryut-beloe-123.webp,228,750,228,True,
owner,vinodelnya-myshako-gevyurtstraminer-mode-petnat-beloe-bryut-118.webp,229,750,229,True,
owner,vinodelnya-myshako-kaberne-fran-avtorskaya-tehnologiya-krasnoe-suhoe-142.webp,272,1000,272,True,
owner,vinodelnya-myshako-kaberne-fran-krasnoe-suhoe-142.webp,273,1000,273,True,
owner,vinodelnya-myshako-kaberne-myshako-grand-rezerv-kaberne-sovinon-krasnoe-suhoe-125.webp,249,1000,249,True,
owner,vinodelnya-myshako-kaberne-sovinon-black-out-krasnoe-polusuhoe-16.webp,340,1000,340,True,
owner,vinodelnya-myshako-kaberne-sovinon-krasnoe-suhoe-138.webp,272,1000,272,True,
owner,vinodelnya-myshako-kaberne-sovinon-merlo-kyuve-krasnoe-suhoe-142.webp,272,1000,272,True,
owner,vinodelnya-myshako-marselan-avtorskaya-tehnologiya-krasnoe-suhoe-144.webp,272,1000,272,True,
owner,vinodelnya-myshako-marselan-krasnoe-suhoe-143.webp,273,1000,273,True,
owner,vinodelnya-myshako-marselan-krasnoe-suhoe-144.webp,272,998,272,True,
owner,vinodelnya-myshako-marselan-mode-appassimento-krasnoe-suhoe-146.webp,273,1000,273,True,
owner,vinodelnya-myshako-marselan-mode-krasnoe-suhoe-145.webp,274,1000,274,True,
owner,vinodelnya-myshako-merlo-black-out-krasnoe-sladkoe-14.webp,340,1000,340,True,
owner,vinodelnya-myshako-merlo-grand-rezerv-krasnoe-suhoe-142.webp,243,890,243,True,
owner,vinodelnya-myshako-merlo-tempranilo-kyuve-krasnoe-polusladkoe-135.webp,271,1000,271,True,
owner,vinodelnya-myshako-merlo-zinfandel-kyuve-rozovoe-suhoe-128.webp,275,1000,275,True,
owner,vinodelnya-myshako-muskat-avtorskaya-tehnologiya-mono-beloe-suhoe-128.webp,272,1000,272,True,
owner,vinodelnya-myshako-myshako-kyuve-rozovoe-pino-nuar-bryut-123.webp,230,750,230,True,
owner,vinodelnya-myshako-oranzhevoe-iz-belogo-gevyurtstraminer-krasnoe-suhoe-142.webp,273,1000,273,True,
owner,vinodelnya-myshako-pino-gridzhio-beloe-polusuhoe-123.webp,273,1000,273,True,
owner,vinodelnya-myshako-pino-nuar-karmener-reserve-krasnoe-suhoe-138.webp,270,1000,270,True,
owner,vinodelnya-myshako-primitivo-blaufrankish-reserve-krasnoe-suhoe-142.webp,270,1000,270,True,
owner,vinodelnya-myshako-quintessence-aligote-beloe-suhoe-128.webp,270,993,270,True,
owner,vinodelnya-myshako-quintessence-blaufrankish-rozovoe-bryut-115.webp,229,750,229,True,
owner,vinodelnya-myshako-quintessence-brut-muskat-muskat-belyy-beloe-bryut-12.webp,228,750,228,True,
owner,vinodelnya-myshako-quintessence-brut-vione-beloe-bryut-115.webp,228,750,228,True,
owner,vinodelnya-myshako-quintessence-gevyurtstraminer-beloe-suhoe-128.webp,271,1000,271,True,
owner,vinodelnya-myshako-quintessence-kaberne-sovinon-ripasso-krasnoe-suhoe-152.webp,273,1000,273,True,
owner,vinodelnya-myshako-quintessence-karmener-krasnoe-suhoe-146.webp,273,1000,273,True,
owner,vinodelnya-myshako-quintessence-new-generation-brut-white-shardone-beloe-bryut-11.webp,230,750,230,True,
owner,vinodelnya-myshako-quintessence-new-generation-kaberne-fran-krasnoe-suhoe-145.webp,271,1000,271,True,
owner,vinodelnya-myshako-quintessence-new-generation-risling-zekt-beloe-bryut-125.webp,228,750,228,True,
owner,vinodelnya-myshako-quintessence-new-generation-semi-dry-rose-pino-nuar-rozovoe-polusuhoe-11.webp,229,750,229,True,
owner,vinodelnya-myshako-quintessence-new-generation-semi-sweet-white-vione-beloe-polusladkoe-11.webp,229,750,229,True,
owner,vinodelnya-myshako-quintessence-new-generation-sovinon-blan-beloe-suhoe-122.webp,271,1000,271,True,
owner,vinodelnya-myshako-quintessence-new-generation-tempranilo-krasnoe-suhoe-134.webp,270,1000,270,True,
owner,vinodelnya-myshako-quintessence-new-generation-zinfandel-rozovoe-polusuhoe-115.webp,228,750,228,True,
owner,vinodelnya-myshako-quintessence-reserve-pino-nuar-krasnoe-suhoe-148.webp,271,1000,271,True,
owner,vinodelnya-myshako-quintessence-reserve-risling-krasnoe-suhoe-131.webp,271,1000,271,True,
owner,vinodelnya-myshako-quintessence-shtorm-merlo-krasnoe-sladkoe-147.webp,273,1000,273,True,
owner,vinodelnya-myshako-quintessence-sovinon-blan-bryut-beloe-115.webp,230,750,230,True,
owner,vinodelnya-myshako-quintessence-storm-pino-nuar-beloe-suhoe-128.webp,272,1000,272,True,
owner,vinodelnya-myshako-quintessence-storm-shiraz-krasnoe-polusuhoe-15.webp,283,1120,283,True,
owner,vinodelnya-myshako-quintessence-vione-beloe-suhoe-128.webp,271,1000,271,True,
owner,vinodelnya-myshako-quintessence-zinfandel-krasnoe-suhoe-155.webp,272,1000,272,True,
owner,vinodelnya-myshako-risling-beloe-suhoe-123.webp,272,1000,272,True,
owner,vinodelnya-myshako-risling-blanc-out-beloe-suhoe-145.webp,340,1000,340,True,
owner,vinodelnya-myshako-risling-kyuve-bryut-beloe-126.webp,228,750,228,True,
owner,vinodelnya-myshako-risling-mode-kabinett-beloe-polusuhoe-126.webp,274,1000,274,True,
owner,vinodelnya-myshako-rose-de-noirs-pino-nuar-rozovoe-bryut-123.webp,230,750,230,True,
owner,vinodelnya-myshako-rouge-de-noirs-merlo-krasnoe-bryut-13.webp,230,750,230,True,
owner,vinodelnya-myshako-semilon-aligote-reserve-beloe-suhoe-126.webp,273,1000,273,True,
owner,vinodelnya-myshako-sesto-senso-fruktovyy-vzryv-kaberne-sovinon-krasnoe-suhoe-155.webp,275,1000,275,True,
owner,vinodelnya-myshako-sesto-senso-tropicheskiy-vzryv-gevyurtstraminer-beloe-suhoe-12.webp,273,1000,273,True,
owner,vinodelnya-myshako-sesto-senso-tropicheskiy-vzryv-sovinon-blan-beloe-suhoe-12.webp,271,1000,271,True,
owner,vinodelnya-myshako-sesto-senso-yagodnyy-vzryv-merlo-rozovoe-suhoe-122.webp,273,1000,273,True,
owner,vinodelnya-myshako-shardone-aligote-kyuve-beloe-suhoe-125.webp,272,1000,272,True,
owner,vinodelnya-myshako-shardone-avtorskaya-tehnologiya-beloe-suhoe-155.webp,273,1000,273,True,
owner,vinodelnya-myshako-shardone-beloe-suhoe-123.webp,273,1000,273,True,
owner,vinodelnya-myshako-shardone-beloe-suhoe-145.webp,398,1000,398,True,
owner,vinodelnya-myshako-shardone-myshako-grand-rezerv-beloe-suhoe-125.webp,197,817,197,False,
owner,vinodelnya-myshako-shiraz-black-out-krasnoe-suhoe-152.webp,340,1000,340,True,
owner,vinodelnya-myshako-shiraz-krasnoe-suhoe-146.webp,274,1000,274,True,
owner,vinodelnya-myshako-sira-marselan-kyuve-krasnoe-suhoe-136.webp,272,1000,272,True,
owner,vinodelnya-myshako-sovinon-blan-avtorskaya-tehnologiya-mono-beloe-suhoe-128.webp,397,1000,397,True,
owner,vinodelnya-myshako-sovinon-blan-beloe-suhoe-122.webp,396,1000,396,True,
owner,vinodelnya-myshako-sovinon-blan-blanc-out-beloe-suhoe-138.webp,340,1000,340,True,
owner,vinodelnya-myshako-sovinon-blan-kyuve-beloe-suhoe-134.webp,273,1000,273,True,
owner,vinodelnya-myshako-sovinon-blan-mode-cold-style-beloe-suhoe-122.webp,274,1000,274,True,
owner,vinodelnya-myshako-sovinon-blan-mode-petnat-beloe-bryut-12.webp,229,750,229,True,
owner,vinodelnya-myshako-sovinon-blan-vione-kyuve-beloe-suhoe-125.webp,272,1000,272,True,
owner,vinodelnya-myshako-sovinon-semilon-kyuve-sovinon-blan-beloe-suhoe-132.webp,271,1000,271,True,
owner,vinodelnya-myshako-tempranilo-rozovoe-suhoe-134.webp,273,1000,273,True,
owner,vinodelnya-myshako-zinfandel-mode-krasnoe-suhoe-148.webp,274,1000,274,True,
owner,vinodelnya-myshako-zinfandel-mode-petnat-rozovoe-polusuhoe-12.webp,229,750,229,True,
owner,vinodelnya-pokrovskaya-marinka-marinovskiy-rozovoe-suhoe-123.webp,261,1000,261,True,
owner,vinodelnya-pokrovskaya-pokrovskoe-krasnoe-kaberne-sovinon-suhoe-14.webp,256,1000,256,True,
owner,vinodelnya-pokrovskaya-pokrovskoe-sladkoe-krasnoe-kaberne-sovinon-13.webp,255,997,255,True,
owner,vinodelnya-pokrovskaya-risling-pokrovskoe-risling-reynskiy-beloe-suhoe-13.webp,256,1000,256,True,
owner,vinodelnya-pokrovskaya-rkatsiteli-shardone-pokrovskoe-beloe-suhoe-13.webp,254,1000,254,True,
owner,vinodelnya-pokrovskaya-rozovoe-marinovskiy-suhoe-135.webp,261,999,261,True,
owner,vinodelnya-pokrovskaya-ryzhest-rkatsiteli-beloe-suhoe-11.webp,264,1000,264,True,
owner,vinodelnya-pokrovskaya-sovinon-blan-pokrovskoe-beloe-suhoe-12.webp,253,1000,253,True,
owner,vinodelnya-raevskoe-eklego-krasnoe-tempranilo-suhoe-13.webp,206,750,206,True,
owner,vinodelnya-raevskoe-genezis-beloe-risling-suhoe-123.webp,246,1000,246,True,
owner,vinodelnya-raevskoe-genezis-krasnoe-kaberne-sovinon-suhoe-13.webp,247,1000,247,True,
owner,vinodelnya-raevskoe-genezis-rozovoe-tempranilo-suhoe-117.webp,248,1000,248,True,
owner,vinodelnya-raevskoe-glou-krasnoe-merlo-suhoe-14.webp,203,750,203,True,
owner,vinodelnya-raevskoe-parfyum-de-terruar-blansh-vione-beloe-suhoe-12.webp,275,1000,275,True,
owner,vinodelnya-raevskoe-parfyum-de-terruar-muskat-muskat-zheltyy-beloe-suhoe-123.webp,275,1000,275,True,
owner,vinodelnya-raevskoe-parfyum-de-terruar-risling-beloe-suhoe-12.webp,274,1000,274,True,
owner,vinodelnya-raevskoe-parfyum-de-terruar-roze-tempranilo-rozovoe-suhoe-116.webp,273,1000,273,True,
owner,vinodelnya-raevskoe-parfyum-de-terruar-ruzh-tempranilo-krasnoe-suhoe-13.webp,273,1000,273,True,
owner,vinodelnya-raevskoe-parfyum-de-terruar-sovinon-blan-beloe-suhoe-121.webp,275,1000,275,True,
owner,vinodelnya-raevskoe-renessans-beloe-shardone-suhoe-126.webp,202,750,202,True,
owner,vinodelnya-raevskoe-renessans-belyy-blend-risling-beloe-suhoe-121.webp,332,1000,332,True,
owner,vinodelnya-raevskoe-renessans-blaufrankish-krasnoe-suhoe-128.webp,2362,2362,2362,True,
owner,vinodelnya-raevskoe-renessans-karmener-krasnoe-suhoe-12.webp,2362,2362,2362,True,
owner,vinodelnya-raevskoe-renessans-krasnoe-kaberne-sovinon-suhoe-13.webp,201,750,201,True,
owner,vinodelnya-raevskoe-renessans-pino-nuar-krasnoe-suhoe-125.webp,323,1000,323,True,
owner,vinodelnya-raevskoe-renessans-pti-verdo-krasnoe-suhoe-145.webp,2362,2362,2362,True,
owner,vinodelnya-raevskoe-renessans-rozovoe-tempranilo-suhoe-12.webp,242,750,242,True,
owner,vinodelnya-raevskoe-renessans-shardone-beloe-suhoe-127.webp,2362,2362,2362,True,
owner,vinodelnya-raevskoe-renessans-shardone-beloe-suhoe-128.webp,323,1000,323,True,
owner,vinodelnya-raevskoe-renessans-tempranilo-krasnoe-suhoe-135.webp,332,1000,332,True,
owner,vinodelnya-raevskoe-renessans-vione-beloe-suhoe-122.webp,323,1000,323,True,
owner,vinodelnya-uzunov-aligote-beloe-suhoe-127.webp,2362,2362,2362,True,
owner,vinodelnya-uzunov-bunt-tsitronnyy-magaracha-beloe-suhoe-132.webp,2362,2362,2362,True,
owner,vinodelnya-uzunov-glad-shardone-beloe-ekstra-bryut-127.webp,1000,1000,1000,True,
owner,vinodelnya-uzunov-krasa-kaberne-sovinon-krasnoe-suhoe-125.webp,2362,2362,2362,True,
owner,vinodelnya-uzunov-mono-kaberne-sovinon-krasnoe-suhoe-139.webp,294,1120,294,True,
owner,vinodelnya-uzunov-mono-krasnostop-krasnostop-zolotovskiy-krasnoe-suhoe-139.webp,265,801,265,True,
owner,vinodelnya-uzunov-mono-saperavi-krasnoe-suhoe-139.webp,259,997,259,True,
owner,vinodelnya-uzunov-nrav-krasnostop-zolotovskiy-krasnoe-suhoe-132.webp,3344,5017,3344,True,
owner,vinodelnya-uzunov-nrav-rezerv-krasnostop-zolotovskiy-krasnoe-suhoe-139.webp,1507,2260,1507,True,
owner,vinodelnya-uzunov-rash-rezerv-risling-reynskiy-beloe-suhoe-127.webp,282,1000,282,True,
owner,vinodelnya-uzunov-rash-risling-beloe-suhoe-127.webp,2362,2362,2362,True,
owner,vinodelnya-uzunov-roze-ekstra-bryut-kaberne-sovinon-rozovoe-127.webp,1000,1000,1000,True,
owner,vinodelnya-uzunov-shardone-rezerv-beloe-suhoe-135.webp,1507,2260,1507,True,
owner,vinodelnya-uzunov-sovinon-blan-beloe-suhoe-125.webp,339,1200,339,True,
owner,vinodelnya-uzunov-sovinon-kukuoba-sovinon-blan-beloe-ekstra-bryut-12.webp,1000,1000,1000,True,
owner,vinodelnya-vedernikov-5050-tsimlyanskiy-sibirkovyy-ekstra-bryut-beloe-12.webp,314,997,314,True,
owner,vinodelnya-vedernikov-fantom-3070-krasnostop-zolotovskiy-krasnoe-suhoe-145.webp,264,1000,264,True,
owner,vinodelnya-vedernikov-fantom-5050-krasnostop-zolotovskiy-krasnoe-suhoe-145.webp,264,1000,264,True,
owner,vinodelnya-vedernikov-fantom-7030-krasnostop-zolotovskiy-krasnoe-suhoe-15.webp,266,997,266,True,
owner,vinodelnya-vedernikov-gubernatorskiy-rezerv-beloe-risling-suhoe-12.webp,263,1000,263,True,
owner,vinodelnya-vedernikov-gubernatorskiy-rezerv-krasnoe-kaberne-sovinon-suhoe-14.webp,263,1000,263,True,
owner,vinodelnya-vedernikov-gubernatorskoe-golubok-krasnoe-suhoe-11.webp,235,1000,235,True,
owner,vinodelnya-vedernikov-gubernatorskoe-kaberne-krasnostop-zolotovskiy-krasnoe-suhoe-12.webp,235,1000,235,True,
owner,vinodelnya-vedernikov-gubernatorskoe-risling-beloe-suhoe-12.webp,263,1000,263,True,
owner,vinodelnya-vedernikov-gubernatorskoe-rkatsiteli-beloe-suhoe-13.webp,600,800,600,True,
owner,vinodelnya-vedernikov-gubernatorskoe-rozovoe-tsimlyanskiy-chernyy-suhoe-11.webp,239,1000,239,True,
owner,vinodelnya-vedernikov-kaberne-sovinon-krasnoe-suhoe-14.webp,265,1000,265,True,
owner,vinodelnya-vedernikov-krasnostop-zolotovskiy-krasnoe-suhoe-13.webp,263,1000,263,True,
owner,vinodelnya-vedernikov-krasnostop-zolotovskiy-rezerv-krasnoe-suhoe-15.webp,264,1000,264,True,
owner,vinodelnya-vedernikov-krasnostop-zolotovskiy-roze-rozovoe-suhoe-12.webp,265,1000,265,True,
owner,vinodelnya-vedernikov-pravoberezhnoe-beloe-aligote-suhoe-13.webp,1025,3988,1025,True,
owner,vinodelnya-vedernikov-pravoberezhnoe-krasnoe-kaberne-sovinon-suhoe-145.webp,228,971,228,True,
owner,vinodelnya-vedernikov-rkatsiteli-beloe-suhoe-13.webp,254,1000,254,True,
owner,vinodelnya-vedernikov-sibirkovyy-aligote-beloe-bryut-117.webp,322,1000,322,True,
owner,vinodelnya-vedernikov-sibirkovyy-beloe-suhoe-11.webp,172,620,172,False,
owner,vinodelnya-vedernikov-sibirkovyy-ekstra-bryut-beloe-117.webp,317,1000,317,True,
owner,vinodelnya-vedernikov-tsimlyanskiy-chernyy-blanc-de-noirs-beloe-bryut-117.webp,475,1500,475,True,
owner,vinodelnya-vedernikov-tsimlyanskiy-chernyy-bryut-roze-rozovoe-129.webp,280,999,280,True,
owner,vinodelnya-vedernikov-tsimlyanskiy-chernyy-bryut-roze-rozovoe-14.webp,1000,1000,1000,True,
owner,vinodelnya-vedernikov-tsimlyanskiy-chernyy-rezerv-krasnoe-suhoe-145.webp,279,1000,279,True,
owner,vinodelnya-vedernikov-tsimlyanskiy-chernyy-rozovyy-rozovoe-suhoe-125.webp,239,1000,239,True,
owner,vinodelnya-vedernikov-vedernikov-dolina-dona-beloe-suhoe-aligote-12.webp,407,1500,407,True,
owner,vinodelnya-vedernikov-vedernikov-dolina-dona-krasnoe-suhoe-kaberne-sovinon-125.webp,410,1500,410,True,
owner,vinodelnya-vedernikov-vedernikov-gubernatorskoe-golubok-krasnoe-suhoe-115.webp,405,1500,405,True,
owner,vinodelnya-vedernikov-vedernikov-gubernatorskoe-rezerv-kaberne-sovinon-krasnoe-suhoe-14.webp,410,1500,410,True,
owner,vinodelnya-vedernikov-vedernikov-kaberne-sovinon-krasnoe-suhoe-145.webp,408,1500,408,True,
owner,vinodelnya-vedernikov-vedernikov-krasnostop-zolotovskiy-krasnoe-suhoe-145.webp,407,1500,407,True,
owner,vinodelnya-vedernikov-vedernikov-krasnostop-zolotovskiy-magnum-krasnoe-suhoe-145.webp,405,1500,405,True,
owner,vinodelnya-vedernikov-vedernikov-pet-nat-golubok-krasnyy-bryut-krasnoe-suhoe-13.webp,799,1500,799,True,
owner,vinodelnya-vedernikov-vedernikov-pet-nat-platovskiy-aligote-bryut-beloe-suhoe-10.webp,423,1500,423,True,
owner,vinodelnya-vedernikov-vedernikov-puhlyakovskiy-beloe-suhoe-12.webp,394,1500,394,True,
owner,vinodelnya-vedernikov-vedernikov-tsimlyanskiy-chyornyy-bryut-roze-2-tsimlyanskiy-chernyy-rozovoe-12.webp,434,1500,434,True,
owner,vinodelnya-vedernikov-vedernikov-tsimlyanskiy-chyornyy-bryut-roze-tsimlyanskiy-chernyy-rozovoe-12.webp,476,1500,476,True,
owner,vinodelnya-vedernikov-vedernikov-tsimlyanskiy-chyornyy-bryut-tsimlyanskiy-chernyy-beloe-12.webp,475,1500,475,True,
owner,vinodelnya-vedernikov-vedernikov-tsimlyanskiy-chyornyy-tsimlyanskiy-chernyy-krasnoe-suhoe-14.webp,412,1500,412,True,
owner,vinodelnya-vedernikov-vinodelnya-vedernikov-pet-nat-roze-tsimlyanskiy-chernyy-rozovoe-suhoe-12.webp,422,1500,422,True,
owner,vinodelnya-vedernikov-vinodelnya-vedernikov-tsimlyanskiy-chernyy-sibirkovyy-ekstra-bryut-beloe-13.webp,478,1500,478,True,
owner,vinodelnya-zhakov-fresherst-saperavi-krasnoe-suhoe-118.webp,259,1000,259,True,
owner,vinodelnya-zhakov-karbon-saperavi-krasnoe-suhoe-126.webp,259,1000,259,True,
owner,vinodelnya-zhakov-kokurkod-beloe-suhoe-118.webp,252,1000,252,True,
owner,vinodelnya-zhakov-logovo-saperavi-krasnoe-suhoe-126.webp,258,1000,258,True,
owner,vinodelnya-zhakov-neoranzh-vostorg-beloe-suhoe-123.webp,258,1000,258,True,
owner,vinodelnya-zhakov-rkatsiteli-eskeyp-krasnoe-suhoe-119.webp,277,1000,277,True,
owner,vinodelnya-zhakov-rozeo-saperavi-rozovoe-suhoe-115.webp,263,1000,263,True,
owner,vinodelnya-zhakov-saperavi-escape-krasnoe-suhoe-127.webp,281,1000,281,True,
owner,vinodelnya-zhakov-saperavi-krasnoe-suhoe-126.webp,265,1000,265,True,
owner,vinodelnya-zhakov-saperavi-vyderzhannoe-krasnoe-suhoe-115.webp,267,1000,267,True,
owner,vinodelnya-zhakov-shardone-eskeyp-beloe-suhoe-12.webp,269,1000,269,True,
owner,vinodelnya-zhakov-tavkveri-escape-krasnoe-suhoe-117.webp,278,1000,278,True,
owner,vinodelnya-zhakov-vostorg-beloe-suhoe-116.webp,267,1000,267,True,
owner,vinogradniki-gay-kodzora-elegance-rose-de-gai-kodzor-sira-rozovoe-suhoe-125.webp,265,1000,265,True,
owner,vinogradniki-gay-kodzora-gewurztraminer-de-gai-kodzor-gevyurtstraminer-beloe-polusuhoe-135.webp,272,1000,272,True,
owner,vinogradniki-gay-kodzora-malbec-de-gai-kodzor-malbek-krasnoe-suhoe-135.webp,271,990,271,True,
owner,vinogradniki-gay-kodzora-malbec-red-klen-de-gai-kodzor-malbek-krasnoe-suhoe-135.webp,266,1000,266,True,
owner,vinogradniki-gay-kodzora-muscat-de-gai-kodzor-sladkiy-muskat-aleksandriyskiy-beloe-sladkoe-14.webp,271,1000,271,True,
owner,vinogradniki-gay-kodzora-muscat-ga-kodzor-muskat-melkozernistyy-beloe-suhoe-12.webp,265,1000,265,True,
owner,vinogradniki-gay-kodzora-rose-cuvee-prestige-de-gai-kodzor-murvedr-rozovoe-suhoe-13.webp,269,1000,269,True,
owner,vinogradniki-gay-kodzora-rose-de-gai-kodzor-grenash-rozovoe-suhoe-125.webp,244,1000,244,True,
owner,vinogradniki-gay-kodzora-sauvignon-blanc-de-ga-kodzor-sovinon-blan-beloe-suhoe-12.webp,276,1000,276,True,
owner,vinogradniki-gay-kodzora-semillion-de-gai-kodzor-semilon-beloe-sladkoe-12.webp,302,998,302,True,
owner,vinogradniki-gay-kodzora-terroir-blanc-de-ga-kodzor-semilon-beloe-suhoe-13.webp,273,1000,273,True,
owner,vinogradniki-gay-kodzora-terroir-de-gai-kodzor-sira-krasnoe-suhoe-14.webp,272,1000,272,True,
owner,vinogradniki-gay-kodzora-terroir-red-klyon-de-ga-kodzor-sira-krasnoe-suhoe-14.webp,264,1000,264,True,
owner,vinogradniki-gay-kodzora-viognier-de-ga-kodzor-vione-beloe-suhoe-125.webp,273,1000,273,True,
owner,vintazh-premium.webp,304,495,304,True,
owner,viognier-special-reserve.webp,156,156,156,False,
owner,vysokij-bereg-czvajgelt.webp,328,1200,328,True,
owner,vysokij-bereg-risling-zelenaya-seriya-1.webp,1019,3544,1019,True,
owner,vysokij-bereg-risling-zelenaya-seriya-2.webp,536,1538,536,True,
owner,vysokij-bereg-risling-zelenaya-seriya.webp,538,2315,538,True,
owner,vysokij-bereg-traminer-zelenaya-seriya.webp,538,2315,538,True,
owner,wein-und-wasser-vayn-taym-sira-krym-krasnoe-suhoe-13.webp,395,1500,395,True,
owner,wein-und-wasser-vayn-taym-sovinon-blan-krym-beloe-suhoe-12.webp,395,1500,395,True,
owner,wine-1.webp,890,889,889,True,
owner,wine.webp,3098,4637,3098,True,
owner,winemaker-selection.webp,432,1200,432,True,
owner,winepark-kokur-kokur-belyy-beloe-suhoe-13.webp,2362,2362,2362,True,
owner,winepark-kuchuk-isar-kaberne-sovinon-krasnoe-suhoe-135.webp,2362,2362,2362,True,
owner,winepark-pino-blan-beloe-suhoe-125.webp,2362,2362,2362,True,
owner,winepark-risling-beloe-suhoe-125.webp,2362,2362,2362,True,
owner,ya-jla-risling.webp,307,532,307,True,
owner,yaiyla-winery-kokur-kokur-belyy-beloe-suhoe-13.webp,2362,2362,2362,True,
owner,zakat-denisov-vajneri.webp,388,1012,388,True,
owner,zb-wine-moscato-beloe-polusladkoe.webp,346,1200,346,True,
owner,zhemchuzhnaya-9-aligote-czitron.webp,223,889,223,True,
owner,zhemchuzhnaya-9-czitron-shardone-1.webp,323,1280,323,True,
owner,zhemchuzhnaya-9-czitron-shardone.webp,223,889,223,True,
owner,zhemchuzhnaya-9-kaberne-sovinon-pino-nuar-1.webp,319,1280,319,True,
owner,zhemchuzhnaya-9-kaberne-sovinon-pino-nuar.webp,318,1280,318,True,
owner,zhemchuzhnaya-9-muskat-rozovyj-kaberne-sovinon.webp,316,1280,316,True,
owner,zhemchuzhnaya-9-muskat-rozovyj-pino-gri.webp,323,1280,323,True,
owner,zhemchuzhnaya-9-pino-gri-pino-nuar.webp,224,889,224,True,
owner,zhemchuzhnaya-9-pino-nuar-muskat-rozovyj-1.webp,324,1280,324,True,
owner,zhemchuzhnaya-9-pino-nuar-muskat-rozovyj-2.webp,316,1280,316,True,
owner,zhemchuzhnaya-9-pino-nuar-muskat-rozovyj.webp,224,889,224,True,
owner,zhemchuzhnaya-9-risling-sovinon-blan.webp,322,1280,322,True,
owner,zhemchuzhnaya-9-sovinon-blan-aligote.webp,225,889,225,True,
owner,zimovets-avtohton-tsimlyanskiy-chernyy-krasnoe-suhoe-135.webp,2362,2362,2362,True,
owner,zmv-koktebel-atmosfera-aligote-rkatsiteli-shardone-beloe-suhoe-11.webp,2000,3000,2000,True,
owner,zmv-koktebel-atmosfera-kaberne-sovinon-kaberne-fran-merlo-bastardo-magarachskiy-krasnoe-suhoe-13.webp,2000,3000,2000,True,
owner,zmv-koktebel-atmosfera-kaberne-sovinon-merlo-pino-chernyy-krasnoe-polusladkoe-13.webp,2000,3000,2000,True,
owner,zmv-koktebel-atmosfera-rkatsiteli-aligote-kokur-muskat-belyy-shardone-beloe-polusladkoe-11.webp,2000,3000,2000,True,
owner,zmv-koktebel-atmosfera-shardone-merlo-rkatsiteli-muskat-rozovyy-muskat-gamburgskiy-rozovoe-polusuhoe-12.webp,2000,3000,2000,True,
owner,zmv-koktebel-bastardo-krasnoe-suhoe-14.webp,1031,3187,1031,True,
owner,zmv-koktebel-blan-aligote-beloe-suhoe-12.webp,2000,3000,2000,True,
owner,zmv-koktebel-grand-kupazh-kaberne-sovinon-krasnoe-suhoe-13.webp,265,1000,265,True,
owner,zmv-koktebel-kagor-vysshego-kachestva-kaberne-sovinon-krasnoe-sladkoe-16.webp,858,2316,858,True,
owner,zmv-koktebel-kokur-bryut-beloe-11.webp,1548,4032,1548,True,
owner,zmv-koktebel-madera-albilo-beloe-sladkoe-19.webp,748,2179,748,True,
owner,zmv-koktebel-merlo-krasnoe-suhoe-13.webp,264,1000,264,True,
owner,zmv-koktebel-muskat-desertnyy-rozovoe-sladkoe-16.webp,604,1664,604,True,
owner,zmv-koktebel-muskat-yantarnyy-desertnyy-beloe-sladkoe-16.webp,547,1859,547,True,
owner,zmv-koktebel-oranzh-rkatsiteli-beloe-suhoe-125.webp,2000,3000,2000,True,
owner,zmv-koktebel-pino-gri-desertnoe-beloe-sladkoe-16.webp,1502,4401,1502,True,
owner,zmv-koktebel-pino-nuar-bryut-rozovoe-11.webp,1356,3720,1356,True,
owner,zmv-koktebel-portveyn-beloe-kreplyonoe-aligote-sladkoe-17.webp,748,2179,748,True,
owner,zmv-koktebel-portveyn-krasnoe-kreplyonoe-kaberne-sovinon-sladkoe-17.webp,748,2179,748,True,
owner,zmv-koktebel-rkatsiteli-beloe-sladkoe-135.webp,1000,1000,1000,True,
owner,zmv-koktebel-rkatsiteli-desertnoe-beloe-sladkoe-16.webp,1502,4401,1502,True,
owner,zmv-koktebel-roze-merlo-rozovoe-suhoe-12.webp,2000,3000,2000,True,
owner,zmv-koktebel-ruzh-rubinovyy-magaracha-krasnoe-suhoe-135.webp,2000,3000,2000,True,
owner,zmv-koktebel-shardone-beloe-suhoe-12.webp,1080,3276,1080,True,
owner,zmv-koktebel-traminer-desertnoe-beloe-sladkoe-16.webp,217,1000,217,True,
owner,znoj-denisov-vajneri.webp,430,1012,430,True,
owner,zolotaya-balka-black-prince-crimea-prestige-cuvee-extra-brut-limited-edition-shardone-beloe-ekstra-bryut-125.webp,454,1500,454,True,
owner,zolotaya-balka-blanc-de-neige-shardone-beloe-suhoe-125.webp,490,1500,490,True,
owner,zolotaya-balka-chernyy-prints-shardone-beloe-ekstra-bryut-12.webp,1000,1000,1000,True,
owner,zolotaya-balka-cuvee-de-vitmer-rose-pino-blan-rozovoe-bryut-12.webp,1000,1000,1000,True,
owner,zolotaya-balka-igristoe-krasnoe-polusladkoe.webp,380,1200,380,True,
owner,zolotaya-balka-pink-sira-rozovoe-suhoe-13.webp,515,1500,515,True,
owner,zolotaya-balka-zb-frizzante-dry-risling-beloe-suhoe-10.webp,424,1500,424,True,
owner,zolotaya-balka-zb-frizzante-semi-dry-rose-risling-rozovoe-polusuhoe-10.webp,424,1500,424,True,
owner,zolotaya-balka-zb-moscato-semi-sweet-rose-muskat-yantarnyy-rozovoe-polusladkoe-9.webp,434,1500,434,True,
owner,zolotaya-balka-zb-spumante-brut-risling-beloe-bryut-125.webp,428,1500,428,True,
owner,zolotaya-balka-zb-spumante-semi-dry-risling-beloe-polusuhoe-125.webp,428,1500,428,True,
owner,zolotaya-balka-zb-wine-riesling-risling-beloe-polusuhoe-115.webp,366,1500,366,True,
owner,zolotaya-balka-zb-wine-sauvignon-blanc-sovinon-blan-beloe-suhoe-125.webp,373,1500,373,True,
owner,zolotoe-pole-kaffa-kaberne-fran-krasnoe-suhoe-14.webp,1363,3659,1363,True,
owner,zolotoe-pole-kaffa-kaberne-sovinon-krasnoe-suhoe-125.webp,1000,2000,1000,True,
owner,zolotoe-pole-kaffa-malbek-krasnoe-suhoe-125.webp,1000,2000,1000,True,
owner,zolotoe-pole-kaffa-moskato-dzhallo-moskato-dzhallo-beloe-suhoe-135.webp,547,1998,547,True,
owner,zolotoe-pole-kaffa-saperavi-krasnoe-suhoe-14.webp,1363,3659,1363,True,
owner,zolotoe-pole-kaffa-shardone-beloe-suhoe-125.webp,545,2000,545,True,
owner,zolotoe-pole-kaffa-vione-beloe-suhoe-13.webp,1000,2000,1000,True,
owner,zolotoe-pole-legend-of-crimea-cabernet-sauvignon-kaberne-sovinon-krasnoe-suhoe-125.webp,1363,3659,1363,True,
owner,zolotoe-pole-legend-of-crimea-chardonnay-shardone-beloe-suhoe-13.webp,1000,2000,1000,True,
owner,zolotoe-pole-legend-of-crimea-malbec-malbek-krasnoe-suhoe-125.webp,1000,2000,1000,True,
owner,zolotoe-pole-legend-of-crimea-muscat-ottonel-muskat-ottonel-beloe-suhoe-14.webp,1363,3659,1363,True,
owner,zolotoe-pole-legend-of-crimea-pinot-gris-rose-pino-gri-rozovoe-suhoe-135.webp,1363,3659,1363,True,
owner,zolotoe-pole-legend-of-crimea-red-blend-kaberne-sovinon-krasnoe-suhoe-14.webp,1363,3659,1363,True,
owner,zolotoe-pole-legend-of-crimea-sauvignon-blanc-sovinon-blan-beloe-suhoe-13.webp,1200,1200,1200,True,
owner,zolotoe-pole-legend-of-crimea-white-blend-malvaziya-beloe-suhoe-135.webp,1363,3659,1363,True,
site,a-gordienko-m-nikolaev-pino-nuar-krasnoe-suhoe-135.webp,150,576,150,False,
site,a-gordienko-m-nikolaev-sira-nuvo-krasnoe-suhoe-115.webp,146,576,146,False,
site,abrau-dyurso-abrau-durso-brut-rose-reserve-pino-nuar-beloe-bryut-12.webp,162,576,162,False,
site,abrau-dyurso-abrau-durso-reserve-brut-shardone-beloe-bryut-115.webp,161,576,161,False,
site,abrau-dyurso-abrau-dyurso-pino-nuar-krasnoe-suhoe-13.webp,180,576,180,False,
site,abrau-dyurso-abrau-estates-amurskiy-potapenko-krasnoe-suhoe-105.webp,369,576,369,True,
site,abrau-dyurso-abrau-estates-beloe-shardone-suhoe-12.webp,369,576,369,True,
site,abrau-dyurso-abrau-estates-dostoynyy-krasnoe-suhoe-135.webp,153,576,153,False,
site,abrau-dyurso-abrau-estates-kaberne-po-belomu-kaberne-sovinon-beloe-suhoe-105.webp,369,576,369,True,
site,abrau-dyurso-abrau-estates-krasnoe-kaberne-sovinon-suhoe-13.webp,153,576,153,False,
site,abrau-dyurso-abrau-estates-oranzh-tsitronnyy-magaracha-oranzhevoe-suhoe-105.webp,369,576,369,True,
site,abrau-dyurso-abrau-estates-roze-kaberne-sovinon-rozovoe-suhoe-12.webp,153,576,153,False,
site,abrau-dyurso-abrau-kupazh-krasnyy-polsusladkoe-kaberne-sovinon-krasnoe-polusladkoe-11.webp,369,576,369,True,
site,abrau-dyurso-aleksandr-ii-magnum-shardone-beloe-bryut-125.webp,192,576,192,False,
site,abrau-dyurso-az-abrau-bayanshira-beloe-suhoe-12.webp,238,576,238,True,
site,abrau-dyurso-az-abrau-madrasa-krasnoe-suhoe-14.webp,238,576,238,True,
site,abrau-dyurso-brut-dor-blanc-de-blancs-shardone-beloe-bryut-12.webp,576,576,576,True,
site,abrau-dyurso-brut-dor-blanc-de-blancs-shardone-beloe-bryut-125.webp,182,576,182,False,
site,abrau-dyurso-brut-dor-blanc-de-noirs-pino-nuar-beloe-bryut-115.webp,576,576,576,True,
site,abrau-dyurso-brut-dor-blanc-de-noirs-pino-nuar-beloe-bryut-125.webp,183,576,183,False,
site,abrau-dyurso-brut-dor-riesling-risling-beloe-bryut-12.webp,183,576,183,False,
site,abrau-dyurso-brut-dor-rose-pino-nuar-rozovoe-bryut-12.webp,183,576,183,False,
site,abrau-dyurso-femme-dabrau-amurskiy-potapenko-krasnoe-suhoe-107.webp,369,576,369,True,
site,abrau-dyurso-fizz-beloe-bryut.webp,432,576,432,True,
site,abrau-dyurso-fizz-beloe-polusladkoe.webp,225,576,225,True,
site,abrau-dyurso-imperatorskoe-bryut-shardone-beloe-12.webp,369,576,369,True,
site,abrau-dyurso-imperatorskoe-polusladkoe-shardone-beloe-12.webp,369,576,369,True,
site,abrau-dyurso-imperatorskoe-polusuhoe-shardone-beloe-12.webp,369,576,369,True,
site,abrau-dyurso-imperial-brut-lart-nouveau-shardone-beloe-bryut-105.webp,185,576,185,False,
site,abrau-dyurso-imperial-brut-rose-pino-nuar-rozovoe-bryut-12.webp,183,576,183,False,
site,abrau-dyurso-imperial-brut-vintage-shardone-beloe-bryut-12.webp,181,576,181,False,
site,abrau-dyurso-imperial-kyuve-pino-nuar-rozovoe-bryut-125.webp,576,576,576,True,
site,abrau-dyurso-kaberne-sovinon-krasnoe-suhoe-125.webp,576,576,576,True,
site,abrau-dyurso-pino-nuar-krasnoe-suhoe-12.webp,576,576,576,True,
site,abrau-dyurso-pino-nuar-krasnoe-suhoe-125.webp,180,576,180,False,
site,abrau-dyurso-risling-beloe-suhoe-12.webp,132,576,132,False,
site,abrau-dyurso-risling-beloe-suhoe-13.webp,576,576,576,True,
site,abrau-dyurso-russkoe-igristoe-koshernoe-bryut-shardone-beloe-13.webp,369,576,369,True,
site,abrau-dyurso-russkoe-igristoe-koshernoe-polusladkoe-shardone-beloe-12.webp,369,576,369,True,
site,abrau-dyurso-russkoe-igristoe-polusladkoe-krasnoe-kaberne-sovinon-12.webp,369,576,369,True,
site,abrau-dyurso-russkoe-igristoe-polusladkoe-shardone-beloe-12.webp,369,576,369,True,
site,abrau-dyurso-russkoe-igristoe-polusuhoe-shardone-beloe-12.webp,369,576,369,True,
site,abrau-dyurso-shardone-beloe-suhoe-12.webp,180,576,180,False,
site,abrau-dyurso-shardone-beloe-suhoe-13.webp,576,576,576,True,
site,abrau-dyurso-spumante-bryut-roze-shardone-rozovoe-12.webp,576,576,576,True,
site,abrau-dyurso-udelnoe-vedomstvo-imperatorskoe-beloe-bryut.webp,184,576,184,False,
site,abrau-dyurso-udelnoe-vedomstvo-imperatorskoe-beloe-polusladkoe.webp,184,576,184,False,
site,abrau-dyurso-victor-dravigny-brut-rose-pino-nuar-rozovoe-bryut-12.webp,154,576,154,False,
site,abrau-dyurso-victor-dravigny-bryut.webp,576,576,576,True,
site,abrau-dyurso-victor-dravigny-extra-brut-shardone-beloe-bryut-125.webp,156,576,156,False,
site,abrau-dyurso-victor-dravigny-krasnoe-polusladkoe-kaberne-sovinon-125.webp,155,576,155,False,
site,abrau-dyurso-victor-dravigny-polusladkoe-sovinon-blan-beloe-12.webp,369,576,369,True,
site,abrau-dyurso-victor-dravigny-polusuhoe-pino-blan-beloe-12.webp,369,576,369,True,
site,agora-bastardo.webp,329,576,329,True,
site,agora-blek-stoun.webp,329,576,329,True,
site,agora-kaberne-sovinon.webp,329,576,329,True,
site,agora-muskat-chernyj.webp,329,576,329,True,
site,agora-muskat.webp,329,576,329,True,
site,agora-pino-nuar.webp,329,576,329,True,
site,agora-risling.webp,329,576,329,True,
site,agora-rosa-viva-beloe-bryut.webp,197,576,197,False,
site,agora-rosa-viva-beloe-polusladkoe.webp,197,576,197,False,
site,agora-rosa-viva-cabernet-franc.webp,154,576,154,False,
site,agora-rosa-viva-cabernet-sauvignon-shiraz.webp,154,576,154,False,
site,agora-rosa-viva-muscat.webp,154,576,154,False,
site,agora-rosa-viva-riesling.webp,154,576,154,False,
site,agora-rosa-viva-rozovoe-polusladkoe.webp,197,576,197,False,
site,agora-saperavi.webp,329,576,329,True,
site,agora-shardone.webp,329,576,329,True,
site,agora-sovinon.webp,329,576,329,True,
site,agora-terruarnoe-bastardo.webp,186,576,186,False,
site,agora-terruarnoe-kaberne-sovinon.webp,186,576,186,False,
site,agora-vintage-blanc-de-blancs-extra-brut.webp,186,576,186,False,
site,agora-vintage-blanc-de-noirs-extra-brut.webp,186,576,186,False,
site,agora-winery-cuvee-pino-gridzhio-shardone-bryut-beloe-125.webp,166,576,166,False,
site,agora-winery-cuvee-pino-nuar-shardone-bryut-rozovoe-125.webp,170,576,170,False,
site,agora-yachting-cabernet-sauvignon.webp,153,576,153,False,
site,agora-yachting-chardonnay.webp,149,576,149,False,
site,agora-yachting-merlot.webp,150,576,150,False,
site,agora-yachting-pinot-grigio.webp,168,576,168,False,
site,agora-yachting-sauvignon.webp,153,576,153,False,
site,agora-yachting-shiraz.webp,169,576,169,False,
site,agrolayn-heritage-dg-skin-contact-red-saperavi-krasnoe-suhoe-13.webp,168,576,168,False,
site,agrolayn-heritage-dg-skin-contact-rkatsiteli-rkatsiteli-beloe-suhoe-12.webp,169,576,169,False,
site,agrolayn-heritage-dg-skin-contact-rkatsiteli-rkatsiteli-krasnoe-suhoe-12.webp,168,576,168,False,
site,agrolayn-lame-du-vin-saperavi-krasnoe-suhoe-13.webp,157,576,157,False,
site,agrolayn-mountain-eagle-aleatico-rose-aleatiko-rozovoe-suhoe-125.webp,173,576,173,False,
site,agrolayn-mountain-eagle-cabernet-sauvignon-kaberne-sovinon-krasnoe-suhoe-135.webp,157,576,157,False,
site,agrolayn-mountain-eagle-chardonnay-shardone-beloe-suhoe-12.webp,168,576,168,False,
site,agrolayn-mountain-eagle-marselan-marselan-krasnoe-suhoe-13.webp,157,576,157,False,
site,agrolayn-mountain-eagle-muscat-muskat-beloe-suhoe-125.webp,168,576,168,False,
site,agrolayn-mountain-eagle-pedro-ximenez-pedro-himenes-beloe-suhoe-11.webp,168,576,168,False,
site,agrolayn-mountain-eagle-saperavi-saperavi-krasnoe-suhoe-135.webp,157,576,157,False,
site,agrolayn-mountain-eagle-sauvignon-blanc-sovinon-blan-beloe-suhoe-125.webp,169,576,169,False,
site,agrolayn-mountain-eagle-semillon-semilon-beloe-suhoe-11.webp,168,576,168,False,
site,agrolayn-mountain-eagle-traminer-traminer-beloe-suhoe-12.webp,168,576,168,False,
site,agrolayn-mountain-eagle-viognier-vione-beloe-suhoe-115.webp,168,576,168,False,
site,agrolayn-mountain-eagle-white-blend-vione-beloe-suhoe-115.webp,168,576,168,False,
site,agrolayn-vexillum-blanc-de-blancs-shardone-beloe-bryut-115.webp,157,576,157,False,
site,agrolayn-vexillum-blanc-de-noirs-pino-nuar-beloe-bryut-12.webp,157,576,157,False,
site,aligote-avtorskoe-vino.webp,161,576,161,False,
site,aligote-avtorskoe.webp,161,576,161,False,
site,aligote-barrel-2024.webp,235,576,235,True,
site,aligote-barrel-2025.webp,235,576,235,True,
site,aligote-shato-pino.webp,472,576,472,True,
site,alma-valley-alma-graviti-pino-nuar-merlo-kaberne-sovinon-krasnoe-suhoe-14.webp,576,576,576,True,
site,alma-valley-graviti-kaberne-sovinon-krasnoe-suhoe-15.webp,193,576,193,False,
site,alma-valley-graviti-pino-blan-beloe-suhoe-135.webp,203,576,203,True,
site,alma-valley-kaberne-fran-krasnoe-suhoe-145.webp,203,576,203,True,
site,alma-valley-kaberne-fran-rezerv-krasnoe-suhoe-15.webp,198,576,198,False,
site,alma-valley-kaberne-sovinon-rezerv-krasnoe-suhoe-15.webp,204,576,204,True,
site,alma-valley-kokur-beloe-suhoe-14.webp,191,576,191,False,
site,alma-valley-kolombar-beloe-polusuhoe-135.webp,199,576,199,False,
site,alma-valley-locantita-merlot-cabernet-franc.webp,200,576,200,True,
site,alma-valley-merlo-krasnoe-suhoe-13.webp,206,576,206,True,
site,alma-valley-merlo-rezerv-krasnoe-suhoe-14.webp,576,576,576,True,
site,alma-valley-merlo-rezerv-krasnoe-suhoe-15.webp,195,576,195,False,
site,alma-valley-petit-arvin-beloe-suhoe-13.webp,223,576,223,True,
site,alma-valley-pino-blan-beloe-suhoe-14.webp,199,576,199,False,
site,alma-valley-pino-blan-rezerv-beloe-suhoe-14.webp,229,576,229,True,
site,alma-valley-pino-gri-beloe-polusuhoe-15.webp,204,576,204,True,
site,alma-valley-pino-nuar-beloe-ekstra-bryut-115.webp,219,576,219,True,
site,alma-valley-pino-nuar-krasnoe-suhoe-13.webp,216,576,216,True,
site,alma-valley-pino-nuar-rezerv-krasnoe-suhoe-14.webp,211,576,211,True,
site,alma-valley-rislaner-beloe-polusladkoe-125.webp,198,576,198,False,
site,alma-valley-risling-beloe-polusuhoe-125.webp,179,576,179,False,
site,alma-valley-semilon-beloe-suhoe-135.webp,199,576,199,False,
site,alma-valley-shardone-beloe-suhoe-135.webp,199,576,199,False,
site,alma-valley-shardone-rezerv-beloe-suhoe-135.webp,576,576,576,True,
site,alma-valley-shardone-rezerv-beloe-suhoe-14.webp,213,576,213,True,
site,alma-valley-shiraz-krasnoe-suhoe-13.webp,171,576,171,False,
site,alma-valley-shiraz-sira-rezerv-krasnoe-suhoe-14.webp,192,576,192,False,
site,alma-valley-solntse-vozduh-vinograd-kokur-beloe-polusladkoe-13.webp,221,576,221,True,
site,alma-valley-solntse-vozduh-vinograd-merlo-krasnoe-polusladkoe-14.webp,228,576,228,True,
site,alma-valley-solntse-vozduh-vinograd-shardone-beloe-polusuhoe-13.webp,230,576,230,True,
site,alma-valley-solntse-vozduh-vinograd-sira-shiraz-krasnoe-polusuhoe-135.webp,200,576,200,True,
site,alma-valley-solntse-vozduh-vinograd-sira-shiraz-rozovoe-polusladkoe-12.webp,235,576,235,True,
site,alma-valley-sovinon-blan-beloe-suhoe-14.webp,195,576,195,False,
site,alma-valley-sovinon-blan-rezerv-beloe-suhoe-14.webp,216,576,216,True,
site,alma-valley-tba-sovinon-sovinon-blan-beloe-sladkoe-75.webp,195,576,195,False,
site,alma-valley-tempranilo-krasnoe-suhoe-13.webp,179,576,179,False,
site,alma-valley-tempranilo-rezerv-krasnoe-suhoe-14.webp,188,576,188,False,
site,alma-valley-traminer-beloe-suhoe-125.webp,210,576,210,True,
site,amelia-2023.webp,577,576,576,True,
site,amelia.webp,161,576,161,False,
site,andryus-yutsis-muscat-blanc-muskat-beloe-suhoe-112.webp,160,576,160,False,
site,andryus-yutsis-muskat-blan-vione-beloe-suhoe-117.webp,141,576,141,False,
site,andryus-yutsis-orange-vermentino-beloe-suhoe-112.webp,157,576,157,False,
site,andryus-yutsis-organic-syrah-sira-krasnoe-suhoe-135.webp,300,576,300,True,
site,andryus-yutsis-organik-risling-beloe-suhoe-115.webp,126,576,126,False,
site,andryus-yutsis-pino-nuar-krasnoe-suhoe-12.webp,146,576,146,False,
site,andryus-yutsis-pinot-grigio-pino-gri-beloe-suhoe-125.webp,159,576,159,False,
site,andryus-yutsis-risling-beloe-suhoe-12.webp,118,576,118,False,
site,andryus-yutsis-shenen-blan-beloe-suhoe-12.webp,141,576,141,False,
site,andryus-yutsis-vione-beloe-suhoe-112.webp,156,576,156,False,
site,appassimento-merlot.webp,160,576,160,False,
site,appassimento.webp,164,576,164,False,
site,aratti-kaberne-po-belomu-1.webp,146,576,146,False,
site,aratti-kaberne-po-belomu.webp,148,576,148,False,
site,aratti-kaberne-sovinon-2020-krasnoe-suhoe.webp,142,576,142,False,
site,aratti-kaberne-sovinon-2021-krasnoe-suhoe.webp,145,576,145,False,
site,aratti-muskat-belyj-polusuhoe.webp,147,576,147,False,
site,aratti-muskat-belyj-suhoe.webp,148,576,148,False,
site,aratti-risling-beloe-polusuhoe.webp,143,576,143,False,
site,aratti-risling-suhoe.webp,144,576,144,False,
site,aratti-shardone-beloe-suhoe.webp,148,576,148,False,
site,aratti-sovinon-blan-beloe-polusuhoe.webp,143,576,143,False,
site,aratti-vremena-goda-saperavi-leto.webp,151,576,151,False,
site,aratti-vremena-goda-saperavi-merlo-vesna.webp,150,576,150,False,
site,aratti-vremena-goda-saperavi-vyderzhannyj-zima.webp,148,576,148,False,
site,arie-riserva.webp,168,576,168,False,
site,arie-vyderzhka-bochka-francziya-2020.webp,172,576,172,False,
site,arie.webp,167,576,167,False,
site,aristov-anima-millesimato-beloe-bryut.webp,208,576,208,True,
site,aristov-anima-millesimato.webp,217,576,217,True,
site,aristov-anima-pinot-grigio-blush.webp,207,576,207,True,
site,aristov-kyuve-aleksandr-blan-de-blan.webp,206,576,206,True,
site,aristov-kyuve-aleksandr-blan-de-nuar.webp,206,576,206,True,
site,aristov-kyuve-aleksandr-roze-de-pino.webp,207,576,207,True,
site,aromatnoe-malbek-rezerv-krasnoe-suhoe-125.webp,576,576,576,True,
site,aromatnoe-shenen-blan-beloe-suhoe-13.webp,576,576,576,True,
site,artvin-kaberne-sovinon-grand-rezerv-krasnoe-suhoe-13.webp,168,576,168,False,
site,artvin-odesskiy-chernyy-rezerv-krasnoe-suhoe-13.webp,164,576,164,False,
site,avtohtonnoe-vino-kryma-beloe-suhoe.webp,152,576,152,False,
site,avtorskij-gid-artura-sarkisyana.webp,188,576,188,False,
site,avtorskoe-risling.webp,147,576,147,False,
site,aya-khrustaleva-76-merlot-organik.webp,241,576,241,True,
site,aya-organic-wine-vineyards-blush-1-sira-rozovoe-ekstra-bryut-135.webp,196,576,196,False,
site,aya-organic-wine-vineyards-blush-2-merlo-rozovoe-ekstra-bryut-135.webp,196,576,196,False,
site,aya-organic-wine-vineyards-blush-3-kaberne-fran-rozovoe-ekstra-bryut-132.webp,196,576,196,False,
site,aya-organic-wine-vineyards-blush-4-pino-nuar-krasnoe-ekstra-bryut-129.webp,196,576,196,False,
site,aya-organic-wine-vineyards-evolution-chardonnay-shardone-beloe-suhoe-124.webp,166,576,166,False,
site,aya-organic-wine-vineyards-evolution-pinot-noir-pino-nuar-krasnoe-suhoe-125.webp,162,576,162,False,
site,aya-organic-wine-vineyards-purity-in-chenin-blanc-shenen-blan-beloe-suhoe-11.webp,174,576,174,False,
site,aya-organic-wine-vineyards-purity-in-merlot-merlo-rozovoe-suhoe-134.webp,160,576,160,False,
site,aya-organic-wine-vineyards-purity-in-syrah-sira-krasnoe-suhoe-146.webp,160,576,160,False,
site,aya-organic-wine-vineyards-purity-in-syrah-sira-rozovoe-suhoe-132.webp,160,576,160,False,
site,aya-organic-wine-vineyards-purity-in-trinity-pino-nuar-rozovoe-suhoe-13.webp,160,576,160,False,
site,b-yu-rne-krasnostop-suhoe-krasnoe-classic.webp,210,576,210,True,
site,b-yu-rne-l-yu-bl-yu-suhoe-rozovoe.webp,234,576,234,True,
site,b-yu-rne-malbek-krasnoe-suhoe.webp,210,576,210,True,
site,b-yu-rne-pino-gri-beloe-suhoe.webp,209,576,209,True,
site,b-yu-rne-pino-gri-pozdnij-sbor-sladkoe-beloe.webp,209,576,209,True,
site,b-yu-rne-sh-ardone-suhoe-beloe.webp,210,576,210,True,
site,b-yu-rne-sira-krasnoe-suhoe-classic.webp,210,576,210,True,
site,b-yu-rne-vinisa-zh-suhoe-beloe.webp,234,576,234,True,
site,b-yu-rne-vinisa-zh-suhoe-krasnoe.webp,234,576,234,True,
site,b-yu-rne-vinisa-zh-suhoe-rozovoe.webp,244,576,244,True,
site,bakla-vines-kaberne-fran-krasnoe-suhoe-143.webp,141,576,141,False,
site,bakla-vines-kangun-beloe-suhoe-12.webp,154,576,154,False,
site,bakla-vines-kangun-oranzh-beloe-suhoe-119.webp,157,576,157,False,
site,bakla-vines-kangun-ps-beloe-suhoe-128.webp,154,576,154,False,
site,bakla-vines-pino-nuar-krasnoe-suhoe-125.webp,153,576,153,False,
site,bakla-vines-risling-beloe-polusuhoe-125.webp,129,576,129,False,
site,bakla-vines-sira-krasnoe-suhoe-135.webp,153,576,153,False,
site,bakla-vines-tsitron-krymskiy-tsitronnyy-magaracha-beloe-suhoe-118.webp,153,576,153,False,
site,balaklava-bryut-rezerv.webp,384,576,384,True,
site,balaklava-muskat-beloe-polusladkoe.webp,220,576,220,True,
site,balaklava-muskat.webp,385,576,385,True,
site,balaklava-pino-nuar.webp,385,576,385,True,
site,ballet-blanc.webp,461,576,461,True,
site,barhat.webp,181,576,181,False,
site,belaya-lvicza.webp,141,576,141,False,
site,belbek-aligote-beloe-suhoe-125.webp,143,576,143,False,
site,belbek-belbek-fiolent-muskat-beloe-polusladkoe-125.webp,158,576,158,False,
site,belbek-belbek-kaberne-fran-krasnoe-suhoe-13.webp,165,576,165,False,
site,belbek-belbek-meritazh-kaberne-sovinon-krasnoe-suhoe-135.webp,155,576,155,False,
site,belbek-belbek-merlo-krasnoe-suhoe-129.webp,154,576,154,False,
site,belbek-belbek-muskat-beloe-suhoe-128.webp,158,576,158,False,
site,belbek-belbek-pino-nuar-krasnoe-suhoe-13.webp,167,576,167,False,
site,belbek-belbek-pti-verdo-krasnoe-suhoe-121.webp,163,576,163,False,
site,belbek-belbek-risling-beloe-suhoe-128.webp,128,576,128,False,
site,belbek-belbek-risling-rezerv-beloe-suhoe-13.webp,123,576,123,False,
site,belbek-belbek-rkatsiteli-barrik-beloe-suhoe-13.webp,156,576,156,False,
site,belbek-belbek-roze-pino-nuar-rozovoe-suhoe-129.webp,156,576,156,False,
site,belbek-belbek-sandzhoveze-krasnoe-suhoe-138.webp,150,576,150,False,
site,belbek-belbek-saperavi-rezerv-krasnoe-suhoe-14.webp,147,576,147,False,
site,belbek-belbek-sira-krasnoe-suhoe-132.webp,165,576,165,False,
site,belbek-beloe-suhoe-kaberne-sovinon-krasnoe-14.webp,151,576,151,False,
site,belbek-kaberne-fran-krasnoe-suhoe-134.webp,163,576,163,False,
site,belbek-kaberne-sovinon-krasnoe-suhoe-138.webp,150,576,150,False,
site,belbek-kokur-kokur-belyy-beloe-suhoe-13.webp,158,576,158,False,
site,belbek-meritazh-kaberne-sovinon-krasnoe-suhoe-136.webp,162,576,162,False,
site,belbek-merlo-krasnoe-suhoe-13.webp,148,576,148,False,
site,belbek-muskat-muskat-belyy-beloe-suhoe-127.webp,157,576,157,False,
site,belbek-muskat-oranzh-muskat-belyy-oranzhevoe-suhoe-125.webp,156,576,156,False,
site,belbek-pino-mene-krasnoe-suhoe-128.webp,147,576,147,False,
site,belbek-pino-nuar-krasnoe-suhoe-133.webp,163,576,163,False,
site,belbek-pino-nuar-rezerv-krasnoe-suhoe-135.webp,163,576,163,False,
site,belbek-pino-nuar-roze-rozovoe-suhoe-115.webp,148,576,148,False,
site,belbek-risling-pozdniy-sbor-risling-reynskiy-beloe-sladkoe-117.webp,126,576,126,False,
site,belbek-risling-risling-reynskiy-beloe-suhoe-12.webp,129,576,129,False,
site,belbek-rkatsiteli-barrik-beloe-suhoe-13.webp,162,576,162,False,
site,belbek-rkatsiteli-beloe-suhoe-13.webp,147,576,147,False,
site,belbek-roze-sira-rozovoe-suhoe-125.webp,155,576,155,False,
site,belbek-sandzhoveze-krasnoe-suhoe-14.webp,155,576,155,False,
site,belbek-saperavi-krasnoe-suhoe-137.webp,154,576,154,False,
site,belbek-saperavi-rezerv-krasnoe-suhoe-14.webp,163,576,163,False,
site,belbek-semilon-rezerv-beloe-suhoe-127.webp,163,576,163,False,
site,belbek-sira-rezerv-krasnoe-suhoe-132.webp,163,576,163,False,
site,belbek-sovinon-blan-beloe-suhoe-12.webp,161,576,161,False,
site,belbek-zakat-merlo-sira-krasnoe-suhoe-132.webp,165,576,165,False,
site,belmas-winery-cabernet-franc-belmas-kaberne-fran-krasnoe-suhoe-14.webp,158,576,158,False,
site,belmas-winery-cabernet-sauvignon-rose-belmas-kaberne-sovinon-rozovoe-suhoe-13.webp,162,576,162,False,
site,belmas-winery-cf-kaberne-fran-krasnoe-suhoe-14.webp,157,576,157,False,
site,belmas-winery-malbec-katya-belmas-malbek-rozovoe-suhoe-11.webp,161,576,161,False,
site,belmas-winery-malbec-katya-malbek-rozovoe-suhoe-129.webp,384,576,384,True,
site,belmas-winery-pg-pino-gri-beloe-suhoe-125.webp,384,576,384,True,
site,belmas-winery-pino-nuar-krasnoe-suhoe-135.webp,576,576,576,True,
site,belmas-winery-pinot-gris-belmas-pino-gri-beloe-suhoe-122.webp,132,576,132,False,
site,belmas-winery-pn-pino-nuar-krasnoe-suhoe-135.webp,384,576,384,True,
site,belmas-winery-riesling-belmas-risling-beloe-suhoe-135.webp,131,576,131,False,
site,belmas-winery-riesling-katya-belmas-risling-beloe-suhoe-125.webp,128,576,128,False,
site,belmas-winery-riesling-katya-risling-beloe-suhoe-12.webp,384,576,384,True,
site,belmas-winery-risling-beloe-suhoe-135.webp,576,576,576,True,
site,belmas-winery-sauvignon-blanc-belmas-sovinon-blan-beloe-suhoe-13.webp,168,576,168,False,
site,belmas-winery-sauvignon-blanc-katya-belmas-sovinon-blan-beloe-suhoe-115.webp,160,576,160,False,
site,belmas-winery-sauvignon-blanc-katya-sovinon-blan-beloe-suhoe-115.webp,384,576,384,True,
site,belmas-winery-syrah-katya-belmas-sira-krasnoe-suhoe-125.webp,158,576,158,False,
site,belmas-winery-syrah-katya-sira-krasnoe-suhoe-125.webp,384,576,384,True,
site,belmas-winery-vi-vione-beloe-suhoe-122.webp,384,576,384,True,
site,belmas-winery-viogner-katya-vione-beloe-suhoe-135.webp,384,576,384,True,
site,belmas-winery-viognier-belmas-vione-beloe-suhoe-122.webp,148,576,148,False,
site,belmas-winery-viognier-katya-belmas-vione-beloe-suhoe-135.webp,158,576,158,False,
site,beloe-suhoe.webp,151,576,151,False,
site,blagolyubov-muskat-ottonel-beloe-suhoe-125.webp,138,576,138,False,
site,blagolyubov-sibirkovyy-beloe-suhoe-115.webp,137,576,137,False,
site,blagolyubov-sovinon-blan-beloe-suhoe-125.webp,136,576,136,False,
site,blagolyubov-stanichnoe-stanichnyy-beloe-suhoe-12.webp,138,576,138,False,
site,blan-de-blan.webp,402,546,402,True,
site,blush-mirage-risling.webp,138,576,138,False,
site,blush-mirage-rkacziteli-shiraz.webp,138,576,138,False,
site,blush-mirage-sovinon-zelyonyj.webp,138,576,138,False,
site,bogovich-wine-vineyard-faina-sovinon-zelenyy-beloe-suhoe-113.webp,160,576,160,False,
site,bogovich-wine-vineyard-kaberne-fran-krasnoe-suhoe-135.webp,164,576,164,False,
site,bogovich-wine-vineyard-kaberne-sovinon-krasnoe-suhoe-125.webp,157,576,157,False,
site,bogovich-wine-vineyard-klaret-pino-nuar-krasnoe-suhoe-119.webp,576,576,576,True,
site,bogovich-wine-vineyard-klassika-pino-nuar-krasnoe-suhoe-125.webp,576,576,576,True,
site,bogovich-wine-vineyard-merlo-krasnoe-suhoe-14.webp,160,576,160,False,
site,bogovich-wine-vineyard-muskat-oranzh-muskat-belyy-beloe-suhoe-125.webp,152,576,152,False,
site,bogovich-wine-vineyard-pino-nuar-2-krasnoe-suhoe-12.webp,154,576,154,False,
site,bogovich-wine-vineyard-pino-nuar-krasnoe-suhoe-125.webp,160,576,160,False,
site,bogovich-wine-vineyard-rkatsiteli-oranzh-beloe-suhoe-125.webp,160,576,160,False,
site,bryut-beloe-zolotaya-balka.webp,385,576,385,True,
site,bryut-rozovoe-zolotaya-balka.webp,385,576,385,True,
site,bukovinka.webp,284,560,284,True,
site,cabernet-franc-2024-one-barrel-by-dmitry-maslov-kaberne-fran-2024-uan-barrel-dmitrij-maslov.webp,159,576,159,False,
site,cabernet-franc-pinot-noir-2021.webp,201,576,201,True,
site,cabernet-franc-pinot-noir-2022.webp,201,576,201,True,
site,cantiani-aligote-riesling.webp,225,576,225,True,
site,cantiani-brut.webp,243,576,243,True,
site,cantiani-cabernet-sauvignon-merlot.webp,228,576,228,True,
site,cantiani-cabernet-sauvignon-reserve-2024.webp,166,576,166,False,
site,cantiani-cabernet-sauvignon.webp,225,576,225,True,
site,cantiani-chardonnay.webp,213,576,213,True,
site,cantiani-merlot.webp,225,576,225,True,
site,cantiani-riesling-1.webp,233,576,233,True,
site,cantiani-riesling-rkatsiteli.webp,225,576,225,True,
site,cantiani-riesling.webp,225,576,225,True,
site,cantiani-rkatsiteli-1.webp,234,576,234,True,
site,cantiani-rkatsiteli.webp,225,576,225,True,
site,cantiani-saperavi-merlot.webp,225,576,225,True,
site,cantiani-semisweet.webp,213,576,213,True,
site,caperavi-avtorskoe-vino.webp,168,576,168,False,
site,cary-pandas-avtorskoe-vino.webp,169,576,169,False,
site,caucasian-dzharag.webp,183,576,183,False,
site,cellar-master-malvaziya-beloe-suhoe-13.webp,158,576,158,False,
site,cellar-master-sandzhoveze-krasnoe-suhoe-125.webp,134,576,134,False,
site,chateau-andre-aligote-beloe-suhoe-13.webp,165,576,165,False,
site,chateau-andre-gryuner-beloe-suhoe-13.webp,167,576,167,False,
site,chateau-andre-kaberne-fran-krasnoe-suhoe-14.webp,163,576,163,False,
site,chateau-andre-kaberne-sovinon-krasnoe-suhoe-13.webp,153,576,153,False,
site,chateau-andre-mado-pino-nuar-rozovoe-suhoe-13.webp,175,576,175,False,
site,chateau-andre-merlo-krasnoe-suhoe-14.webp,157,576,157,False,
site,chateau-andre-pino-gri-beloe-suhoe-14.webp,165,576,165,False,
site,chateau-andre-pino-nuar-krasnoe-suhoe-14.webp,157,576,157,False,
site,chateau-andre-pino-nuar-roze-rozovoe-suhoe-13.webp,170,576,170,False,
site,chateau-andre-risling-beloe-suhoe-13.webp,168,576,168,False,
site,chateau-andre-shardone-beloe-suhoe-13.webp,165,576,165,False,
site,chateau-andre-sovinon-blan-beloe-suhoe-13.webp,165,576,165,False,
site,chateau-andre-traminer-beloe-suhoe-135.webp,126,576,126,False,
site,chateau-andre-tsvaygelt-roze-rozovoe-suhoe-13.webp,171,576,171,False,
site,chateau-andre-tsvaygelt-tsvaygelt-tamanskiy-rozovoe-suhoe-13.webp,170,576,170,False,
site,chateau-cachalot-muskat-blan-muskat-belyy-beloe-suhoe-117.webp,156,576,156,False,
site,chateau-cachalot-pino-nuar-krasnoe-suhoe-12.webp,157,576,157,False,
site,chateau-cachalot-risling-beloe-suhoe-115.webp,127,576,127,False,
site,chateau-cachalot-shenen-blan-beloe-suhoe-113.webp,161,576,161,False,
site,chateau-cachalot-sira-krasnoe-suhoe-12.webp,153,576,153,False,
site,chateau-cachalot-vione-beloe-suhoe-112.webp,157,576,157,False,
site,chateau-de-talu-blan-semilon-beloe-suhoe-127.webp,151,576,151,False,
site,chateau-de-talu-enolog-kaberne-sovinon-krasnoe-suhoe-15.webp,132,576,132,False,
site,chateau-de-talu-kaberne-fran-rezerv-krasnoe-suhoe-13.webp,145,576,145,False,
site,chateau-de-talu-kaberne-sovinon-rezerv-krasnoe-suhoe-14.webp,145,576,145,False,
site,chateau-de-talu-klere-sira-rozovoe-suhoe-136.webp,138,576,138,False,
site,chateau-de-talu-krasnostop-rezerv-krasnostop-anapskiy-krasnoe-suhoe-137.webp,145,576,145,False,
site,chateau-de-talu-kupazh-132-kaberne-sovinon-krasnoe-suhoe-146.webp,149,576,149,False,
site,chateau-de-talu-merlo-rezerv-krasnoe-suhoe-14.webp,145,576,145,False,
site,chateau-de-talu-merlot.webp,160,576,160,False,
site,chateau-de-talu-muskat-beloe-suhoe-13.webp,138,576,138,False,
site,chateau-de-talu-roze-kaberne-sovinon-rozovoe-suhoe-14.webp,139,576,139,False,
site,chateau-de-talu-ruzh-kaberne-sovinon-krasnoe-suhoe-14.webp,153,576,153,False,
site,chateau-de-talu-shardone-rezerv-beloe-suhoe-13.webp,158,576,158,False,
site,chateau-de-talu-shiraz-rezerv-sira-krasnoe-suhoe-14.webp,145,576,145,False,
site,chateau-de-talu-uroki-frantsuzskogo-kaberne-fran-krasnoe-suhoe-14.webp,138,576,138,False,
site,chateau-de-talu-uroki-frantsuzskogo-kaberne-sovinon-krasnoe-suhoe-14.webp,138,576,138,False,
site,chateau-de-talu-uroki-frantsuzskogo-krasnostop-krasnostop-anapskiy-krasnoe-suhoe-145.webp,138,576,138,False,
site,chateau-de-talu-uroki-frantsuzskogo-merlo-krasnoe-suhoe-147.webp,138,576,138,False,
site,chateau-de-talu-uroki-frantsuzskogo-shardone-beloe-suhoe-124.webp,138,576,138,False,
site,chateau-de-talu-uroki-frantsuzskogo-sira-krasnoe-suhoe-13.webp,138,576,138,False,
site,chateau-de-talu-uroki-frantsuzskogo-sovinon-blan-beloe-suhoe-115.webp,576,576,576,True,
site,chateau-de-talu-yuzhnaya-vertikal-kaberne-fran-krasnoe-suhoe-142.webp,140,576,140,False,
site,chateau-de-talu-yuzhnaya-vertikal-kaberne-fran-premium-krasnoe-suhoe-143.webp,150,576,150,False,
site,chateau-de-talu-yuzhnaya-vertikal-kaberne-fran-rezerv-krasnoe-suhoe-146.webp,147,576,147,False,
site,chateau-le-grand-vostock-krasnostop-rezerv-krasnoe-suhoe-145.webp,576,576,576,True,
site,chateau-le-grand-vostock-kyuve-karsov-rezerv-shardone-beloe-suhoe-14.webp,576,576,576,True,
site,chateau-le-grand-vostock-pino-nuar-rezerv-krasnoe-suhoe-14.webp,576,576,576,True,
site,chateau-tamagne-eno-amber.webp,173,576,173,False,
site,chateau-tamagne-eno-traminer-i-shardone.webp,173,576,173,False,
site,chateau-tamagne-grand-dessert-muscat.webp,133,576,133,False,
site,chateau-tamagne-grand-dessert-nectar.webp,133,576,133,False,
site,chateau-tamagne-nature-orange.webp,134,576,134,False,
site,chateau-tamagne-nature-vert.webp,194,576,194,False,
site,chateau-tamagne-select-blanc-brut.webp,174,576,174,False,
site,chateau-tamagne-select-blanc.webp,156,576,156,False,
site,chateau-tamagne-signature-kaberne.webp,158,576,158,False,
site,chateau-tamagne-signature-saperavi.webp,152,576,152,False,
site,chateau-tamagne-signature-shardone.webp,172,576,172,False,
site,chenin-blanc-shenen-blan-oleg-repin.webp,576,576,576,True,
site,chernaya-lvicza-polusladkoe-krasnoe.webp,144,576,144,False,
site,chteau-le-grand-vostock-aligote-aligote-beloe-suhoe-125.webp,217,576,217,True,
site,chteau-le-grand-vostock-aligote-reserve-aligote-beloe-suhoe-13.webp,217,576,217,True,
site,chteau-le-grand-vostock-cabernet-franc-reserve-kaberne-fran-krasnoe-suhoe-14.webp,217,576,217,True,
site,chteau-le-grand-vostock-cabernet-sauvignon-kaberne-sovinon-krasnoe-suhoe-14.webp,217,576,217,True,
site,chteau-le-grand-vostock-cabernet-sauvignon-reserve-kaberne-sovinon-krasnoe-suhoe-14.webp,217,576,217,True,
site,chteau-le-grand-vostock-cadet-karsov-shardone-beloe-suhoe-135.webp,217,576,217,True,
site,chteau-le-grand-vostock-chardonnay-reserve-shardone-beloe-suhoe-14.webp,217,576,217,True,
site,chteau-le-grand-vostock-chardonnay-shardone-beloe-suhoe-14.webp,217,576,217,True,
site,chteau-le-grand-vostock-cuvee-karsov-reserve-shardone-beloe-suhoe-14.webp,217,576,217,True,
site,chteau-le-grand-vostock-fagotine-pino-gri-beloe-polusladkoe-105.webp,217,576,217,True,
site,chteau-le-grand-vostock-fagotine-pino-gri-rozovoe-polusladkoe-11.webp,217,576,217,True,
site,chteau-le-grand-vostock-grand-karsov-shardone-beloe-suhoe-14.webp,217,576,217,True,
site,chteau-le-grand-vostock-krasnostop-reserve-krasnostop-krasnoe-suhoe-14.webp,217,576,217,True,
site,chteau-le-grand-vostock-le-chene-royal-reserve-merlo-krasnoe-suhoe-145.webp,217,576,217,True,
site,chteau-le-grand-vostock-merlot-merlo-krasnoe-suhoe-14.webp,217,576,217,True,
site,chteau-le-grand-vostock-merlot-reserve-merlo-krasnoe-suhoe-145.webp,217,576,217,True,
site,chteau-le-grand-vostock-pinot-gris-reserve-pino-gri-beloe-suhoe-135.webp,217,576,217,True,
site,chteau-le-grand-vostock-pinot-gris-rose-reserve-pino-gri-rozovoe-suhoe-14.webp,217,576,217,True,
site,chteau-le-grand-vostock-pinot-noir-reserve-pino-nuar-krasnoe-suhoe-135.webp,217,576,217,True,
site,chteau-le-grand-vostock-sauvignon-blanc-reserve-sovinon-blan-beloe-suhoe-14.webp,217,576,217,True,
site,chteau-le-grand-vostock-sauvignon-blanc-sovinon-blan-beloe-suhoe-14.webp,217,576,217,True,
site,chteau-le-grand-vostock-vostock-blanc-sovinon-blan-beloe-suhoe-135.webp,217,576,217,True,
site,cira-avtorskoe-vino.webp,168,576,168,False,
site,cloudy-winery-dubrovskiy-bordeaux-blend-kaberne-fran-krasnoe-suhoe-14.webp,152,576,152,False,
site,cloudy-winery-dubrovskiy-orange-rkatsiteli-beloe-suhoe-125.webp,159,576,159,False,
site,cloudy-winery-krash-cabernet-sauvignon-kaberne-sovinon-krasnoe-suhoe-14.webp,160,576,160,False,
site,cloudy-winery-krash-super-bryut-shardone-beloe-ekstra-bryut-85.webp,211,576,211,True,
site,cloudy-winery-plohaya-devochka-pryanyy-blend-byanka-beloe-suhoe-125.webp,136,576,136,False,
site,cloudy-winery-plohaya-devochka-pryanyy-traminer-traminer-beloe-suhoe-12.webp,153,576,153,False,
site,cloudy-winery-plohaya-devochka-sochnyy-pino-noir-pino-nuar-krasnoe-suhoe-12.webp,154,576,154,False,
site,cock-test-belle-kyuve-1-blanc-de-blancs-shardone-beloe-ekstra-bryut-12.webp,156,576,156,False,
site,cock-test-belle-kyuve-2-blan-de-nuar-pino-mene-beloe-ekstra-bryut-12.webp,158,576,158,False,
site,cock-test-belle-kyuve-5-roze-shardone-rozovoe-ekstra-bryut-12.webp,155,576,155,False,
site,cosaque-krasnaya-gorka.webp,461,576,461,True,
site,cru-lermont-risling.webp,129,576,129,False,
site,cuvee-de-vitmer-brut.webp,385,576,385,True,
site,czimlyanskoe-beloe-bryut.webp,179,576,179,False,
site,czimlyanskoe-beloe-polusladkoe.webp,158,576,158,False,
site,czimlyanskoe-bianka.webp,155,576,155,False,
site,czimlyanskoe-risling.webp,156,576,156,False,
site,czitronnyj-magaracha-sovinon-blan.webp,141,576,141,False,
site,czitronnyj-magaracha.webp,291,556,291,True,
site,dacha-serdyuka-kazache-krasnostop-zolotovskiy-krasnoe-suhoe-135.webp,120,576,120,False,
site,dacha-serdyuka-porechnoe-kaberne-sovinon-krasnoe-suhoe-13.webp,124,576,124,False,
site,dacha-serdyuka-saperavi-saperavi-severnyy-krasnoe-suhoe-14.webp,124,576,124,False,
site,dacha-serdyuka-sibirkovyy-beloe-suhoe-135.webp,145,576,145,False,
site,dacha-serdyuka-sibirkovyy-oranzh-beloe-suhoe-135.webp,146,576,146,False,
site,daniel-2021.webp,577,576,576,True,
site,daniel-22.webp,158,576,158,False,
site,david-2021.webp,168,576,168,False,
site,david-2022.webp,577,576,576,True,
site,david.webp,167,576,167,False,
site,denisov-winery-assamblyazh-rubin-golodrigi-rozovoe-suhoe-12.webp,135,576,135,False,
site,denisov-winery-petnat-risling-beloe-ekstra-bryut-10.webp,170,576,170,False,
site,denisov-winery-petnat-rkatsiteli-beloe-ekstra-bryut-107.webp,170,576,170,False,
site,denisov-winery-petnat-saperavi-severnyy-rozovoe-ekstra-bryut-105.webp,170,576,170,False,
site,denisov-winery-petnat-tsitron-risling-tsitronnyy-magaracha-beloe-ekstra-bryut-102.webp,170,576,170,False,
site,denisov-winery-pino-nuar-rozovoe-suhoe-125.webp,127,576,127,False,
site,denisov-winery-pino-nuar-shardone-ekstra-bryut-beloe-125.webp,183,576,183,False,
site,denisov-winery-risling-beloe-suhoe-115.webp,153,576,153,False,
site,denisov-winery-rkatsiteli-beloe-suhoe-112.webp,128,576,128,False,
site,denisov-winery-sovinon-blan-beloe-suhoe-115.webp,150,576,150,False,
site,denisov-winery-tsitron-oranzh-tsitronnyy-magaracha-oranzhevoe-suhoe-105.webp,157,576,157,False,
site,denisov-winery-tsitron-tsitronnyy-magaracha-beloe-suhoe-112.webp,127,576,127,False,
site,denisov_barynya_kurmyshi.webp,399,576,399,True,
site,denisov_pazori_risling.webp,214,576,214,True,
site,denisov_pereplyas_kurmyshi.webp,396,576,396,True,
site,denisov_pet_nat_citron_rkaciteli.webp,397,576,397,True,
site,denisov_pet_nat_rubin.webp,405,576,405,True,
site,denisov_pino_noir_klaret.webp,393,576,393,True,
site,denisov_rubin_klaret_krasnaya_strelka.webp,386,576,386,True,
site,derbent-vino-desono-kaberne-fran-krasnoe-suhoe-125.webp,192,576,192,False,
site,derbent-vino-desono-kaberne-sovinon-krasnoe-suhoe-125.webp,192,576,192,False,
site,derbent-vino-desono-merlo-krasnoe-suhoe-125.webp,192,576,192,False,
site,derbent-vino-desono-risling-beloe-suhoe-125.webp,192,576,192,False,
site,derbent-vino-desono-risling-ekstra-bryut-beloe-105-125.webp,249,576,249,True,
site,derbent-vino-desono-rkatsiteli-oranzh-beloe-suhoe-125.webp,192,576,192,False,
site,derbent-vino-desono-saperavi-krasnoe-suhoe-125.webp,192,576,192,False,
site,derbent-vino-desono-saperavi-roze-rozovoe-suhoe-125.webp,192,576,192,False,
site,derbent-vino-desono-shardone-beloe-suhoe-125.webp,192,576,192,False,
site,derbent-vino-desono-sovinon-ekstra-bryut-sovinon-blan-beloe-105-125.webp,238,576,238,True,
site,derbent-vino-di-kaspiko-fiori-di-mare-verde-avgustin-rozovoe-polusuhoe-10.webp,576,576,576,True,
site,derbent-vino-di-kaspiko-kaberne-sovinon-krasnoe-suhoe-135.webp,288,576,288,True,
site,derbent-vino-di-kaspiko-merlo-krasnoe-polusladkoe-11.webp,288,576,288,True,
site,derbent-vino-di-kaspiko-merlo-krasnoe-suhoe-13.webp,288,576,288,True,
site,derbent-vino-di-kaspiko-risling-beloe-suhoe-12.webp,288,576,288,True,
site,derbent-vino-di-kaspiko-rkatsiteli-beloe-polusladkoe-11.webp,288,576,288,True,
site,derbent-vino-di-kaspiko-rkatsiteli-beloe-suhoe-12.webp,288,576,288,True,
site,derbent-vino-di-kaspiko-roze-shardone-rozovoe-suhoe-12.webp,288,576,288,True,
site,derbent-vino-di-kaspiko-saperavi-krasnoe-suhoe-13.webp,288,576,288,True,
site,derbent-vino-di-kaspiko-shardone-beloe-bryut-105-125.webp,323,576,323,True,
site,derbent-vino-di-kaspiko-shardone-beloe-polusladkoe-105-125.webp,160,576,160,False,
site,derbent-vino-di-kaspiko-shardone-beloe-suhoe-125.webp,288,576,288,True,
site,derbent-vino-di-kaspiko-sovinon-sovinon-blan-beloe-suhoe-12.webp,288,576,288,True,
site,derbent-vino-endemy-aligote-beloe-bryut-105-125.webp,308,576,308,True,
site,derbent-vino-endemy-kaberne-fran-krasnoe-suhoe-13.webp,168,576,168,False,
site,derbent-vino-endemy-kaberne-sovinon-krasnoe-suhoe-13.webp,247,576,247,True,
site,derbent-vino-endemy-kaberne-sovinon-rozovoe-bryut-105-125.webp,168,576,168,False,
site,derbent-vino-endemy-merlo-krasnoe-suhoe-13.webp,164,576,164,False,
site,derbent-vino-endemy-pino-nuar-rozovoe-bryut-105-125.webp,320,576,320,True,
site,derbent-vino-endemy-risling-beloe-bryut-105-125.webp,576,576,576,True,
site,derbent-vino-endemy-saperavi-krasnoe-suhoe-13.webp,164,576,164,False,
site,derbent-vino-endemy-shardone-beloe-bryut-105-125.webp,576,576,576,True,
site,derbent-vino-endemy-shardone-beloe-suhoe-13.webp,576,576,576,True,
site,derbent-vino-endemy-sovinon-beloe-bryut-105-125.webp,576,576,576,True,
site,derbent-vino-graf-vorontsov-beloe-polusladkoe-sovinon-blan-105-125.webp,346,576,346,True,
site,derbent-vino-graf-vorontsov-bryut-beloe-sovinon-blan-105-125.webp,346,576,346,True,
site,derbent-vino-graf-vorontsov-bryut-rozovoe-pervenets-magaracha-105-125.webp,346,576,346,True,
site,derbent-vino-kavkazian-dzharauli-moldova-krasnoe-polusladkoe-11.webp,175,576,175,False,
site,derbent-vino-kavkazian-merlo-krasnoe-polusladkoe-105-125.webp,164,576,164,False,
site,derbent-vino-kavkazian-rkatsiteli-beloe-bryut-105-125.webp,164,576,164,False,
site,derbent-vino-kavkazian-rkatsiteli-beloe-suhoe-12.webp,175,576,175,False,
site,derbent-vino-kavkazian-saperavi-krasnoe-suhoe-105-125.webp,176,576,176,False,
site,di-caspico-rozovoe-bryut.webp,360,576,360,True,
site,di-kaspiko-di-caspico-fiori-di-mare-verde.webp,288,576,288,True,
site,dnk-alleli.webp,576,576,576,True,
site,dnk-aura.webp,177,576,177,False,
site,dnk-kaberne-sovinon.webp,175,576,175,False,
site,dnk-pokolenie.webp,181,576,181,False,
site,domaine-de-la-vivandiere-alkomishka-malbek-krasnoe-suhoe-123.webp,156,576,156,False,
site,domaine-de-la-vivandiere-krasnostop-roze-rozovoe-suhoe-134.webp,162,576,162,False,
site,domaine-de-la-vivandiere-malbec-vivandiere-roze-malbek-rozovoe-suhoe-125.webp,162,576,162,False,
site,domaine-de-la-vivandiere-pino-nuar-roze-rozovoe-suhoe-122.webp,177,576,177,False,
site,domaine-de-la-vivandiere-risling-beloe-suhoe-122.webp,130,576,130,False,
site,domaine-de-la-vivandiere-senso-roze-rozovoe-suhoe-126.webp,160,576,160,False,
site,domaine-de-la-vivandiere-sibirkovyy-fresh-beloe-suhoe-125.webp,127,576,127,False,
site,domaine-de-la-vivandiere-sibirkovyy-sur-lies-beloe-suhoe-121.webp,159,576,159,False,
site,domaine-de-la-vivandiere-tsimlyanskiy-chyornyy-ctes-du-don-tsimlyanskiy-chernyy-rozovoe-suhoe-134.webp,161,576,161,False,
site,domaine-de-la-vivandiere-vn-beloe-aligote-suhoe-131.webp,160,576,160,False,
site,domaine-de-la-vivandiere-vn-krasnoe-pino-nuar-suhoe-12.webp,157,576,157,False,
site,domaine-lipko-blaufrankisch-domaine-lipko-blaufrankish-krasnoe-suhoe-136.webp,161,576,161,False,
site,domaine-lipko-blaufrankish-krasnoe-suhoe-126.webp,117,576,117,False,
site,domaine-lipko-kaberne-sovinon-merlo-pomeste-trenzina-krasnoe-suhoe-15.webp,138,576,138,False,
site,domaine-lipko-muskat-pomeste-trenzina-muskat-belyy-beloe-suhoe-119.webp,154,576,154,False,
site,domaine-lipko-penpalo-cabernet-sauvignon-domaine-lipko-kaberne-sovinon-krasnoe-suhoe-14.webp,158,576,158,False,
site,domaine-lipko-penpalo-chardonnay-domaine-lipko-shardone-beloe-suhoe-122.webp,154,576,154,False,
site,domaine-lipko-penpalo-kaberne-sovinon-krasnoe-suhoe-14.webp,158,576,158,False,
site,domaine-lipko-petit-verdot-domaine-lipko-pti-verdo-krasnoe-suhoe-14.webp,160,576,160,False,
site,domaine-lipko-pino-nuar-krasnoe-suhoe-12.webp,576,576,576,True,
site,domaine-lipko-pinot-noir-domaine-lipko-pino-nuar-krasnoe-suhoe-133.webp,123,576,123,False,
site,domaine-lipko-pti-verdo-krasnoe-suhoe-14.webp,576,576,576,True,
site,domaine-lipko-riesling-m-domaine-lipko-risling-beloe-suhoe-102.webp,129,576,129,False,
site,domaine-lipko-risling-beloe-polusuhoe-124.webp,120,576,120,False,
site,domaine-lipko-roze-sira-rozovoe-suhoe-135.webp,156,576,156,False,
site,domaine-lipko-sauvignon-blanc-domaine-lipko-sovinon-blan-beloe-suhoe-118.webp,131,576,131,False,
site,domaine-lipko-sovinon-blan-beloe-suhoe-118.webp,576,576,576,True,
site,domaine-lipko-syrah-domaine-lipko-sira-krasnoe-suhoe-14.webp,166,576,166,False,
site,domaine-lipko-white-blend-lipko-muskat-belyy-beloe-polusuhoe-115.webp,124,576,124,False,
site,domaine-lipko-white-blend-muskat-beloe-polusuhoe-12.webp,124,576,124,False,
site,domaine-lipko-white-blend-tsitronnyy-magaracha-beloe-suhoe-115.webp,576,576,576,True,
site,donskoe-vinodelcheskoe-hozyaystvo-elbuzd-kaberne-fran-krasnoe-suhoe-13.webp,384,576,384,True,
site,donskoe-vinodelcheskoe-hozyaystvo-elbuzd-merlo-krasnoe-suhoe-13.webp,384,576,384,True,
site,donskoe-vinodelcheskoe-hozyaystvo-elbuzd-pino-nuar-krasnoe-suhoe-13.webp,384,576,384,True,
site,donskoe-vinodelcheskoe-hozyaystvo-elbuzd-risling-beloe-suhoe-12.webp,384,576,384,True,
site,donskoe-vinodelcheskoe-hozyaystvo-elbuzd-shardone-beloe-suhoe-13.webp,384,576,384,True,
site,donskoe-vinodelcheskoe-hozyaystvo-elbuzd-sovinon-blan-beloe-suhoe-12.webp,384,576,384,True,
site,dry-red-wine-56-rubinovyj-magaracha-oleg-repin.webp,170,576,170,False,
site,dubinin-winery-merlo-roze-rozovoe-suhoe-125.webp,164,576,164,False,
site,dubinin-winery-pino-nuar-bryut-roze-rozovoe-ekstra-bryut-125.webp,185,576,185,False,
site,dubinin-winery-risling-beloe-suhoe-12.webp,162,576,162,False,
site,dubinin-winery-roze-kaberne-fran-rozovoe-suhoe-13.webp,162,576,162,False,
site,dubinin-winery-saperavi-fresh-krasnoe-suhoe-135.webp,162,576,162,False,
site,dubinin-winery-sovinon-blan-beloe-suhoe-12.webp,162,576,162,False,
site,dva-brata-pet-nat-kokur-2024.webp,235,576,235,True,
site,dva-serdtsa-arinarnoa-kaberne-sovinon-krasnoe-suhoe-135.webp,154,576,154,False,
site,dva-serdtsa-kaberne-fran-krasnoe-suhoe-14.webp,153,576,153,False,
site,dva-serdtsa-kokur-beloe-suhoe-125.webp,151,576,151,False,
site,dva-serdtsa-muskat-muskat-belyy-beloe-polusuhoe-12.webp,151,576,151,False,
site,dva-serdtsa-muskat-suhoy-muskat-belyy-beloe-suhoe-12.webp,153,576,153,False,
site,dva-serdtsa-rozovoe-kaberne-sovinon-suhoe-13.webp,153,576,153,False,
site,dva-serdtsa-saperavi-krasnoe-suhoe-135.webp,151,576,151,False,
site,dva-serdtsa-vione-beloe-suhoe-125.webp,151,576,151,False,
site,eleonora.webp,172,576,172,False,
site,endemy-saperavi.webp,430,576,430,True,
site,esse-blanc-de-noirs-pino-nuar-beloe-ekstra-bryut-115.webp,169,576,169,False,
site,esse-brut-cuvee-prestige-shardone-beloe-ekstra-bryut-115.webp,165,576,165,False,
site,esse-brut-zero-dosage-shardone-beloe-ekstra-bryut-12.webp,169,576,169,False,
site,esse-brut-zero-dosage-shardone-beloe-ekstra-bryut-135.webp,576,576,576,True,
site,esse-chenin-blanc-shenen-blan-beloe-suhoe-12.webp,169,576,169,False,
site,esse-demi-sec-muscat-nectar-muskat-belyy-beloe-ekstra-bryut-115.webp,180,576,180,False,
site,esse-dolinnoe-cabernet-franc-kaberne-fran-krasnoe-suhoe-13.webp,172,576,172,False,
site,esse-dolinnoe-chrdvnr-shardone-beloe-suhoe-13.webp,166,576,166,False,
site,esse-esse-grand-cuvee-60-shardone-beloe-ekstra-bryut-115.webp,164,576,164,False,
site,esse-esse-millesime-brut-zero-dosage-shardone-beloe-ekstra-bryut-115.webp,162,576,162,False,
site,esse-esse-rose-zero-dosage-shardone-rozovoe-ekstra-bryut-115.webp,157,576,157,False,
site,esse-esse-shardone-beloe-suhoe-125.webp,160,576,160,False,
site,esse-esse-sira-krasnoe-suhoe-12.webp,151,576,151,False,
site,esse-gevyurtstraminer-beloe-suhoe-12.webp,153,576,153,False,
site,esse-kaberne-fran-krasnoe-suhoe-13.webp,151,576,151,False,
site,esse-kaberne-otbornoe-kaberne-sovinon-krasnoe-suhoe-12.webp,156,576,156,False,
site,esse-kaberne-sovinon-krasnoe-suhoe-14.webp,151,576,151,False,
site,esse-mama-marselan-krasnoe-suhoe-115.webp,161,576,161,False,
site,esse-mama-marselan-krasnoe-suhoe-135.webp,576,576,576,True,
site,esse-merlo-krasnoe-suhoe-135.webp,152,576,152,False,
site,esse-merlo-otbornoe-krasnoe-suhoe-13.webp,154,576,154,False,
site,esse-muskat-belyy-beloe-suhoe-135.webp,576,576,576,True,
site,esse-muskat-muskat-belyy-beloe-ekstra-bryut-115.webp,180,576,180,False,
site,esse-muskat-muskat-belyy-beloe-suhoe-115.webp,156,576,156,False,
site,esse-muskat-oranzh-muskat-belyy-beloe-suhoe-115.webp,158,576,158,False,
site,esse-nectar-muscat-muskat-belyy-beloe-polusuhoe-12.webp,576,576,576,True,
site,esse-odessa-black-odesskiy-chernyy-krasnoe-suhoe-12.webp,156,576,156,False,
site,esse-petit-verdot-pti-verdo-krasnoe-suhoe-13.webp,164,576,164,False,
site,esse-pino-gri-beloe-suhoe-12.webp,157,576,157,False,
site,esse-pino-gri-beloe-suhoe-135.webp,576,576,576,True,
site,esse-pino-gri-blash-rozovoe-suhoe-125.webp,576,576,576,True,
site,esse-pino-gri-blush-rozovoe-suhoe-115.webp,158,576,158,False,
site,esse-pino-nuar-krasnoe-suhoe-115.webp,157,576,157,False,
site,esse-prirodno-polusladkoe-beloe-risling-125.webp,113,576,113,False,
site,esse-prirodno-polusladkoe-krasnoe-merlo-13.webp,113,576,113,False,
site,esse-ridicule-sira-krasnoe-suhoe-125.webp,157,576,157,False,
site,esse-risling-beloe-suhoe-115.webp,156,576,156,False,
site,esse-rkatsiteli-beloe-suhoe-125.webp,157,576,157,False,
site,esse-rkatsiteli-oranzh-beloe-suhoe-12.webp,157,576,157,False,
site,esse-rkatsiteli-syur-li-beloe-suhoe-125.webp,154,576,154,False,
site,esse-rose-cuvee-prestige-pino-nuar-rozovoe-bryut-115.webp,169,576,169,False,
site,esse-rose-cuvee-prestige-pino-nuar-rozovoe-bryut-13.webp,576,576,576,True,
site,esse-rose-sira-rozovoe-suhoe-12.webp,172,576,172,False,
site,esse-roze-kaberne-sovinon-rozovoe-suhoe-135.webp,576,576,576,True,
site,esse-rubinovyy-rubinovyy-magaracha-krasnoe-suhoe-12.webp,150,576,150,False,
site,esse-sangiovese-sandzhoveze-krasnoe-suhoe-135.webp,171,576,171,False,
site,esse-saperavi-heaven-krasnoe-suhoe-13.webp,159,576,159,False,
site,esse-saperavi-krasnoe-suhoe-13.webp,149,576,149,False,
site,esse-shardone-otbornoe-beloe-suhoe-12.webp,156,576,156,False,
site,esse-shenen-blan-beloe-suhoe-13.webp,156,576,156,False,
site,esse-sovinon-blan-beloe-suhoe-12.webp,156,576,156,False,
site,esse-sovinon-blan-fyume-beloe-suhoe-128.webp,154,576,154,False,
site,esse-vione-beloe-suhoe-13.webp,157,576,157,False,
site,evolution-pinot-noir-bryut-beloe.webp,162,576,162,False,
site,evolution-pinot-noir-bryut-rozovoe.webp,160,576,160,False,
site,evolution-pinot-noir.webp,167,576,167,False,
site,evolution-reserve-pinot-noir.webp,150,576,150,False,
site,fanagoriya-100-ottenkov-krasnogo-kaberne-kaberne-sovinon-krasnoe-suhoe-135.webp,152,576,152,False,
site,fanagoriya-100-ottenkov-krasnogo-pino-nuar-krasnoe-suhoe-135.webp,576,576,576,True,
site,fanagoriya-100-ottenkov-krasnogo-saperavi-krasnoe-suhoe-14.webp,152,576,152,False,
site,fanagoriya-100-ottenkov-shardone-beloe-suhoe-14.webp,152,576,152,False,
site,fanagoriya-101-ottenok-krasnogo-kaberne-kaberne-sovinon-krasnoe-suhoe-14.webp,152,576,152,False,
site,fanagoriya-101-ottenok-krasnogo-pino-nuar-krasnoe-suhoe-135.webp,160,576,160,False,
site,fanagoriya-101-ottenok-krasnogo-saperavi-krasnoe-suhoe-14.webp,152,576,152,False,
site,fanagoriya-5-elements-bryut-beloe-pino-gri-igristoe-bryut-beloe-125.webp,185,576,185,False,
site,fanagoriya-5-elements-bryut-rozovoe-saperavi-igristoe-bryut-rozovoe-125.webp,185,576,185,False,
site,fanagoriya-alta-qortis-saperavi-krasnoe-suhoe-145.webp,153,576,153,False,
site,fanagoriya-alveus-ultra-cuvee-brut-shardone-beloe-bryut-12.webp,185,576,185,False,
site,fanagoriya-alveus-ultra-cuvee-bryut-rozovoe-merlo-igristoe-bryut-rozovoe-12.webp,185,576,185,False,
site,fanagoriya-alveus-ultra-cuvee-ekstra-bryut-beloe-risling-reynskiy-12.webp,186,576,186,False,
site,fanagoriya-alveus-ultra-cuvee-ekstra-bryut-rozovoe-merlo-12.webp,185,576,185,False,
site,fanagoriya-beloe-polusladkoe.webp,183,576,183,False,
site,fanagoriya-blanc-de-blancs-shardone-beloe-bryut-12.webp,576,576,576,True,
site,fanagoriya-blanc-de-noir-mene-extra-brut-2019-pino-nuar-beloe-ekstra-bryut-12.webp,183,576,183,False,
site,fanagoriya-blanc-de-noirs-mene-pino-mene-beloe-ekstra-bryut-12.webp,576,576,576,True,
site,fanagoriya-brule-cabernet-franc-polusuhoe-rozovoe-kaberne-fran-12.webp,183,576,183,False,
site,fanagoriya-brule-cabernet-sauvignon-polusladkoe-krasnoe-kaberne-sovinon-125.webp,183,576,183,False,
site,fanagoriya-brule-cuve-brut-rozovoe-merlo-igristoe-bryut-rozovoe-12.webp,183,576,183,False,
site,fanagoriya-brule-frizzante-brut-beloe-pino-nuar-bryut-115.webp,221,576,221,True,
site,fanagoriya-brule-frizzante-brut-rozovoe-merlo-igristoe-bryut-rozovoe-115.webp,221,576,221,True,
site,fanagoriya-brule-frizzante-polusladkoe-beloe-pino-nuar-11.webp,221,576,221,True,
site,fanagoriya-brule-muscat-ottonel-brut-muskat-ottonel-beloe-polusladkoe-12.webp,179,576,179,False,
site,fanagoriya-brule-muscat-ottonel-polusladkoe-muskat-ottonel-beloe-115.webp,183,576,183,False,
site,fanagoriya-brule-saperavi-saperavi-igristoe-sladkoe-krasnoe-bryut-125.webp,183,576,183,False,
site,fanagoriya-brule-sauvignon-blanc-brut-sovinon-blan-beloe-bryut-12.webp,185,576,185,False,
site,fanagoriya-cru-lermont-cabernet-franc-kaberne-fran-krasnoe-suhoe-13.webp,153,576,153,False,
site,fanagoriya-cru-lermont-cabernet-sauvignon-kaberne-sovinon-krasnoe-suhoe-13.webp,153,576,153,False,
site,fanagoriya-cru-lermont-chardonnay-shardone-beloe-suhoe-14.webp,153,576,153,False,
site,fanagoriya-cru-lermont-merlo-merlo-krasnoe-suhoe-14.webp,153,576,153,False,
site,fanagoriya-cru-lermont-petit-verdot-pti-verdo-krasnoe-suhoe-13.webp,153,576,153,False,
site,fanagoriya-cru-lermont-pinot-noir-pino-nuar-krasnoe-suhoe-13.webp,153,576,153,False,
site,fanagoriya-cru-lermont-rubinovyy-magaracha-krasnoe-suhoe-13.webp,153,576,153,False,
site,fanagoriya-cru-lermont-saperavi-saperavi-krasnoe-suhoe-135.webp,153,576,153,False,
site,fanagoriya-dekanter-chardonnay-2020-shardone-beloe-suhoe-135.webp,153,576,153,False,
site,fanagoriya-dekanter-formula-q-kaberne-sovinon-krasnoe-suhoe-135.webp,232,576,232,True,
site,fanagoriya-dekanter-kaberne-fran-2019-krasnoe-suhoe-13.webp,153,576,153,False,
site,fanagoriya-dekanter-kaberne-sovinon-2018-krasnoe-suhoe-14.webp,153,576,153,False,
site,fanagoriya-dekanter-merlo-2018-krasnoe-suhoe-14.webp,153,576,153,False,
site,fanagoriya-dekanter-pino-nuar-2020-krasnoe-suhoe-135.webp,153,576,153,False,
site,fanagoriya-dekanter-riesling-2020-risling-reynskiy-beloe-suhoe-13.webp,153,576,153,False,
site,fanagoriya-dekanter-rkatsiteli-2019-beloe-suhoe-135.webp,158,576,158,False,
site,fanagoriya-dekanter-saperavi-2017-krasnoe-suhoe-135.webp,153,576,153,False,
site,fanagoriya-fanagoria-extra-brut-rose-2019-pino-nuar-igristoe-bryut-rozovoe-ekstra-bryut-12.webp,183,576,183,False,
site,fanagoriya-fanagoriya-blanc-de-blancs-beloe-iz-belogo-shardone-igristoe-bryut-beloe-11-13.webp,183,576,183,False,
site,fanagoriya-fanagoriya-blanc-de-noirs-beloe-iz-chyornogo-merlo-igristoe-bryut-beloe-11-13.webp,183,576,183,False,
site,fanagoriya-fanagoriya-bryut-beloe-sovinon-blan-igristoe-bryut-beloe-11-13.webp,183,576,183,False,
site,fanagoriya-fanagoriya-bryut-rozovoe-sovinon-blan-igristoe-bryut-rozovoe-11-13.webp,183,576,183,False,
site,fanagoriya-fanagoriya-hey-bey-shardone-beloe-suhoe-13.webp,156,576,156,False,
site,fanagoriya-fanagoriya-polusladkoe-rozovoe-sovinon-blan-krasnoe-11-13.webp,183,576,183,False,
site,fanagoriya-fanagoriya-rose-de-noirs-roze-de-nuar-merlo-igristoe-bryut-rozovoe-11-13.webp,183,576,183,False,
site,fanagoriya-fanagoriya-sakra-sennoy-krasnostop-krasnoe-suhoe-135.webp,153,576,153,False,
site,fanagoriya-formula-q-kaberne-sovinon-krasnoe-suhoe-135.webp,576,576,576,True,
site,fanagoriya-formula-q-saperavi-krasnoe-suhoe-135.webp,153,576,153,False,
site,fanagoriya-ice-wine-kaberne-kaberne-sovinon-krasnoe-sladkoe-11.webp,174,576,174,False,
site,fanagoriya-ice-wine-merlo-rozovoe-sladkoe-10.webp,576,576,576,True,
site,fanagoriya-ice-wine-risling-tihoe-beloe-sladkoe-10.webp,174,576,174,False,
site,fanagoriya-ice-wine-saperavi-tihoe-krasnoe-sladkoe-10.webp,174,576,174,False,
site,fanagoriya-ledyanoe-vino-muskat-muskat-ottonel-beloe-sladkoe-11.webp,576,576,576,True,
site,fanagoriya-ona-skazala-da-beloe-bryut.webp,185,576,185,False,
site,fanagoriya-ona-skazala-da-beloe-polusladkoe.webp,185,576,185,False,
site,fanagoriya-par-amour-pervenets-magaracha-beloe-polusladkoe-105-125.webp,157,576,157,False,
site,fanagoriya-par-amour-pervenets-magaracha-beloe-polusuhoe-105-125.webp,157,576,157,False,
site,fanagoriya-par-amour-pervenets-magaracha-rozovoe-polusuhoe-105-125.webp,157,576,157,False,
site,fanagoriya-par-amour-rubin-golodrigi-krasnoe-polusladkoe-105-125.webp,157,576,157,False,
site,fanagoriya-pelle-calda-saperavi-krasnoe-suhoe-155.webp,158,576,158,False,
site,fanagoriya-primum-alveus-blanc-de-blancs-2017-shardone-igristoe-bryut-beloe-12.webp,183,576,183,False,
site,fanagoriya-primum-alveus-blanc-de-blancs-ekstra-bryut-2019-shardone-beloe-11-13.webp,183,576,183,False,
site,fanagoriya-primum-alveus-blanc-de-noirs-meunier-ekstra-bryut-2019-mene-beloe-11-13.webp,183,576,183,False,
site,fanagoriya-primum-alveus-brut-2014-shardone-igristoe-bryut-beloe-12.webp,183,576,183,False,
site,fanagoriya-primum-alveus-brut-2016-shardone-igristoe-bryut-beloe-12.webp,183,576,183,False,
site,fanagoriya-primum-alveus-brut-2017-shardone-igristoe-bryut-beloe-12.webp,183,576,183,False,
site,fanagoriya-primum-alveus-brut-2021-shardone-beloe-bryut-11-13.webp,183,576,183,False,
site,fanagoriya-primum-alveus-bryut-2019-pino-nuar-igristoe-bryut-rozovoe-11-13.webp,183,576,183,False,
site,fanagoriya-primum-alveus-ekstra-bryut-2017-pino-nuar-beloe-11-13.webp,183,576,183,False,
site,fanagoriya-primum-alveus-extra-brut-2014-pino-nuar-beloe-bryut-12.webp,183,576,183,False,
site,fanagoriya-primum-alveus-extra-brut-2016-shardone-beloe-bryut-12.webp,183,576,183,False,
site,fanagoriya-primum-alveus-extra-brut-rose-2014-pino-nuar-rozovoe-bryut-12.webp,183,576,183,False,
site,fanagoriya-q-blanc-sovinon-blan-beloe-suhoe-14.webp,153,576,153,False,
site,fanagoriya-q-bordeaux-blend-kaberne-sovinon-krasnoe-suhoe-135.webp,153,576,153,False,
site,fanagoriya-rose-kaberne-fran-rozovoe-suhoe-13.webp,195,576,195,False,
site,fanagoriya-rose-kaberne-sovinon-rozovoe-polusuhoe-13.webp,153,576,153,False,
site,fanagoriya-rose-saperavi-rozovoe-polusuhoe-125.webp,153,576,153,False,
site,fanagoriya-rs-noir-saperavi-krasnoe-polusladkoe-125.webp,194,576,194,False,
site,fanagoriya-saqra-saperavi-krasnoe-suhoe-135.webp,576,576,576,True,
site,fanagoriya-solera-moscatel-oro-muskat-ottonel-beloe-suhoe-16.webp,93,576,93,False,
site,fanagoriya-solera-porto-negro-saperavi-krasnoe-suhoe-15.webp,93,576,93,False,
site,fanagoriya-solera-rkatsiteli-ambra-rkatsiteli-beloe-suhoe-15.webp,93,576,93,False,
site,fanagoriya-solera-saperavi-ruby-saperavi-krasnoe-suhoe-16.webp,93,576,93,False,
site,fanagoriya-sur-lie-chardonnay-shardone-beloe-suhoe-135.webp,195,576,195,False,
site,fanagoriya-sur-lie-clairet-saperavi-krasnoe-suhoe-13.webp,195,576,195,False,
site,fanagoriya-sur-lie-vi-vi-aligote-beloe-suhoe-125.webp,195,576,195,False,
site,fanagoriya-tochka-saperavi-krasnoe-suhoe-14.webp,274,576,274,True,
site,fanagoriya-velvet-season-muskat-ottonel-beloe-sladkoe-13.webp,126,576,126,False,
site,fanagoriya-velvet-season-risling-beloe-sladkoe-12.webp,126,576,126,False,
site,fanagoriya-zelyonoe-vino-risling-tsitronnyy-magaracha-beloe-polusuhoe-11.webp,136,576,136,False,
site,fanagoriya-zelyonoe-vino-risling-tsitronnyy-magaracha-merlo-rozovoe-polusuhoe-11.webp,136,576,136,False,
site,ferrum-winery-apollinary-merlo-krasnoe-suhoe-13.webp,150,576,150,False,
site,ferrum-winery-kaberne-fran-krasnoe-suhoe-12.webp,158,576,158,False,
site,ferrum-winery-merlot-merlo-krasnoe-suhoe-13.webp,146,576,146,False,
site,ferrum-winery-pinot-noir-pino-nuar-rozovoe-suhoe-13.webp,152,576,152,False,
site,ferrum-winery-riesling-risling-reynskiy-beloe-suhoe-11.webp,149,576,149,False,
site,ferrum-winery-sabernet-sauvignon-cabernet-franc-kaberne-sovinon-krasnoe-suhoe-12.webp,152,576,152,False,
site,ferrum-winery-sabernet-sauvignon-kaberne-sovinon-krasnoe-suhoe-14.webp,147,576,147,False,
site,ferrum-winery-saperavi-saperavi-krasnoe-suhoe-12.webp,153,576,153,False,
site,ferrum-winery-sovinon-blan-blush-beloe-suhoe-104.webp,154,576,154,False,
site,fioletovyj-rannij-petnat.webp,218,576,218,True,
site,fiori-di-mare-krasnoe-polusuhoe.webp,159,576,159,False,
site,gaj-kodzor-rusan.webp,158,576,158,False,
site,gaj-kodzor-sovinon-blan.webp,158,576,158,False,
site,gavras-areni-krasnoe-suhoe-13.webp,160,576,160,False,
site,gavras-chardonnay-shardone-beloe-suhoe-13.webp,157,576,157,False,
site,gavras-levokumskiy-krasnoe-suhoe-12.webp,160,576,160,False,
site,gavras-masour-murvedr-rozovoe-suhoe-12.webp,156,576,156,False,
site,gavras-sira-krasnoe-suhoe-135.webp,160,576,160,False,
site,gevyurcztraminer-oranzh.webp,312,576,312,True,
site,glera-manno.webp,258,576,258,True,
site,glu-glu-butch.webp,165,576,165,False,
site,glu-glu-mr-mouse-2022.webp,577,576,576,True,
site,glu-glu-samba.webp,174,576,174,False,
site,golubitskoe-estate-chardonnay.webp,183,576,183,False,
site,golubitskoe-estate-kaberne-sovinon-krasnoe-suhoe-137.webp,153,576,153,False,
site,golubitskoe-estate-kaberne-sovinon-noble-selection-krasnoe-suhoe-133.webp,152,576,152,False,
site,golubitskoe-estate-kaberne-sovinon-rezerv-krasnoe-suhoe-125.webp,153,576,153,False,
site,golubitskoe-estate-merlo-krasnoe-suhoe-135.webp,152,576,152,False,
site,golubitskoe-estate-merlo-rezerv-krasnoe-suhoe-135.webp,153,576,153,False,
site,golubitskoe-estate-noble-selection-red-blend-kaberne-sovinon-krasnoe-suhoe-136.webp,152,576,152,False,
site,golubitskoe-estate-noble-selection-white-blend-shardone-beloe-suhoe-135.webp,152,576,152,False,
site,golubitskoe-estate-petnat-white-risling-reynskiy-beloe-suhoe-115.webp,195,576,195,False,
site,golubitskoe-estate-pino-nuar-rezerv-krasnoe-suhoe-132.webp,159,576,159,False,
site,golubitskoe-estate-red-blend-kaberne-sovinon-krasnoe-suhoe-136.webp,153,576,153,False,
site,golubitskoe-estate-risling-beloe-suhoe-125.webp,123,576,123,False,
site,golubitskoe-estate-risling-oranzh-risling-reynskiy-oranzhevoe-suhoe-13.webp,124,576,124,False,
site,golubitskoe-estate-risling.webp,125,576,125,False,
site,golubitskoe-estate-shardone-noble-selection-barrel-touch-beloe-suhoe-135.webp,158,576,158,False,
site,golubitskoe-estate-shardone-rezerv-beloe-suhoe-135.webp,159,576,159,False,
site,golubitskoe-estate-sovinon-blan-beloe-suhoe-11.webp,158,576,158,False,
site,golubitskoe-estate-tte-de-cheval-blanc-de-blancs-shardone-beloe-bryut-12.webp,202,576,202,True,
site,golubitskoe-estate-tte-de-cheval-bryut-risling-beloe-12.webp,202,576,202,True,
site,golubitskoe-estate-tte-de-cheval-reserve-risling-beloe-bryut-125.webp,204,576,204,True,
site,golubitskoe-estate-tte-de-cheval-zero-dosage-ekstra-bryut-sovinon-blan-beloe-12.webp,203,576,203,True,
site,golubitskoe-estate-tte-de-chevall-roze-pino-nuar-rozovoe-bryut-12.webp,202,576,202,True,
site,golubitskoe-estate-winery-series-pino-nuar-rozovoe-suhoe-115.webp,154,576,154,False,
site,golubitskoe-estate-winery-series-risling-reynskiy-beloe-suhoe-125.webp,122,576,122,False,
site,golubitskoe-estate-winery-series-roze-blend-kaberne-sovinon-rozovoe-suhoe-117.webp,156,576,156,False,
site,golubitskoe-rose.webp,277,576,277,True,
site,good-steak-cabernet.webp,153,576,153,False,
site,good-steak-merlot.webp,153,576,153,False,
site,grand-jete-blanc-de-blancs.webp,432,576,432,True,
site,grand-jete-blanc-de-noirs.webp,432,576,432,True,
site,grand-jete-cuvee.webp,432,576,432,True,
site,grand-jete-rose.webp,432,576,432,True,
site,grand-kyuve.webp,370,546,370,True,
site,green-cape-risling.webp,137,576,137,False,
site,green-cape-sovinon-blan.webp,170,576,170,False,
site,gunko-winery-blanc-de-blancs-shardone-beloe-bryut-12.webp,184,576,184,False,
site,gunko-winery-bryut-roze-pino-nuar-rozovoe-12.webp,184,576,184,False,
site,gunko-winery-kaberne-fran-gunko-winery-krasnoe-suhoe-135.webp,148,576,148,False,
site,gunko-winery-krasnye-gliny-kaberne-fran-krasnoe-suhoe-14.webp,149,576,149,False,
site,gunko-winery-malbek-krasnoe-suhoe-14.webp,576,576,576,True,
site,gunko-winery-monumental-bryut-shardone-beloe-12.webp,183,576,183,False,
site,gunko-winery-monumental-saperavi-krasnoe-suhoe-145.webp,145,576,145,False,
site,gunko-winery-risling-beloe-suhoe-135.webp,148,576,148,False,
site,gunko-winery-risling-rezerv-beloe-suhoe-135.webp,148,576,148,False,
site,gunko-winery-roze-kaberne-fran-rozovoe-suhoe-135.webp,134,576,134,False,
site,gunko-winery-saperavi-gunko-winery-krasnoe-suhoe-135.webp,148,576,148,False,
site,gunko-winery-sovinon-blan-gunko-winery-beloe-suhoe-135.webp,148,576,148,False,
site,igristoe-krasnoe-sladkoe-czimlyanskoe.webp,160,576,160,False,
site,igristoe-vino-bryut-beloe-di-caspico.webp,160,576,160,False,
site,igristoe-vino-bryut-beloe-di-kaspiko-blan-de-blan-di-caspico-blanc-de-blancs.webp,247,576,247,True,
site,igristoe-vino-bryut-rozovoe-di-kaspiko-blan-de-nuar-di-caspico-blanc-de-noirs.webp,247,576,247,True,
site,igristoe-vino-ekstra-bryut-beloe-di-caspico.webp,160,576,160,False,
site,igristoe-vino-endemy-bianka-bryut-beloe.webp,247,576,247,True,
site,igristoe-vino-endemy-pino-blan-bryut-beloe.webp,247,576,247,True,
site,igristoe-zhemchuzhnoe-vino-polusladkoe-beloe-di-kaspiko-fiori-di-mare-di-caspico-fiori-di-mare.webp,159,576,159,False,
site,igristoe-zhemchuzhnoe-vino-polusladkoe-rozovoe-di-kaspiko-fiori-di-mare-di-caspico-fiori-di-mare.webp,165,576,165,False,
site,imenie-sikory-gerts-kaberne-sovinon-krasnoe-suhoe-14.webp,576,576,576,True,
site,imenie-sikory-gerts-sikory-kaberne-sovinon-krasnoe-suhoe-14.webp,185,576,185,False,
site,imenie-sikory-kaberne-fran-roze-rozovoe-suhoe-13.webp,576,576,576,True,
site,imenie-sikory-kaberne-fran-sikory-rozovoe-suhoe-13.webp,182,576,182,False,
site,imenie-sikory-kaberne-sovinon-semeynyy-rezerv-krasnoe-suhoe-14.webp,576,576,576,True,
site,imenie-sikory-krasnostop-zolotovskiy-na-terrasah-krasnoe-suhoe-14.webp,199,576,199,False,
site,imenie-sikory-krasnostop-zolotovskiy-na-terrasah-rozovoe-suhoe-13.webp,183,576,183,False,
site,imenie-sikory-krasnostop-zolotovskiy-pozdniy-sbor-rozovoe-sladkoe-13.webp,183,576,183,False,
site,imenie-sikory-merlo-semeynyy-rezerv-krasnoe-suhoe-14.webp,576,576,576,True,
site,imenie-sikory-merlo-sikory-krasnoe-suhoe-13.webp,200,576,200,True,
site,imenie-sikory-pino-nuar-semeynyy-rezerv-krasnoe-suhoe-14.webp,196,576,196,False,
site,imenie-sikory-pino-nuar-sikory-krasnoe-suhoe-14.webp,576,576,576,True,
site,imenie-sikory-risling-pozdniy-sbor-beloe-sladkoe-13.webp,161,576,161,False,
site,imenie-sikory-risling-semeynyy-rezerv-beloe-suhoe-13.webp,152,576,152,False,
site,imenie-sikory-risling-semeynyy-rezerv-risling-reynskiy-beloe-suhoe-13.webp,576,576,576,True,
site,imenie-sikory-risling-sikory-beloe-suhoe-13.webp,150,576,150,False,
site,imenie-sikory-semeynoe-nasledie-kaberne-sovinon-krasnoe-suhoe-14.webp,576,576,576,True,
site,imenie-sikory-shardone-semeynyy-rezerv-beloe-suhoe-13.webp,191,576,191,False,
site,imenie-sikory-shardone-sikory-beloe-suhoe-13.webp,576,576,576,True,
site,imenie-sikory-sovinon-blan-semeynyy-rezerv-beloe-suhoe-13.webp,193,576,193,False,
site,imenie-sikory-sovinon-blan-sikory-beloe-suhoe-13.webp,576,576,576,True,
site,inkerman-muskatnoe-beloe.webp,165,576,165,False,
site,inkerman-shato-blan.webp,170,576,170,False,
site,inkerman-shato-ruzh.webp,162,576,162,False,
site,inkermanskiy-zmv-inkerman-bryut-rkatsiteli-beloe-12.webp,183,576,183,False,
site,inkermanskiy-zmv-inkerman-bryut-shardone-beloe-135.webp,576,576,576,True,
site,inkermanskiy-zmv-inkerman-muskat-polusladkoe-beloe-13.webp,182,576,182,False,
site,inkermanskiy-zmv-inkerman-pino-blan-zero-dozazh-beloe-ekstra-bryut-12.webp,175,576,175,False,
site,inkermanskiy-zmv-inkerman-polusladkoe-rkatsiteli-beloe-13.webp,179,576,179,False,
site,inkermanskiy-zmv-inkerman-polusladkoe-roze-aligote-rozovoe-135.webp,576,576,576,True,
site,inkermanskiy-zmv-inkerman-roze-zero-dozazh-kokur-rozovoe-ekstra-bryut-12.webp,172,576,172,False,
site,inkermanskiy-zmv-inkerman-rozovoe-polusladkoe-rkatsiteli-12.webp,171,576,171,False,
site,inkermanskiy-zmv-kokur-belyy-ekstra-bryut-beloe-135.webp,576,576,576,True,
site,inkermanskiy-zmv-special-reserve-rkatsiteli-beloe-suhoe-13.webp,576,576,576,True,
site,inkermanskiy-zmv-winemakers-selection-saperavi-krasnoe-polusladkoe-12.webp,576,576,576,True,
site,ivan-ksenia-kruz-argonne-chardonay-shardone-beloe-suhoe-127.webp,167,576,167,False,
site,jd_winery_kaberne_souvignon.webp,324,576,324,True,
site,jd_winery_muskat_ottonel.webp,285,576,285,True,
site,jd_winery_risling.webp,142,576,142,False,
site,jd_winery_risling_orange.webp,146,576,146,False,
site,jd_winery_shardone.webp,324,576,324,True,
site,kaberne-avtorskoe-vino.webp,154,576,154,False,
site,kaberne-fran-gusev.webp,524,576,524,True,
site,kaberne-fran.webp,213,576,213,True,
site,kaberne-sovinon-1.webp,460,576,460,True,
site,kaberne-sovinon-2.webp,278,564,278,True,
site,kaberne-sovinon-appasimento.webp,461,576,461,True,
site,kaberne-sovinon.webp,170,576,170,False,
site,kaffa-joy-malbec-glu-glu.webp,288,576,288,True,
site,kaffa-joy-malvasia.webp,288,576,288,True,
site,kaffa-joy-merlot-malbec.webp,288,576,288,True,
site,kaffa-joy-rkatsiteli.webp,288,576,288,True,
site,karbon-glyu-2024.webp,235,576,235,True,
site,katharon-brut.webp,407,576,407,True,
site,katharon-katharon-brut-blanc-de-blan.webp,407,576,407,True,
site,katharon-katharon-kaberne-fran.webp,407,576,407,True,
site,katharon-katharon-merlo.webp,407,576,407,True,
site,katharon-katharon-risling-suhoe.webp,407,576,407,True,
site,katharon-katharon-shardone.webp,407,576,407,True,
site,katharon-katharon-sovinon-blan.webp,407,576,407,True,
site,katharon-mezenka-kaberne-fran-merlo.webp,407,576,407,True,
site,katharon-mezenka-kaberne-fran.webp,407,576,407,True,
site,katharon-mezenka-merlo.webp,407,576,407,True,
site,katharon-mezenka-risling-polusuhoe.webp,407,576,407,True,
site,katharon-mezenka-risling-suhoe.webp,407,576,407,True,
site,katharon-mezenka-sira.webp,407,576,407,True,
site,katharon-mezenka-sovinon-blan.webp,407,576,407,True,
site,katharon-semi-sweet.webp,407,576,407,True,
site,kd-kokur.webp,299,576,299,True,
site,khrustaleva-76-merlot-polusuhoe-rozovoe.webp,213,576,213,True,
site,khrustaleva-76-muscat-bryut-beloe.webp,218,576,218,True,
site,khrustaleva-76-muscat-polusladkoe-beloe.webp,221,576,221,True,
site,koktebel-casa-belyj-kupazh.webp,148,576,148,False,
site,kokur-2025.webp,224,576,224,True,
site,kokur-avtorskoe.webp,161,576,161,False,
site,kokur-premium.webp,173,576,173,False,
site,kokur-suhoe.webp,154,576,154,False,
site,koldun-beloe-suhoe.webp,156,576,156,False,
site,krasnostop-shato-taman.webp,206,576,206,True,
site,krasnostop-zolotovskij.webp,461,576,461,True,
site,kuban-vino-aristov-8-byanko-07-shardone-beloe-suhoe-8.webp,134,576,134,False,
site,kuban-vino-aristov-8-byanko-shardone-beloe-suhoe-8.webp,134,576,134,False,
site,kuban-vino-aristov-8-roze-07-merlo-rozovoe-suhoe-8.webp,133,576,133,False,
site,kuban-vino-aristov-8-roze-merlo-rozovoe-suhoe-8.webp,136,576,136,False,
site,kuban-vino-aristov-amata-byanko-shardone-beloe-suhoe-125.webp,163,576,163,False,
site,kuban-vino-aristov-amata-rosso-kaberne-sovinon-krasnoe-suhoe-145.webp,166,576,166,False,
site,kuban-vino-aristov-amata-roze-kaberne-sovinon-rozovoe-suhoe-13.webp,158,576,158,False,
site,kuban-vino-aristov-anima-michela-2023-sandzhoveze-krasnoe-suhoe-115.webp,167,576,167,False,
site,kuban-vino-aristov-anima-pino-gridzhio-beloe-suhoe-12.webp,165,576,165,False,
site,kuban-vino-aristov-anima-pino-gridzhio-blash-rozovoe-suhoe-125.webp,166,576,166,False,
site,kuban-vino-aristov-anima-pino-nero-sandzhoveze-pino-nuar-krasnoe-suhoe-125.webp,167,576,167,False,
site,kuban-vino-aristov-byanko-polusladkoe-shardone-beloe-13.webp,159,576,159,False,
site,kuban-vino-aristov-byanko-shardone-beloe-suhoe-13.webp,153,576,153,False,
site,kuban-vino-aristov-kaberne-sovinon-krasnoe-suhoe-13.webp,138,576,138,False,
site,kuban-vino-aristov-kaberne-sovinon-roze-2020-rozovoe-suhoe-12.webp,148,576,148,False,
site,kuban-vino-aristov-kaberne-sovinon-roze-rozovoe-suhoe-12.webp,148,576,148,False,
site,kuban-vino-aristov-kyuve-aleksandr-blanc-de-blancs-36-shardone-beloe-ekstra-bryut-12.webp,576,576,576,True,
site,kuban-vino-aristov-kyuve-aleksandr-millezimato-shardone-beloe-ekstra-bryut-12.webp,576,576,576,True,
site,kuban-vino-aristov-kyuve-aleksandr-rose-de-pinot-pino-nuar-rozovoe-ekstra-bryut-12.webp,576,576,576,True,
site,kuban-vino-aristov-risling-beloe-suhoe-115.webp,134,576,134,False,
site,kuban-vino-aristov-rosso-polusladkoe-saperavi-krasnoe-13.webp,157,576,157,False,
site,kuban-vino-aristov-sandzhoveze-krasnoe-suhoe-13.webp,154,576,154,False,
site,kuban-vino-aristov-shardone-318-beloe-suhoe-115.webp,153,576,153,False,
site,kuban-vino-aristov-tsvaygelt-320-rozovoe-suhoe-125.webp,158,576,158,False,
site,kuban-vino-aristov-verde-muskat-beloe-polusuhoe-11.webp,135,576,135,False,
site,kuban-vino-flyor-dyu-syud-blan-de-tamane-tsvetochnyy-beloe-suhoe-115.webp,157,576,157,False,
site,kuban-vino-flyor-dyu-syud-roze-de-tamane-traminer-rozovyy-rozovoe-suhoe-125.webp,157,576,157,False,
site,kuban-vino-flyor-dyu-syud-ruzh-de-tamane-rubin-golodrigi-krasnoe-suhoe-12.webp,157,576,157,False,
site,kuban-vino-kaberne-de-tamane-kaberne-sovinon-krasnoe-suhoe-125.webp,151,576,151,False,
site,kuban-vino-krasnostop-de-tamane-krasnostop-anapskiy-krasnoe-suhoe-13.webp,149,576,149,False,
site,kuban-vino-saperavi-de-tamane-krasnoe-suhoe-125.webp,142,576,142,False,
site,kuban-vino-shato-tamane-aligote-beloe-suhoe-13.webp,152,576,152,False,
site,kuban-vino-shato-tamane-delikeyt-roze-2024-bianka-rozovoe-suhoe-95.webp,134,576,134,False,
site,kuban-vino-shato-tamane-rezerv-kaberne-limited-edishn-2015-kaberne-sovinon-krasnoe-suhoe-13.webp,151,576,151,False,
site,kuban-vino-shato-tamane-rezerv-kaberne-limited-edishn-2022-kaberne-sovinon-krasnoe-suhoe-14.webp,157,576,157,False,
site,kuban-vino-shato-tamane-rezerv-kollekshn-saperavi-2015-krasnoe-suhoe-13.webp,140,532,140,False,
site,kuban-vino-shato-tamane-rezerv-kollekshn-shardone-beloe-suhoe-125.webp,155,576,155,False,
site,kuban-vino-shato-tamane-rezerv-krasnostop-krasnostop-anapskiy-krasnoe-suhoe-135.webp,154,576,154,False,
site,kuban-vino-shato-tamane-rezerv-merlo-limited-edishn-2018-krasnoe-suhoe-125.webp,152,576,152,False,
site,kuban-vino-shato-tamane-rezerv-myuller-turgau-limited-edishn-2021-beloe-suhoe-12.webp,157,576,157,False,
site,kuban-vino-shato-tamane-rezerv-myuller-turgau-limited-edishn-beloe-suhoe-13.webp,157,576,157,False,
site,kuban-vino-shato-tamane-rezerv-premer-ruzh-kaberne-sovinon-krasnoe-suhoe-13.webp,154,576,154,False,
site,kuban-vino-shato-tamane-rezerv-red-blend-kaberne-sovinon-krasnoe-suhoe-125.webp,152,576,152,False,
site,kuban-vino-shato-tamane-rkatsiteli-myuller-turgau-shardone-2025-beloe-suhoe-12.webp,152,576,152,False,
site,kuban-vino-shato-tamane-ruzh-2023-tsvaygelt-krasnoe-suhoe-12.webp,151,576,151,False,
site,kuban-vino-shato-tamane-selekt-oranzh-tsitronnyy-magaracha-oranzhevoe-suhoe-135.webp,155,576,155,False,
site,kuban-vino-shato-tamane-selekt-ruzh-saperavi-krasnoe-suhoe-125.webp,155,576,155,False,
site,kuban-vino-shato-tamane-shardone-beloe-suhoe-12.webp,150,576,150,False,
site,kuban-vino-shato-tamane-terruar-krasnostop-saperavi-2022-krasnoe-suhoe-125.webp,154,576,154,False,
site,kuban-vino-shato-tamane-terruar-krasnostop-saperavi-2023-krasnoe-suhoe-125.webp,154,576,154,False,
site,kuban-vino-vysokiy-bereg-grafit-roze-kaberne-sovinon-rozovoe-suhoe-12.webp,147,576,147,False,
site,kuban-vino-vysokiy-bereg-merlo-krasnoe-suhoe-135.webp,153,576,153,False,
site,kuban-vino-vysokiy-bereg-myuller-turgau-beloe-suhoe-13.webp,155,576,155,False,
site,kyuve-czimlyanskij-chernyj-i-krasnostop-zolotoj.webp,183,576,183,False,
site,le-general-hiver.webp,461,576,461,True,
site,le-k2-kamenolomnya-sira-krasnoe-suhoe-145.webp,384,576,384,True,
site,le-k2-pino-nuar-pi-krasnoe-suhoe-133.webp,158,576,158,False,
site,le-k2-temnaya-roza-sira-rozovoe-suhoe-13.webp,164,576,164,False,
site,le-k2-v-glubine-shardone-beloe-suhoe-13.webp,576,576,576,True,
site,le-k2-v-tumane-sovinon-blan-beloe-suhoe-127.webp,284,576,284,True,
site,le-k2-v-tumane-sovinon-blan-beloe-suhoe-13.webp,576,576,576,True,
site,le-k2-vassal-risling-beloe-suhoe-14.webp,213,576,213,True,
site,le-k2-vassal-risling-reynskiy-beloe-suhoe-14.webp,576,576,576,True,
site,lebedushka.webp,360,576,360,True,
site,lefkadiya-beloe.webp,159,576,159,False,
site,lefkadiya-krasnoe.webp,157,576,157,False,
site,lesnaya-proseka.webp,259,400,259,True,
site,leto-kaberne-fran-2021-suhoe-krasnoe.webp,432,576,432,True,
site,leto-kaberne-fran-2024-polusladkoe-krasnoe.webp,160,576,160,False,
site,leto-kaberne-fran-rezerv-2020-suhoe-krasnoe.webp,576,576,576,True,
site,leto-kaberne-fran-rezerv-2021-suhoe-krasnoe.webp,432,576,432,True,
site,leto-kaberne-sovinon-2023-polusuhoe-krasnoe.webp,432,576,432,True,
site,leto-kollekcziya-leta-2020-suhoe-beloe-1.webp,432,576,432,True,
site,leto-kollekcziya-leta-2020-suhoe-beloe.webp,576,576,576,True,
site,leto-kollekcziya-leta-kupazh-2021-suhoe-beloe.webp,432,576,432,True,
site,leto-kollekcziya-leta-kupazh-2023-suhoe-krasnoe.webp,432,576,432,True,
site,leto-kollekcziya-vinodela-2020-suhoe-krasnoe.webp,576,576,576,True,
site,leto-muskat-oranzh-2024-suhoe-vino.webp,175,576,175,False,
site,leto-risling-2020.webp,576,576,576,True,
site,leto-risling-2024-polusuhoe-vino.webp,158,576,158,False,
site,leto-risling-2024.webp,164,576,164,False,
site,leto-shardone-2023-suhoe-beloe.webp,432,576,432,True,
site,leto-vecrfn-2024-suhoe-vino.webp,432,576,432,True,
site,levokumskoe-beloe-rkatsiteli-suhoe-10.webp,148,576,148,False,
site,levokumskoe-rkatsiteli-beloe-suhoe-10.webp,145,576,145,False,
site,levokumskoe-sovinon-blan-beloe-suhoe-10.webp,149,576,149,False,
site,locantita-more.webp,360,537,360,True,
site,locantita-sauvignon-blanc-chardonnay.webp,202,576,202,True,
site,loco-cimbali-loco-cimbali-pinot-meunier-mene-krasnoe-suhoe-125.webp,196,576,196,False,
site,loco-cimbali-loco-cimbali-red-kaberne-sovinon-krasnoe-suhoe-135.webp,194,576,194,False,
site,loco-cimbali-oranzh-muskat-belyy-beloe-suhoe-129.webp,576,576,576,True,
site,loco-cimbali-pino-mene-krasnoe-suhoe-115.webp,157,576,157,False,
site,loco-cimbali-risling-risling-reynskiy-beloe-suhoe-13.webp,576,576,576,True,
site,loco-cimbali-rkatsiteli-oranzhevoe-suhoe-13.webp,195,576,195,False,
site,lorio-bryut-belyj.webp,236,576,236,True,
site,lorio-bryut-rozovoe-igristoe.webp,237,576,237,True,
site,lorio-kaberne-sovinon-i-pino-nuar.webp,280,576,280,True,
site,lorio-kaberne-sovinon.webp,280,576,280,True,
site,lorio-pino-nuar.webp,864,576,576,True,
site,lorio-rozovoe.webp,173,576,173,False,
site,lorio-shardone.webp,280,576,280,True,
site,lorio-sovinon-blan-2024.webp,280,576,280,True,
site,lorio-sovinon-blan-2025.webp,173,576,173,False,
site,lorio-sovinon-blan-i-shardone-1.webp,280,576,280,True,
site,madera-krymskaya.webp,154,576,154,False,
site,magnatum-blanc-de-blancs.webp,176,430,176,False,
site,magnatum-cuvee-m-blanc-de-blancs.webp,204,576,204,True,
site,magnatum-rose.webp,228,576,228,True,
site,makitra-selection.webp,159,576,159,False,
site,mancopia-kaberne-sovinon.webp,336,576,336,True,
site,mancopia-meritazh.webp,336,576,336,True,
site,mancopia-risling.webp,336,576,336,True,
site,mancopia-saperavi.webp,336,576,336,True,
site,mancopia-sira.webp,336,576,336,True,
site,mantra-blanc-de-blancs.webp,234,576,234,True,
site,mantra-estate-chardonnay-shardone-beloe-suhoe-135.webp,162,576,162,False,
site,mantra-estate-sauvignon-blanc-sovinon-blan-beloe-suhoe-133.webp,161,576,161,False,
site,mantra-estate-sira-roze-rozovoe-suhoe-12.webp,161,576,161,False,
site,margarita.webp,166,576,166,False,
site,marquetry-cabernet-franc.webp,170,576,170,False,
site,marquetry-syrah-merlot-cabernet-franc.webp,171,576,171,False,
site,marquetry-syrah.webp,170,576,170,False,
site,massandra-avtorskoe-murvedr-krasnoe-suhoe-14.webp,182,576,182,False,
site,massandra-bastardo-bastardo-magarachskiy-krasnoe-sladkoe-16.webp,146,576,146,False,
site,massandra-heres.webp,576,576,576,True,
site,massandra-kagor-gurzuf-saperavi-krasnoe-sladkoe-16.webp,132,576,132,False,
site,massandra-kagor-yuzhnoberezhnyy-saperavi-krasnoe-sladkoe-16.webp,144,576,144,False,
site,massandra-kokur-desertnyy-surozh-beloe-sladkoe-16.webp,146,576,146,False,
site,massandra-kokur.webp,154,576,154,False,
site,massandra-lakrima-kristi-aleatiko-krasnoe-sladkoe-16.webp,142,576,142,False,
site,massandra-massandra-heres-oreadna-aligote-beloe-suhoe-16.webp,138,576,138,False,
site,massandra-muskat-belyy-krasnogo-kamnya-beloe-sladkoe-13.webp,134,576,134,False,
site,massandra-muskat-belyy-pozdnego-sbora-beloe-sladkoe-10.webp,97,576,97,False,
site,massandra-muskat-belyy-yuzhnoberezhnyy-beloe-sladkoe-16.webp,576,576,576,True,
site,massandra-muskat-pozdnego-sbora-muskat-belyy-beloe-sladkoe-16.webp,576,576,576,True,
site,massandra-muskat-rozovyy-pozdnego-sbora-rozovoe-sladkoe-10.webp,95,576,95,False,
site,massandra-muskat.webp,154,576,154,False,
site,massandra-muskatel-belyy-belye-sorta-vinograda-beloe-sladkoe-16.webp,134,576,134,False,
site,massandra-muskatel-chernyy-krasnye-sorta-vinograda-krasnoe-sladkoe-16.webp,137,576,137,False,
site,massandra-muskatel-rozovyy-belye-sorta-vinograda-rozovoe-sladkoe-16.webp,140,576,140,False,
site,massandra-pino-gri-beloe-sladkoe-16.webp,144,576,144,False,
site,massandra-portveyn-belyy-alushta-belye-sorta-vinograda-beloe-sladkoe-17.webp,139,576,139,False,
site,massandra-portveyn-belyy-gurzuf-kokur-belyy-beloe-sladkoe-135.webp,576,576,576,True,
site,massandra-portveyn-belyy-krymskiy-kokur-beloe-sladkoe-18.webp,138,576,138,False,
site,massandra-portveyn-krasnyy-alushta-krasnye-sorta-vinograda-krasnoe-sladkoe-17.webp,137,576,137,False,
site,massandra-portveyn-krasnyy-livadiya-kaberne-sovinon-krasnoe-sladkoe-185.webp,137,576,137,False,
site,massandra-premium-sangiovese-sandzhoveze-krasnoe-suhoe-13.webp,167,576,167,False,
site,massandra-rozovoe-suhoe.webp,154,576,154,False,
site,massandra-vino-avtorskoe-pino-gri-beloe-suhoe-12.webp,182,576,182,False,
site,merlo-1.webp,187,576,187,False,
site,merlo.webp,461,576,461,True,
site,millstream-alamak-bryut-beloe.webp,207,576,207,True,
site,millstream-av-igristoe-molodoe-polusuhoe-beloe.webp,445,576,445,True,
site,millstream-av-igristoe-molodoe-suhoe-beloe.webp,445,576,445,True,
site,millstream-cellar-blanc-de-blanc-ekstra-bryut-beloe.webp,356,576,356,True,
site,millstream-cellar-rezerv-blend-4.webp,213,576,213,True,
site,millstream-cellar-select-blend-avtohtonov.webp,346,576,346,True,
site,millstream-cellar-select-kaberne-sovinon.webp,346,576,346,True,
site,millstream-cellar-select-krasnostop-zolotovskij.webp,346,576,346,True,
site,millstream-cellar-select-saperavi.webp,346,576,346,True,
site,millstream-cellar-vyderzhannoe-igristoe-polusuhoe-beloe.webp,213,576,213,True,
site,miroir-de-talu-merlot-cabernet-sauvignon.webp,162,576,162,False,
site,miroir-de-talu-merlot-krasnostop.webp,163,576,163,False,
site,molodoe-shato-taman-1.webp,163,576,163,False,
site,molodoe-shato-taman.webp,163,576,163,False,
site,mons-albus-kaberne-sovinon-krasnoe-suhoe-14.webp,141,576,141,False,
site,mons-albus-merlo-rozovoe-suhoe-132.webp,197,576,197,False,
site,mons-albus-rkatsiteli-beloe-suhoe-124.webp,139,576,139,False,
site,mont-blanc-blanc-de-blancs.webp,274,576,274,True,
site,mont-blanc-cuvee.webp,274,576,274,True,
site,monte-garu-beloe-bryut.webp,151,576,151,False,
site,monte-garu-beloe-polusladkoe.webp,120,460,120,False,
site,muskat-avtorskoe-vino.webp,169,576,169,False,
site,muskat-ottonel-gusev.webp,208,576,208,True,
site,muskat-pozdnego-sbora-rozovyj.webp,97,576,97,False,
site,muskat-premium.webp,300,493,300,True,
site,muskatnoe-shato-taman.webp,206,576,206,True,
site,myshako-green-cape-shardone-beloe-bryut.webp,218,576,218,True,
site,myshako-igristoe-beloe-bryut.webp,252,576,252,True,
site,myshako-igristoe-beloe-polusladkoe.webp,247,576,247,True,
site,naomi-2022.webp,577,576,576,True,
site,naomi-2023.webp,166,576,166,False,
site,nebbiolo.webp,461,576,461,True,
site,nebo-rossii-glera.webp,215,526,215,True,
site,nesterov-winery-krasnostop-rubin-klere-krasnostop-zolotovskiy-rozovoe-suhoe-11.webp,138,576,138,False,
site,nesterov-winery-krasnostop-zolotovskiy-krasnoe-suhoe-12.webp,135,576,135,False,
site,nesterov-winery-risling-reynskiy-beloe-suhoe-12.webp,138,576,138,False,
site,nesterov-winery-rubin-golodrigi-krasnoe-suhoe-11.webp,134,576,134,False,
site,nesterov-winery-saperavi-krasnoe-suhoe-135.webp,136,576,136,False,
site,nesterov-winery-solyaris-beloe-suhoe-14.webp,139,576,139,False,
site,nikolaev-i-synovya-festeliya-pti-verdo-krasnoe-suhoe-135.webp,576,576,576,True,
site,nikolaev-i-synovya-flamingo-malbek-rozovoe-suhoe-125.webp,576,576,576,True,
site,nikolaev-i-synovya-pino-nuar-krasnoe-suhoe-125.webp,576,576,576,True,
site,nikolaev-i-synovya-shardone-beloe-suhoe-125.webp,576,576,576,True,
site,nosorog-gold.webp,161,576,161,False,
site,nosorog-night.webp,165,576,165,False,
site,novyj-svet-aligote.webp,157,576,157,False,
site,novyj-svet-blan-de-nuar.webp,157,576,157,False,
site,novyj-svet-kaberne-sovinon-polusladkoe.webp,157,576,157,False,
site,novyj-svet-kaberne-sovinon.webp,157,576,157,False,
site,novyj-svet-kaberne.webp,157,576,157,False,
site,novyj-svet-kollekczionnoe-bryut.webp,157,576,157,False,
site,novyj-svet-paradizio.webp,157,576,157,False,
site,novyj-svet-pino-gri-millezim.webp,157,576,157,False,
site,novyj-svet-polusladkoe.webp,157,576,157,False,
site,novyj-svet-polusuhoe-kollekczionnoe.webp,157,576,157,False,
site,novyj-svet-risling-kyuve-de-prestizh.webp,157,576,157,False,
site,novyj-svet-shardone-kyuve-de-prestizh-1.webp,157,576,157,False,
site,novyj-svet-shardone-kyuve-de-prestizh.webp,157,576,157,False,
site,novyj-svet-shardone.webp,157,576,157,False,
site,novyj-svet-vyderzhannoe-bryut.webp,157,576,157,False,
site,novyj-svet-zolotoj-risling.webp,157,576,157,False,
site,novyy-svet-dom-shampanskih-vin-igristoe-vino-vyderzhannoe-bryut-krasnoe-novyy-svet-kaberne-sovinon-135.webp,161,576,161,False,
site,novyy-svet-dom-shampanskih-vin-igristoe-vino-vyderzhannoe-bryut-rozovoe-novyy-svet-pino-fran-135.webp,158,576,158,False,
site,novyy-svet-dom-shampanskih-vin-igristoe-vino-vyderzhannoe-bryut-rozovoe-novyy-svet-pino-nuar-125.webp,159,576,159,False,
site,novyy-svet-dom-shampanskih-vin-igristoe-vino-vyderzhannoe-polusladkoe-krasnoe-novyy-svet-kaberne-sovinon-12.webp,157,576,157,False,
site,novyy-svet-dom-shampanskih-vin-igristoe-vino-vyderzhannoe-polusladkoe-rozovoe-novyy-svet-pino-fran-135.webp,159,576,159,False,
site,novyy-svet-dom-shampanskih-vin-novyy-svet-kokur-kokur-belyy-beloe-ekstra-bryut-12.webp,576,576,576,True,
site,novyy-svet-dom-shampanskih-vin-novyy-svet-kyuve-ekstra-bryut-shardone-beloe-135.webp,576,576,576,True,
site,novyy-svet-dom-shampanskih-vin-novyy-svet-pino-nuar-rozovoe-bryut-13.webp,576,576,576,True,
site,novyy-svet-dom-shampanskih-vin-novyy-svet-polusladkoe-roze-shardone-rozovoe-115.webp,576,576,576,True,
site,novyy-svet-dom-shampanskih-vin-pino-nuar-polusuhoe-rozovoe-135.webp,576,576,576,True,
site,novyy-svet-dom-shampanskih-vin-rossiyskoe-shampanskoe-kollektsionnoe-bryut-beloe-novyy-svet-kyuve-de-prestizh-pino-gri-millezim-rozovoe-125.webp,162,576,162,False,
site,novyy-svet-dom-shampanskih-vin-rossiyskoe-shampanskoe-kollektsionnoe-bryut-beloe-novyy-svet-paradizio-shardone-125.webp,155,576,155,False,
site,novyy-svet-dom-shampanskih-vin-rossiyskoe-shampanskoe-kollektsionnoe-bryut-beloe-novyy-svet-yubileynoe-risling-13.webp,162,576,162,False,
site,novyy-svet-dom-shampanskih-vin-rossiyskoe-shampanskoe-kollektsionnoe-bryut-beloe-novyy-svet-zolotoy-risling-suhoe-13.webp,163,576,163,False,
site,novyy-svet-dom-shampanskih-vin-rossiyskoe-shampanskoe-kollektsionnoe-bryut-rozovoe-novyy-svet-pino-nuar-135.webp,157,576,157,False,
site,novyy-svet-dom-shampanskih-vin-rossiyskoe-shampanskoe-kollektsionnoe-ekstra-bryut-beloe-novyy-svet-blan-de-nuar-pino-nuar-13.webp,159,576,159,False,
site,novyy-svet-dom-shampanskih-vin-rossiyskoe-shampanskoe-kollektsionnoe-ekstra-bryut-beloe-novyy-svet-kyuve-de-prestizh-shardone-125.webp,156,576,156,False,
site,novyy-svet-dom-shampanskih-vin-rossiyskoe-shampanskoe-kollektsionnoe-ekstra-bryut-beloe-novyy-svet-kyuve-risling-125.webp,157,576,157,False,
site,novyy-svet-dom-shampanskih-vin-rossiyskoe-shampanskoe-kollektsionnoe-ekstra-bryut-beloe-novyy-svet-risling-kyuve-de-prestizh-125.webp,164,576,164,False,
site,novyy-svet-dom-shampanskih-vin-rossiyskoe-shampanskoe-kollektsionnoe-ekstra-bryut-beloe-novyy-svet-shardone-125.webp,164,576,164,False,
site,novyy-svet-dom-shampanskih-vin-rossiyskoe-shampanskoe-kollektsionnoe-polusuhoe-beloe-novyy-svet-risling-125.webp,148,576,148,False,
site,novyy-svet-dom-shampanskih-vin-rossiyskoe-shampanskoe-kollektsionnoe-polusuhoe-beloe-novyy-svet-shardone-13.webp,148,576,148,False,
site,novyy-svet-dom-shampanskih-vin-rossiyskoe-shampanskoe-kollektsionnoe-polusuhoe-rozovoe-novyy-svet-pino-nuar-125.webp,150,576,150,False,
site,novyy-svet-dom-shampanskih-vin-rossiyskoe-shampanskoe-vyderzhannoe-bryut-beloe-novyy-svet-shardone-125.webp,157,576,157,False,
site,novyy-svet-dom-shampanskih-vin-rossiyskoe-shampanskoe-vyderzhannoe-bryut-rozovoe-novyy-svet-kaberne-kaberne-sovinon-11.webp,163,576,163,False,
site,novyy-svet-dom-shampanskih-vin-rossiyskoe-shampanskoe-vyderzhannoe-ekstra-bryut-beloe-novyy-svet-aligote-13.webp,157,576,157,False,
site,novyy-svet-dom-shampanskih-vin-rossiyskoe-shampanskoe-vyderzhannoe-ekstra-bryut-beloe-novyy-svet-kokur-11.webp,163,576,163,False,
site,novyy-svet-dom-shampanskih-vin-rossiyskoe-shampanskoe-vyderzhannoe-polusladkoe-rozovoe-novyy-svet-shardone-125.webp,161,576,161,False,
site,oleg-repin-duvankoy-aligote-aligote-beloe-suhoe-13.webp,166,576,166,False,
site,oleg-repin-listva-cabernet-sauvignon-kaberne-sovinon-krasnoe-suhoe-14.webp,163,576,163,False,
site,oleg-repin-listva-syrah-sira-krasnoe-suhoe-14.webp,166,576,166,False,
site,oleg-repin-pinot-blanc-pino-blan-beloe-suhoe-13.webp,168,576,168,False,
site,oleg-repin-pinot-noir-pino-nuar-krasnoe-suhoe-135.webp,166,576,166,False,
site,oleg-repin-pinot-noir-v-pino-nuar-krasnoe-suhoe-125.webp,153,576,153,False,
site,oleg-repin-riesling-risling-beloe-suhoe-125.webp,120,576,120,False,
site,oleg-repin-saperavi-carbonica-saperavi-krasnoe-suhoe-13.webp,169,576,169,False,
site,oleg.webp,232,465,232,True,
site,olymp-winery-adagum-cabernet-franc-kaberne-fran-krasnoe-suhoe-11.webp,151,576,151,False,
site,olymp-winery-adagum-cabernet-sauvignon-kaberne-sovinon-krasnoe-suhoe-11.webp,152,576,152,False,
site,olymp-winery-adagum-chardonnay-kuban-shardone-beloe-suhoe-11.webp,153,576,153,False,
site,olymp-winery-adagum-chardonnay-shardone-beloe-suhoe-11.webp,157,576,157,False,
site,olymp-winery-adagum-estate-cabernet-sauvignon-kaberne-sovinon-krasnoe-suhoe-11.webp,166,576,166,False,
site,olymp-winery-adagum-estate-chardonnay-shardone-beloe-suhoe-11.webp,166,576,166,False,
site,olymp-winery-adagum-estate-merlot-merlo-krasnoe-suhoe-11.webp,166,576,166,False,
site,olymp-winery-adagum-estate-red-blend-kaberne-fran-krasnoe-suhoe-11.webp,166,576,166,False,
site,olymp-winery-adagum-estate-rose-kaberne-sovinon-rozovoe-suhoe-11.webp,167,576,167,False,
site,olymp-winery-adagum-estate-sauvignon-blanc-sovinon-blan-beloe-suhoe-11.webp,166,576,166,False,
site,olymp-winery-adagum-krasnostop-krasnostop-zolotovskiy-krasnoe-suhoe-11.webp,152,576,152,False,
site,olymp-winery-adagum-merlot-merlo-rozovoe-suhoe-10.webp,132,576,132,False,
site,olymp-winery-adagum-odessa-black-kuban-odesskiy-chernyy-krasnoe-suhoe-11.webp,151,576,151,False,
site,olymp-winery-adagum-pinot-noir-pino-nuar-krasnoe-suhoe-11.webp,151,576,151,False,
site,olymp-winery-adagum-pinot-noir-pino-nuar-rozovoe-suhoe-11.webp,152,576,152,False,
site,olymp-winery-adagum-riesling-risling-beloe-suhoe-11.webp,156,576,156,False,
site,olymp-winery-adagum-saperavi-saperavi-krasnoe-suhoe-11.webp,147,576,147,False,
site,olymp-winery-adagum-sauvignon-sovinon-blan-beloe-suhoe-11.webp,152,576,152,False,
site,olymp-winery-adagum-valley-merlot-merlo-krasnoe-suhoe-11.webp,150,576,150,False,
site,olymp-winery-adagum-valley-pinot-noir-pino-nuar-krasnoe-suhoe-11.webp,150,576,150,False,
site,olymp-winery-adagum-valley-riesling-risling-reynskiy-beloe-suhoe-11.webp,150,576,150,False,
site,olymp-winery-adagum-valley-rkatsiteli-rkatsiteli-beloe-suhoe-10.webp,150,576,150,False,
site,olymp-winery-adagum-valley-saperavi-saperavi-krasnoe-suhoe-12.webp,150,576,150,False,
site,olymp-winery-olimp-avtorskoe-kaberne-sovinon-krasnoe-suhoe-11.webp,147,576,147,False,
site,olymp-winery-shato-belbek-kaberne-kaberne-sovinon-krasnoe-suhoe-11.webp,147,576,147,False,
site,one-barrel-uan-barrel.webp,151,576,151,False,
site,opium.webp,169,576,169,False,
site,orange.webp,174,576,174,False,
site,orlov_merlo.webp,410,576,410,True,
site,orlov_sauvignon_blan.webp,290,576,290,True,
site,oxana-istratova-wine-rkatsiteli-2023-oranzhevoe-suhoe-113.webp,165,576,165,False,
site,oxana-istratova-wine-rkatsiteli-2024-oranzhevoe-suhoe-12.webp,165,576,165,False,
site,oxana-istratova-wine-saperavi-2023-krasnoe-suhoe-13.webp,164,576,164,False,
site,oxana-istratova-wine-vione-2023-oranzhevoe-suhoe-119.webp,164,576,164,False,
site,oxana-istratova-wine-vione-2024-oranzhevoe-suhoe-13.webp,164,576,164,False,
site,perovskih_aligote.webp,166,576,166,False,
site,perovskih_blan_de_noir.webp,207,576,207,True,
site,perovskih_kaberne_fran_reserve.webp,191,576,191,False,
site,perovskih_kokur_orange.webp,182,576,182,False,
site,perovskih_merlo.webp,154,576,154,False,
site,perovskih_muskat.webp,172,576,172,False,
site,perovskih_muskat_orange.webp,217,576,217,True,
site,perovskih_odesskiy_chernyi.webp,184,576,184,False,
site,perovskih_polusladkoe_beloe.webp,172,576,172,False,
site,perovskih_polusladkoe_krasnoe.webp,154,576,154,False,
site,perovskih_polusladkoe_rosovoe.webp,179,576,179,False,
site,perovskih_polusuhoe_krasnoe.webp,173,576,173,False,
site,perovskih_rkaciteli_orange.webp,212,576,212,True,
site,perovskih_rose.webp,207,576,207,True,
site,perovskih_semilion_reserv.webp,191,576,191,False,
site,pet-nat-sosedi-2024.webp,235,576,235,True,
site,petrouchka.webp,461,576,461,True,
site,pino-glyu-2025.webp,224,576,224,True,
site,pino-gri-avtorskoe.webp,161,576,161,False,
site,pino-nuar-2025.webp,224,576,224,True,
site,pino-nuar-dzhavaga.webp,461,576,461,True,
site,pino-nuar-premium.webp,281,499,281,True,
site,pino-nuar.webp,461,576,461,True,
site,pinot-noir-2024-one-barrel-by-dmitry-maslov-pino-nuar-2024-uan-barrel-dmitrij-maslov.webp,152,576,152,False,
site,pobeda.webp,257,496,257,True,
site,polusladkoe-beloe-zolotaya-balka.webp,385,576,385,True,
site,polusuhoe-beloe-zolotaya-balka.webp,385,576,385,True,
site,pomeste-golubitskoe-kaberne-sovinon-rezerv-krasnoe-suhoe-143.webp,576,576,576,True,
site,pomeste-golubitskoe-noble-selection-pino-nuar-roze-rozovoe-suhoe-132.webp,576,576,576,True,
site,pomeste-golubitskoe-shardone-rezerv-beloe-suhoe-132.webp,576,576,576,True,
site,pomeste-golubitskoe-tte-de-cheval-blanc-de-blancs-shardone-beloe-bryut-12.webp,576,576,576,True,
site,pomeste-golubitskoe-tte-de-cheval-bryut-risling-reynskiy-beloe-12.webp,576,576,576,True,
site,pomeste-golubitskoe-tte-de-cheval-sladkoe-risling-reynskiy-beloe-12.webp,576,576,576,True,
site,pomeste-golubitskoe-tte-de-cheval-sladkoe-roze-pino-gri-rozovoe-115.webp,576,576,576,True,
site,portvejn-krymskij.webp,155,576,155,False,
site,portvejn-surozh.webp,154,576,154,False,
site,potenczial-2026.webp,150,576,150,False,
site,pozdnij-sbor-beloe.webp,383,506,383,True,
site,pozdnij-sbor-krasnoe.webp,357,504,357,True,
site,priboj-marchenko-beloe-polusuhoe.webp,182,576,182,False,
site,priboj-marchenko-krasnoe-polusuhoe.webp,157,576,157,False,
site,priboj-marchenko-rozovoe-polusuhoe.webp,154,576,154,False,
site,privat.webp,148,576,148,False,
site,radiowine-kaberne-fran-krasnoe-suhoe-14.webp,157,576,157,False,
site,radiowine-muskat-amber-muskat-ottonel-beloe-suhoe-13.webp,126,576,126,False,
site,rebo-rezerv.webp,420,576,420,True,
site,rebo.webp,420,576,420,True,
site,relikta-relikta-antey-magarachskiy-muskat-belyy-rozovoe-polusuhoe-11.webp,169,576,169,False,
site,relikta-relikta-dekabrskiy-krasnoe-polusladkoe-125.webp,159,576,159,False,
site,relikta-relikta-ekstra-bryut-shardone-beloe-105.webp,223,576,223,True,
site,relikta-relikta-kaberne-sovinon-krasnoe-suhoe-135.webp,159,576,159,False,
site,relikta-relikta-merlo-kaberne-sovinon-krasnoe-suhoe-135.webp,173,576,173,False,
site,relikta-relikta-merlo-krasnoe-suhoe-135.webp,173,576,173,False,
site,relikta-relikta-muskat-beloe-polusuhoe-12.webp,159,576,159,False,
site,relikta-relikta-muskat-belyy-beloe-suhoe-12.webp,173,576,173,False,
site,relikta-relikta-pervenets-muskat-pervenets-magaracha-beloe-polusladkoe-125.webp,169,576,169,False,
site,relikta-relikta-pervenets-pervenets-magaracha-beloe-suhoe-12.webp,384,576,384,True,
site,relikta-relikta-petnat-antey-magarachskiy-rozovoe-ekstra-bryut-11.webp,239,576,239,True,
site,relikta-relikta-risling-beloe-suhoe-12.webp,155,576,155,False,
site,relikta-relikta-shardone-beloe-suhoe-12.webp,165,576,165,False,
site,relikta-relikta-sira-kaberne-fran-krasnoe-suhoe-13.webp,173,576,173,False,
site,relikta-relikta-sira-krasnoe-suhoe-13.webp,173,576,173,False,
site,relikta-relikta-traminer-beloe-suhoe-11.webp,155,576,155,False,
site,relikta-relikta-varvary-antey-magarachskiy-krasnoe-suhoe-13-15.webp,159,576,159,False,
site,rem-akchurin-bryut-roze-pino-nuar-rozovoe-129.webp,165,576,165,False,
site,rem-akchurin-muskat-belyy-beloe-suhoe-135.webp,576,576,576,True,
site,rem-akchurin-muskat-oranzh-oranzhevoe-suhoe-115.webp,160,576,160,False,
site,rem-akchurin-rem-akchurin-pino-nuar-roze-rozovoe-suhoe-14.webp,157,576,157,False,
site,rem-akchurin-risling-beloe-polusuhoe-12.webp,576,576,576,True,
site,rem-akchurin-risling-beloe-suhoe-125.webp,156,576,156,False,
site,rem-akchurin-shardone-beloe-bryut-14.webp,576,576,576,True,
site,riesling-dva-petra-2022.webp,384,576,384,True,
site,riesling.webp,151,576,151,False,
site,risling-1.webp,262,493,262,True,
site,risling-2024.webp,224,576,224,True,
site,risling-shato-taman.webp,206,576,206,True,
site,risling.webp,461,576,461,True,
site,rkacziteli-beloe-suhoe.webp,236,576,236,True,
site,rose-roze-oleg-repin.webp,166,576,166,False,
site,roze-1.webp,461,576,461,True,
site,roze-2.webp,211,573,211,True,
site,roze-avtorskoe-vino.webp,167,576,167,False,
site,roze-malbek.webp,161,576,161,False,
site,roze-premium.webp,378,493,378,True,
site,roze.webp,576,576,576,True,
site,rozovaya-pantera.webp,135,576,135,False,
site,rozovoe-bryut-1.webp,226,576,226,True,
site,rozovoe-bryut-spumante.webp,177,576,177,False,
site,rozovoe-bryut.webp,151,576,151,False,
site,rozovoe-polusladkoe-1.webp,185,576,185,False,
site,rozovoe-polusladkoe.webp,183,576,183,False,
site,rozovoe-zoloto.webp,253,464,253,True,
site,rubin-golodrigi.webp,279,551,279,True,
site,rubin-premium.webp,318,502,318,True,
site,ruby.webp,167,576,167,False,
site,rustok-glera-ru-140.webp,245,576,245,True,
site,sacrum-bryut-beloe.webp,189,576,189,False,
site,sacrum-bryut-rozovoe.webp,192,576,192,False,
site,sand-zh-oveze-rezerv.webp,420,576,420,True,
site,saperavi-premium.webp,384,576,384,True,
site,sary-pandas-vyderzhannoe.webp,156,576,156,False,
site,satera-satera-esse-krasnyy-blend-15-kaberne-sovinon-krasnoe-suhoe-13.webp,155,576,155,False,
site,semeynaya-vinodelnya-mihaila-kolesnikova-ispanets-kaberne-sovinon-krasnoe-suhoe-148.webp,576,576,576,True,
site,semeynaya-vinodelnya-mihaila-kolesnikova-kaberne-fran-merlo-krasnostop-krasnoe-suhoe-148.webp,576,576,576,True,
site,seneth-shu-shu-saperavi-rozovoe-suhoe-12.webp,169,576,169,False,
site,shardone-1.webp,135,576,135,False,
site,shardone-2.webp,461,576,461,True,
site,shardone-akacziya.webp,461,576,461,True,
site,shardone-balaklava.webp,385,576,385,True,
site,shardone-barrel-2023.webp,576,576,576,True,
site,shardone-premium.webp,263,499,263,True,
site,shardone-rezerv.webp,138,576,138,False,
site,shardone.webp,768,576,576,True,
site,shato-ay-danil-bomond-aligote-beloe-suhoe-13.webp,576,576,576,True,
site,shato-ay-danil-byanko-da-sole-muskat-belyy-beloe-polusladkoe-13.webp,576,576,576,True,
site,shato-ay-danil-grenash-krasnoe-suhoe-12.webp,576,576,576,True,
site,shato-ay-danil-kapriz-muskat-belyy-beloe-suhoe-135.webp,576,576,576,True,
site,shato-ay-danil-presto-rezerv-kaberne-sovinon-krasnoe-suhoe-135.webp,576,576,576,True,
site,shato-ay-danil-skarlatto-da-sole-saperavi-krasnoe-polusladkoe-13.webp,576,576,576,True,
site,shato-ay-danil-tokkata-saperavi-krasnoe-suhoe-14.webp,576,576,576,True,
site,shato-ay-danil-tramonto-kaberne-sovinon-krasnoe-suhoe-14.webp,576,576,576,True,
site,shato-pino-agpoezdnik-beloe-shardone-suhoe-13.webp,191,576,191,False,
site,shato-pino-agpoezdnik-krasnoe-kaberne-fran-suhoe-14.webp,194,576,194,False,
site,shato-pino-aligote-rkatsiteli-beloe-suhoe-12.webp,153,576,153,False,
site,shato-pino-aligote-rkatsiteli-suhoe-beloe-12.webp,156,576,156,False,
site,shato-pino-blan-de-blan-shardone-beloe-ekstra-bryut-12.webp,187,576,187,False,
site,shato-pino-dichkaberne-fran-krasnoe-suhoe-14.webp,153,576,153,False,
site,shato-pino-exclusive-kaberne-sovinon-shiraz-krasnoe-suhoe-135.webp,156,576,156,False,
site,shato-pino-exclusive-pino-nuar-merlo-krasnoe-suhoe-135.webp,156,576,156,False,
site,shato-pino-exclusive-shardone-pino-gri-beloe-suhoe-125.webp,154,576,154,False,
site,shato-pino-exclusive-vione-risling-beloe-suhoe-115.webp,151,576,151,False,
site,shato-pino-grand-reserve-cabernet-franc-kaberne-fran-krasnoe-suhoe-135.webp,156,576,156,False,
site,shato-pino-grand-reserve-cabernet-sauvignon-kaberne-sovinon-krasnoe-suhoe-135.webp,157,576,157,False,
site,shato-pino-grand-reserve-chardonnay-shardone-beloe-suhoe-125.webp,158,576,158,False,
site,shato-pino-grand-reserve-pinot-noir-pino-nuar-krasnoe-suhoe-135.webp,156,576,156,False,
site,shato-pino-gravitatsiya-kaberne-sovinon-merlo-krasnoe-suhoe-135.webp,149,576,149,False,
site,shato-pino-ice-wine-risling-risling-reynskiy-beloe-sladkoe-11.webp,93,576,93,False,
site,shato-pino-kaberne-fran-kaberne-sovinon-krasnoe-suhoe-135.webp,157,576,157,False,
site,shato-pino-kaberne-sovinon-krasnoe-suhoe-14.webp,149,576,149,False,
site,shato-pino-kaberne-sovinon-merlo-krasnoe-suhoe-135.webp,157,576,157,False,
site,shato-pino-klassika-sauvignon-blanc.webp,154,576,154,False,
site,shato-pino-koldun-belyy-shardone-beloe-suhoe-12.webp,161,576,161,False,
site,shato-pino-koldun-krasnyy-merlo-krasnoe-suhoe-14.webp,150,576,150,False,
site,shato-pino-koldun-rezerv-kaberne-sovinon-krasnoe-suhoe-14.webp,153,576,153,False,
site,shato-pino-marselan-merlo-krasnoe-suhoe-13.webp,153,576,153,False,
site,shato-pino-petnat-oranzh-vione-beloe-ekstra-bryut-11.webp,192,576,192,False,
site,shato-pino-petnat-pino-gri-beloe-ekstra-bryut-11.webp,194,576,194,False,
site,shato-pino-petnat-pino-gri-rozovoe-ekstra-bryut-11.webp,192,576,192,False,
site,shato-pino-petnat-pino-nuar-rozovoe-ekstra-bryut-11.webp,194,576,194,False,
site,shato-pino-petnat-sovinon-blan-beloe-ekstra-bryut-11.webp,191,576,191,False,
site,shato-pino-pino-gri-roze-rozovoe-ekstra-bryut-12.webp,190,576,190,False,
site,shato-pino-pino-gridzhio-beloe-suhoe-12.webp,136,576,136,False,
site,shato-pino-pino-nuar-krasnoe-suhoe-135.webp,161,576,161,False,
site,shato-pino-pino-nuar-pino-gri-rozovoe-suhoe-115.webp,153,576,153,False,
site,shato-pino-pino-nuar-roze-rozovoe-ekstra-bryut-115.webp,182,576,182,False,
site,shato-pino-pino-nuar-saperavi-krasnoe-suhoe-13.webp,157,576,157,False,
site,shato-pino-shantazh-sovinon-blan-shardone-beloe-suhoe-115.webp,158,576,158,False,
site,shato-pino-shardone-beloe-suhoe-125.webp,155,576,155,False,
site,shato-pino-shardone-risling-beloe-suhoe-12.webp,152,576,152,False,
site,shato-pino-shary-kolduna-blash-pino-gri-rozovoe-suhoe-12.webp,157,576,157,False,
site,shato-pino-shary-kolduna-glyu-glyu-vione-krasnoe-suhoe-10.webp,136,576,136,False,
site,shato-pino-shary-kolduna-kirpichi-prileteli-pino-nuar-krasnoe-suhoe-135.webp,158,576,158,False,
site,shato-pino-shary-kolduna-ramato-pino-gri-rozovoe-suhoe-115.webp,158,576,158,False,
site,shato-pino-shary-kolduna-topolek-rkatsiteli-beloe-suhoe-125.webp,183,576,183,False,
site,shato-pino-shary-koldunatroynichok-risling-beloe-suhoe-115.webp,163,576,163,False,
site,shato-pino-shato-pino-koldun-merlo-krasnoe-suhoe-137.webp,159,576,159,False,
site,shato-pino-shiraz-krasnoe-suhoe-135.webp,149,576,149,False,
site,shato-pino-shiraz-krasnoe-suhoe-14.webp,150,576,150,False,
site,shato-pino-sovinon-blan-semilon-beloe-suhoe-115.webp,153,576,153,False,
site,shato-taman-bryut-1.webp,169,576,169,False,
site,shato-taman-bryut.webp,169,576,169,False,
site,shato-taman-grape-dance-1.webp,135,576,135,False,
site,shato-taman-grape-dance.webp,134,576,134,False,
site,shato-taman-kaberne-sovinon.webp,154,576,154,False,
site,shato-taman-kaberne.webp,151,576,151,False,
site,shato-taman-krasnostop.webp,151,576,151,False,
site,shato-taman-par-la-mer-czvajgelt.webp,163,576,163,False,
site,shato-taman-par-la-mer-korall.webp,163,576,163,False,
site,shato-taman-par-la-mer-pino-blan.webp,193,576,193,False,
site,shato-taman-par-la-mer-pino-nuar.webp,193,576,193,False,
site,shato-taman-par-la-mer-sovinon.webp,163,576,163,False,
site,shato-taman-polusladkoe.webp,169,576,169,False,
site,shato-taman-saperavi.webp,151,576,151,False,
site,shato-taman-shardone.webp,149,576,149,False,
site,sira.webp,185,576,185,False,
site,skalistyj-bereg-shepot-czvetov.webp,151,576,151,False,
site,skalistyy-bereg-dyhanie-voln-shardone-beloe-suhoe-121.webp,226,576,226,True,
site,skalistyy-bereg-melodiya-leta-krasnostop-zolotovskiy-rozovoe-suhoe-126.webp,407,576,407,True,
site,skalistyy-bereg-pesn-holmov-merlo-krasnoe-suhoe-145.webp,226,576,226,True,
site,skalistyy-bereg-shyopot-tsvetov-risling-beloe-suhoe-109.webp,226,576,226,True,
site,skalistyy-bereg-skalistyy-bereg-kaberne-fran-krasnoe-suhoe-15.webp,199,576,199,False,
site,skalistyy-bereg-skalistyy-bereg-kaberne-sovinon-krasnoe-suhoe-15.webp,199,576,199,False,
site,skalistyy-bereg-skalistyy-bereg-krasnaya-kniga-glava-1-kaberne-sovinon-krasnoe-suhoe-147.webp,199,576,199,False,
site,skalistyy-bereg-skalistyy-bereg-krasnaya-kniga-glava-2-merlo-krasnoe-suhoe-15.webp,199,576,199,False,
site,skalistyy-bereg-skalistyy-bereg-krasnostop-zolotovskiy-krasnoe-suhoe-133.webp,199,576,199,False,
site,skalistyy-bereg-skalistyy-bereg-pino-nuar-krasnoe-suhoe-13.webp,186,576,186,False,
site,skalistyy-bereg-skalistyy-bereg-risling-beloe-suhoe-113.webp,186,576,186,False,
site,skalistyy-bereg-skalistyy-bereg-shardone-beloe-suhoe-135.webp,171,576,171,False,
site,skalistyy-bereg-skalistyy-bereg-sovinon-blan-beloe-suhoe-12.webp,171,576,171,False,
site,skalistyy-bereg-skb-blan-de-nuar-pino-nuar-beloe-ekstra-bryut-118.webp,244,576,244,True,
site,skalistyy-bereg-skb-roze-pino-nuar-beloe-ekstra-bryut-122.webp,244,576,244,True,
site,skalistyy-bereg-veter-v-travah-kaberne-fran-krasnoe-suhoe-13.webp,226,576,226,True,
site,sober-bash-afa-kaberne-sovinon-krasnoe-suhoe-125.webp,159,576,159,False,
site,sober-bash-avrora-2024-krasnostop-zolotovskiy-rozovoe-suhoe-14.webp,188,576,188,False,
site,sober-bash-dostoynyy-krasnoe-suhoe-14.webp,137,576,137,False,
site,sober-bash-dve-doliny-auri-mtsvane-kahetinskiy-beloe-suhoe-125.webp,164,576,164,False,
site,sober-bash-dve-doliny-kaberne-fran-2023-krasnoe-polusuhoe-14.webp,164,576,164,False,
site,sober-bash-dve-doliny-liuri-2023-dostoynyy-rozovoe-suhoe-13.webp,164,576,164,False,
site,sober-bash-dve-doliny-myuller-turgau-2023-beloe-suhoe-117.webp,164,576,164,False,
site,sober-bash-dve-doliny-saperavi-kachich-krasnoe-polusuhoe-15.webp,163,576,163,False,
site,sober-bash-dve-doliny-tsimlyanskiy-2023-tsimlyanskiy-chernyy-krasnoe-suhoe-13.webp,163,576,163,False,
site,sober-bash-grani-kumshatskiy-kumshatskiy-belyy-beloe-suhoe-11.webp,164,576,164,False,
site,sober-bash-grani-muskat-muskat-dzhialo-beloe-suhoe-12.webp,162,576,162,False,
site,sober-bash-grani-plechistik-krasnoe-suhoe-12.webp,164,576,164,False,
site,sober-bash-hihvi-amfora-beloe-suhoe-14.webp,164,576,164,False,
site,sober-bash-hihvi-beloe-suhoe-15.webp,164,576,164,False,
site,sober-bash-kaberne-fran-krasnoe-suhoe-127.webp,189,576,189,False,
site,sober-bash-kaberne-fran-krasnoe-suhoe-13.webp,163,576,163,False,
site,sober-bash-kaberne-fran-rozovoe-suhoe-12.webp,576,576,576,True,
site,sober-bash-korvina-krasnostop-zolotovskiy-krasnoe-suhoe-14.webp,139,576,139,False,
site,sober-bash-krasnostop-amfora-krasnostop-zolotovskiy-krasnoe-suhoe-13.webp,164,576,164,False,
site,sober-bash-krasnostop-krasnostop-zolotovskiy-krasnoe-suhoe-14.webp,159,576,159,False,
site,sober-bash-kumshatskiy-kumshatskiy-belyy-beloe-suhoe-11.webp,163,576,163,False,
site,sober-bash-pino-gri-beloe-suhoe-11.webp,164,576,164,False,
site,sober-bash-puhlyakovskiy-beloe-suhoe-12.webp,194,576,194,False,
site,sober-bash-risling-risling-reynskiy-beloe-suhoe-11.webp,194,576,194,False,
site,sober-bash-risling-risling-reynskiy-beloe-suhoe-12.webp,163,576,163,False,
site,sober-bash-rkatsiteli-amfora-beloe-suhoe-135.webp,164,576,164,False,
site,sober-bash-rkatsiteli-beloe-suhoe-14.webp,182,576,182,False,
site,sober-bash-rubin-rubin-rubin-azos-krasnoe-suhoe-14.webp,159,576,159,False,
site,sober-bash-saperavi-amfora-krasnoe-suhoe-14.webp,164,576,164,False,
site,sober-bash-saperavi-krasnoe-suhoe-13.webp,164,576,164,False,
site,sober-bash-trezvaya-golova-kaberne-fran-krasnostop-krasnoe-suhoe-13.webp,164,576,164,False,
site,sober-bash-trezvaya-golova-risling-risling-reynskiy-beloe-suhoe-10.webp,164,576,164,False,
site,sober-bash-trezvaya-golova-rkatsiteli-beloe-suhoe-12.webp,164,576,164,False,
site,sober-bash-trezvaya-golova-rozovoe-krasnostop-zolotovskiy-suhoe-115.webp,185,576,185,False,
site,sober-bash-trezvaya-golova-saperavi-krasnoe-suhoe-14.webp,259,576,259,True,
site,sober-bash-trezvaya-golova-sibirkovyypino-gri-beloe-suhoe-11.webp,139,576,139,False,
site,sober-bash-trezvaya-golova-tsimlyanskiygolubok-tsimlyanskiy-chernyy-krasnoe-suhoe-135.webp,164,576,164,False,
site,solnechnaya-dolina-chernyy-doktor-solnechnoy-doliny-ekim-kara-krasnoe-sladkoe-16.webp,576,576,576,True,
site,solnechnaya-dolina-chernyy-polkovnik-odesskiy-chernyy-krasnoe-sladkoe-175.webp,576,576,576,True,
site,solnechnaya-dolina-meganom-beloe-aligote-suhoe-13.webp,576,576,576,True,
site,solnechnaya-dolina-meganom-blanc-de-blancs-kokur-beloe-bryut-11.webp,576,576,576,True,
site,solnechnaya-dolina-meganom-kokur-beloe-bryut.webp,240,576,240,True,
site,solnechnaya-dolina-meganom-kyuve-shardone-beloe-bryut-11.webp,576,576,576,True,
site,solnechnaya-dolina-muskatnoe-festivalnoe-muskat-belyy-rozovoe-sladkoe-16.webp,576,576,576,True,
site,solnechnaya-dolina-porto-solnechnoy-doliny-kokur-belyy-beloe-sladkoe-175.webp,576,576,576,True,
site,solnechnaya-dolina-privat-kaberne-sovinon-krasnoe-sladkoe-155.webp,576,576,576,True,
site,sosedi-aligote-shardone-2025.webp,224,576,224,True,
site,sovinon-blan-krasnaya-gorka.webp,461,576,461,True,
site,soyuz-vino-kanonicheskie-traditsii-krasnoe-polusladkoe-kaberne-sovinon-115.webp,130,576,130,False,
site,soyuz-vino-kanonicheskie-traditsii-krasnoe-sladkoe-kaberne-sovinon-115.webp,131,576,131,False,
site,soyuz-vino-konfessa-pino-gridzhio-beloe-polusladkoe-11.webp,137,576,137,False,
site,soyuz-vino-konfessa-sandzhoveze-krasnoe-suhoe-11.webp,143,576,143,False,
site,soyuz-vino-konfessa-sandzhoveze-polusladkoe-krasnoe-11.webp,141,576,141,False,
site,soyuz-vino-lavetti-beloe-polusladkoe-belye-sorta-vinograda-11.webp,138,576,138,False,
site,soyuz-vino-lavetti-beloe-suhoe-belye-sorta-vinograda-11.webp,138,576,138,False,
site,soyuz-vino-lavetti-krasnoe-polusladkoe-krasnye-sorta-vinograda-11.webp,138,576,138,False,
site,soyuz-vino-lavetti-krasnoe-suhoe-krasnye-sorta-vinograda-11.webp,138,576,138,False,
site,soyuz-vino-lavetti-rozovoe-polusladkoe-krasnye-sorta-vinograda-11.webp,138,576,138,False,
site,soyuz-vino-mosavali-rkatsiteli-beloe-polusladkoe-11.webp,147,576,147,False,
site,soyuz-vino-mosavali-saperavi-polusladkoe-krasnoe-11.webp,145,576,145,False,
site,soyuz-vino-mosavali-saperavi-suhoe-krasnoe-11.webp,145,576,145,False,
site,soyuz-vino-shato-de-mongolfer-risling-polusuhoe-beloe-11.webp,138,576,138,False,
site,soyuz-vino-shato-de-mongolfer-shiraz-moellyo-krasnoe-polusladkoe-11.webp,139,576,139,False,
site,soyuz-vino-shato-de-mongolfer-shiraz-polusuhoe-krasnoe-11.webp,138,576,138,False,
site,soyuz-vino-sheremetevskie-pogreba-beloe-polusladkoe-belye-sorta-vinograda-11.webp,141,576,141,False,
site,soyuz-vino-sheremetevskie-pogreba-kaberne-sovinon-krasnoe-suhoe-11.webp,140,576,140,False,
site,soyuz-vino-sheremetevskie-pogreba-krasnoe-polusladkoe-krasnye-sorta-vinograda-11.webp,143,576,143,False,
site,soyuz-vino-sheremetevskie-pogreba-shardone-beloe-suhoe-11.webp,141,576,141,False,
site,soyuz-vino-soyuz-vino-evropak-shiraz-krasnoe-polusladkoe-11.webp,186,576,186,False,
site,soyuz-vino-soyuz-vino-izabella-krasnoe-polusladkoe-11.webp,123,576,123,False,
site,soyuz-vino-soyuz-vino-kaberne-sovinon-krasnoe-suhoe-12.webp,125,576,125,False,
site,soyuz-vino-soyuz-vino-muskat-beloe-polusladkoe-11.webp,123,576,123,False,
site,soyuz-vino-soyuz-vino-shardone-suhoe-beloe-11.webp,127,576,127,False,
site,soyuz-vino-terra-pia-kaldera-blend-risling-reynskiy-beloe-suhoe-11.webp,150,576,150,False,
site,soyuz-vino-terra-pia-lava-blend-merlo-krasnoe-suhoe-12.webp,149,576,149,False,
site,soyuz-vino-zelyonaya-dolina-kaberne-merlo-kaberne-sovinon-krasnoe-polusladkoe-12.webp,152,576,152,False,
site,soyuz-vino-zelyonaya-dolina-kaberne-sovinon-krasnoe-suhoe-12.webp,151,576,151,False,
site,soyuz-vino-zelyonaya-dolina-pino-nuar-krasnoe-suhoe-12.webp,150,576,150,False,
site,soyuz-vino-zelyonaya-dolina-shardone-beloe-suhoe-12.webp,160,576,160,False,
site,soyuz-vino-zelyonaya-dolina-sovinon-blan-polusladkoe-beloe-12.webp,163,576,163,False,
site,soyuz-vino-zelyonaya-dolina-sovinon-blan-suhoe-beloe-12.webp,158,576,158,False,
site,stn-winery-arhitektor-sira-krasnoe-suhoe-12.webp,158,576,158,False,
site,stn-winery-bratstvo-kochergi-pino-nuar-krasnoe-suhoe-12.webp,148,576,148,False,
site,stn-winery-chardonnay-vol2-shardone-beloe-suhoe-105.webp,152,576,152,False,
site,stn-winery-cyberpunk-pino-nuar-krasnoe-suhoe-12.webp,153,576,153,False,
site,stn-winery-merlo-krasnoe-suhoe-14.webp,148,576,148,False,
site,stn-winery-muskat-beloe-suhoe-115.webp,161,576,161,False,
site,stn-winery-pino-nuar-krasnoe-suhoe-12.webp,161,576,161,False,
site,stn-winery-saignee-sira-rozovoe-suhoe-125.webp,145,576,145,False,
site,stn-winery-syrah-sira-krasnoe-suhoe-13.webp,154,576,154,False,
site,stn-winery-traminer-traminer-beloe-suhoe-13.webp,144,576,144,False,
site,stn-winery-trio-aligote-beloe-suhoe-13.webp,164,576,164,False,
site,stn-winery-wiess-risling-beloe-suhoe-12.webp,132,576,132,False,
site,tamara-2022.webp,577,576,576,True,
site,tamara.webp,168,576,168,False,
site,temelion-blanc-de-blancs.webp,173,576,173,False,
site,temelion-bryut-roze.webp,187,576,187,False,
site,tempelhof-winery-pino-nuar-krasnoe-suhoe-125.webp,576,576,576,True,
site,tempelhof-winery-risling-risling-reynskiy-beloe-suhoe-115.webp,576,576,576,True,
site,tempelhof-winery-shpetburgunder-pino-nuar-krasnoe-suhoe-125.webp,576,576,576,True,
site,tempelhof-winery-tsimlyanskiy-chernyy-krasnoe-suhoe-125.webp,576,576,576,True,
site,toile-de-vin-cabernet-sauvignon.webp,171,576,171,False,
site,toile-de-vin-chardonnay.webp,168,576,168,False,
site,toile-de-vin-merlot.webp,167,576,167,False,
site,toile-de-vin-pinot-blanc.webp,170,576,170,False,
site,tsimlyanskie-vina-krepost-sarkel-krasnostop-zolotovskiy-krasnoe-suhoe-145.webp,576,576,576,True,
site,tsimlyanskie-vina-tsimlyanskoe-kaberne-sovinon-ekstra-bryut-rozovoe-13.webp,576,576,576,True,
site,twopeters_kaberne_sovinion.webp,162,576,162,False,
site,twopeters_kokur.webp,162,576,162,False,
site,twopeters_risling.webp,162,576,162,False,
site,twopeters_saperavi.webp,162,576,162,False,
site,twopeters_sauvignon.webp,162,576,162,False,
site,twopeters_shardone.webp,162,576,162,False,
site,twopeters_tandem.webp,162,576,162,False,
site,uppa-winery-gevyurtstraminer-muskat-beloe-suhoe-14.webp,576,576,576,True,
site,uppa-winery-kokur-kokur-belyy-beloe-suhoe-12.webp,576,576,576,True,
site,uppa-winery-nebbiolo-krasnoe-suhoe-14.webp,576,576,576,True,
site,uppa-winery-pavel-shvets-cabernet-sauvignon-merlot-kaberne-sovinon-krasnoe-suhoe-14.webp,170,576,170,False,
site,uppa-winery-sovinon-blan-rezerva-beloe-suhoe-12.webp,576,576,576,True,
site,usadba-aleksandrovskaya-bubnovyy-valet-kaberne-sovinon-krasnoe-polusladkoe-13.webp,576,576,576,True,
site,usadba-divnomorskoe-blanc-de-blancs-shardone-beloe-ekstra-bryut-12.webp,576,576,576,True,
site,usadba-divnomorskoe-east-hill-vione-beloe-suhoe-127.webp,576,576,576,True,
site,usadba-divnomorskoe-grande-cuvee-shardone-beloe-bryut-125.webp,576,576,576,True,
site,usadba-divnomorskoe-grande-rose-pino-nuar-rozovoe-ekstra-bryut-125.webp,576,576,576,True,
site,usadba-divnomorskoe-holodnyy-tuman-risling-beloe-suhoe-115.webp,576,576,576,True,
site,usadba-divnomorskoe-maris-blanc-de-blanc-extra-brut-shardone-beloe-ekstra-bryut-105.webp,166,576,166,False,
site,usadba-divnomorskoe-maris-blanc-de-noirs-extra-brut-pino-nuar-beloe-ekstra-bryut-105.webp,157,576,157,False,
site,usadba-divnomorskoe-marselan-marselan-krasnoe-suhoe-149.webp,157,576,157,False,
site,usadba-divnomorskoe-merlot-merlo-krasnoe-suhoe-149.webp,160,576,160,False,
site,usadba-divnomorskoe-muscat-ottonel-muskat-ottonel-beloe-sladkoe-135.webp,130,576,130,False,
site,usadba-divnomorskoe-pinot-noir-pino-nuar-krasnoe-suhoe-12.webp,154,576,154,False,
site,usadba-divnomorskoe-rebo-rebo-krasnoe-suhoe-165.webp,150,576,150,False,
site,usadba-divnomorskoe-rose-vione-rozovoe-suhoe-125.webp,169,576,169,False,
site,usadba-divnomorskoe-solist-marselan-rozovoe-suhoe-115.webp,576,576,576,True,
site,usadba-divnomorskoe-solnechnyy-veter-shardone-beloe-suhoe-125.webp,576,576,576,True,
site,usadba-divnomorskoe-west-hill-blend-kaberne-sovinon-krasnoe-suhoe-145.webp,156,576,156,False,
site,usadba-divnomorskoe-yuzhnyy-les-merlo-krasnoe-suhoe-137.webp,576,576,576,True,
site,usadba-markoth-kaberne-sovinon-rezerv-krasnoe-suhoe-13.webp,576,576,576,True,
site,usadba-markoth-kyuve-blan-shardone-beloe-suhoe-12.webp,576,576,576,True,
site,usadba-markoth-merlo-rezerv-krasnoe-suhoe-13.webp,576,576,576,True,
site,usadba-markoth-shardone-beloe-suhoe-12.webp,576,576,576,True,
site,usadba-mezyb-mezyb-kaberne-sovinon-kaberne-fran-krasnoe-suhoe-14.webp,194,576,194,False,
site,usadba-mezyb-mezyb-kaberne-sovinon-kaberne-fran-vione-rozovoe-suhoe-133.webp,396,576,396,True,
site,usadba-mezyb-mezyb-kaberne-sovinon-krasnoe-suhoe-145.webp,384,576,384,True,
site,usadba-mezyb-mezyb-merlo-krasnoe-suhoe-145.webp,384,576,384,True,
site,usadba-mezyb-mezyb-vione-beloe-suhoe-13.webp,384,576,384,True,
site,usadba-mezyb-shishka-karbonika-kaberne-fran-krasnoe-suhoe-143.webp,194,576,194,False,
site,usadba-mezyb-shishka-kupazh-5-kaberne-sovinon-rozovoe-suhoe-133.webp,384,576,384,True,
site,usadba-mezyb-shishka-merlo-vione-rozovoe-suhoe-125.webp,384,576,384,True,
site,usadba-mezyb-shishka-oranzh-shardone-beloe-suhoe-127.webp,384,576,384,True,
site,usadba-mezyb-shishka-pino-nuar-rozovoe-suhoe-115.webp,384,576,384,True,
site,usadba-mezyb-shishka-saperavi-krasnoe-suhoe-13.webp,194,576,194,False,
site,usadba-mezyb-shishka-shenen-blan-beloe-suhoe-13.webp,384,576,384,True,
site,usadba-mezyb-shishka-shenen-blan-sovinon-blan-beloe-suhoe-126.webp,400,576,400,True,
site,usadba-mezyb-shishka-sovinon-blan-beloe-suhoe-12.webp,384,576,384,True,
site,usadba-mezyb-staraya-doroga-na-dzhanhot-kaberne-sovinon-kaberne-fran-krasnoe-suhoe-144.webp,384,576,384,True,
site,usadba-mezyb-staraya-doroga-na-dzhanhot-kaberne-sovinon-krasnoe-suhoe-144.webp,576,576,576,True,
site,usadba-mezyb-usadba-mezyb-kaberne-fran-krasnoe-suhoe-145.webp,183,576,183,False,
site,usadba-mezyb-usadba-mezyb-kaberne-sovinon-kaberne-fran-merlo-krasnoe-suhoe-148.webp,183,576,183,False,
site,usadba-mezyb-usadba-mezyb-kaberne-sovinon-krasnoe-suhoe-143.webp,187,576,187,False,
site,usadba-mezyb-usadba-mezyb-krasnostop-saperavi-krasnoe-suhoe-127.webp,384,576,384,True,
site,usadba-mezyb-usadba-mezyb-merlo-krasnoe-suhoe-15.webp,183,576,183,False,
site,usadba-mezyb-usadba-mezyb-roze-kaberne-fran-rozovoe-suhoe-143.webp,192,576,192,False,
site,usadba-mezyb-usadba-mezyb-roze-kaberne-sovinon-rozovoe-suhoe-135.webp,384,576,384,True,
site,usadba-mezyb-usadba-mezyb-shardone-beloe-suhoe-125.webp,384,576,384,True,
site,usadba-mezyb-usadba-mezyb-vione-beloe-suhoe-118.webp,384,576,384,True,
site,usadba-mezyb-vione-beloe-suhoe-118.webp,576,576,576,True,
site,usadba-perovskih-blanc-de-blancs-shardone-beloe-ekstra-bryut-11.webp,180,576,180,False,
site,usadba-perovskih-kaberne-fran-1890-krasnoe-suhoe-13.webp,162,576,162,False,
site,usadba-perovskih-kaberne-sovinon-merlo-1890-krasnoe-suhoe-13.webp,161,576,161,False,
site,usadba-perovskih-pino-nuar-rezerv-krasnoe-suhoe-122.webp,151,576,151,False,
site,usadba-perovskih-rkatsiteli-beloe-suhoe-13.webp,146,576,146,False,
site,usadba-rodnoe-gnezdo-4-elements-kaberne-sovinon-krasnoe-suhoe-15.webp,135,576,135,False,
site,usadba-rodnoe-gnezdo-4-elements-risling-beloe-polusuhoe-12.webp,126,576,126,False,
site,usadba-rodnoe-gnezdo-4-elements-risling-beloe-suhoe-12.webp,131,576,131,False,
site,usadba-rodnoe-gnezdo-4-elements-sira-roze-rozovoe-polusuhoe-135.webp,157,576,157,False,
site,usadba-rodnoe-gnezdo-4-elements-sovinon-blan-beloe-polusladkoe-12.webp,137,576,137,False,
site,usadba-rodnoe-gnezdo-4-elements-sovinon-blan-beloe-suhoe-12.webp,134,576,134,False,
site,uva-vallis-risling.webp,156,576,156,False,
site,uva-vallis-shardone.webp,159,576,159,False,
site,uva-vallis-sira.webp,157,576,157,False,
site,uva-vallis-sovinon-blan.webp,151,576,151,False,
site,v2r-podnyat-parusa-kaberne-sovinon-krasnoe-suhoe-125.webp,152,576,152,False,
site,v2r-risling-risling-reynskiy-beloe-suhoe-122.webp,154,576,154,False,
site,v2r-roze-kaberne-sovinon-rozovoe-polusuhoe-13.webp,155,576,155,False,
site,v2r-sovinon-blan-beloe-suhoe-13.webp,154,576,154,False,
site,valerij-zaharin-kokur-i-ko-beloe-bryut.webp,252,576,252,True,
site,valerij-zaharin-kokur-i-ko-beloe-polusladkoe.webp,197,576,197,False,
site,valeriy-zaharin-albedo-reserve-sary-pandas-beloe-suhoe-115.webp,201,576,201,True,
site,valeriy-zaharin-aleatiko-kefesiya-avtohtonnoe-vino-kryma-ot-valeriya-zaharina-rozovoe-suhoe-125.webp,158,576,158,False,
site,valeriy-zaharin-aligote-avtorskoe-valeriy-zaharin-beloe-bryut-115.webp,158,576,158,False,
site,valeriy-zaharin-aligote-burlyuk-beloe-bryut-115.webp,165,576,165,False,
site,valeriy-zaharin-aligote-burlyuk-beloe-suhoe-13.webp,154,576,154,False,
site,valeriy-zaharin-aligote-valeriy-zaharin-beloe-suhoe-13.webp,152,576,152,False,
site,valeriy-zaharin-avtohtonnoe-vino-kryma-avtorskiy-kupazh-bastardo-saperavi-kefesiya-bastardo-magarachskiy-krasnoe-suhoe-12.webp,154,576,154,False,
site,valeriy-zaharin-avtohtonnoe-vino-kryma-ot-valeriya-zaharina-aleatiko-kefesiya-rozovoe-suhoe-11.webp,181,576,181,False,
site,valeriy-zaharin-avtohtonnoe-vino-kryma-ot-valeriya-zaharina-bastardo-kefesiya-bastardo-magarachskiy-krasnoe-suhoe-115.webp,185,576,185,False,
site,valeriy-zaharin-avtohtonnoe-vino-kryma-ot-valeriya-zaharina-kefesiya-rezerv-krasnoe-suhoe-13.webp,186,576,186,False,
site,valeriy-zaharin-avtohtonnoe-vino-kryma-ot-valeriya-zaharina-kokur-sary-pandas-kokur-belyy-beloe-suhoe-115.webp,187,576,187,False,
site,valeriy-zaharin-avtohtonnoe-vino-kryma-sary-pandas-rezerv-beloe-suhoe-115.webp,186,576,186,False,
site,valeriy-zaharin-avtorskoe-vino-ot-valeriya-zaharina-aleatiko-rozovoe-suhoe-115.webp,156,576,156,False,
site,valeriy-zaharin-avtorskoe-vino-ot-valeriya-zaharina-bastardo-bastardo-magarachskiy-krasnoe-suhoe-12.webp,154,576,154,False,
site,valeriy-zaharin-avtorskoe-vino-ot-valeriya-zaharina-krasnoe-pino-nuar-suhoe-125.webp,154,576,154,False,
site,valeriy-zaharin-bakkal-su-aligote-beloe-suhoe-115.webp,151,576,151,False,
site,valeriy-zaharin-bakkal-su-kaberne-kaberne-sovinon-krasnoe-suhoe-125.webp,149,576,149,False,
site,valeriy-zaharin-bakkal-su-muskat-ottonel-beloe-polusladkoe-115.webp,152,576,152,False,
site,valeriy-zaharin-bakkal-su-saperavi-bastardo-kaberne-sovinon-krasnoe-polusladkoe-11.webp,153,576,153,False,
site,valeriy-zaharin-bakkal-su-saperavi-kaberne-sovinon-krasnoe-suhoe-12.webp,152,576,152,False,
site,valeriy-zaharin-bastardo-kefesiya-avtohtonnoe-vino-kryma-bastardo-magarachskiy-krasnoe-suhoe-115.webp,154,576,154,False,
site,valeriy-zaharin-chetyre-tsveta-bastardo-bastardo-magarachskiy-krasnoe-suhoe-115.webp,156,576,156,False,
site,valeriy-zaharin-dom-zaharinyh-beloe-sary-pandas-suhoe-115.webp,171,576,171,False,
site,valeriy-zaharin-dom-zaharinyh-krasnoe-kaberne-sovinon-suhoe-125.webp,154,576,154,False,
site,valeriy-zaharin-kaberne-fran-burlyuk-krasnoe-suhoe-13.webp,160,576,160,False,
site,valeriy-zaharin-kefesiya-valeriy-zaharin-krasnoe-suhoe-12.webp,153,576,153,False,
site,valeriy-zaharin-kokur-klassika-kokur-belyy-beloe-bryut-115.webp,160,576,160,False,
site,valeriy-zaharin-kokur-valeriy-zaharin-kokur-belyy-beloe-polusladkoe-125.webp,129,576,129,False,
site,valeriy-zaharin-muskat-valeriy-zaharin-muskat-ottonel-beloe-polusladkoe-12.webp,129,576,129,False,
site,valeriy-zaharin-paterum-bastardo-saperavi-kefesiya-bastardo-magarachskiy-krasnoe-suhoe-12.webp,162,576,162,False,
site,valeriy-zaharin-pino-nuar-valeriy-zaharin-krasnoe-polusladkoe-105.webp,129,576,129,False,
site,valeriy-zaharin-risling-valeriy-zaharin-risling-reynskiy-beloe-polusladkoe-125.webp,129,576,129,False,
site,valeriy-zaharin-rubedo-reserve-merlo-krasnoe-suhoe-13.webp,202,576,202,True,
site,valeriy-zaharin-sandzhoveze-burlyuk-krasnoe-suhoe-13.webp,158,576,158,False,
site,valeriy-zaharin-saperavi-kaberne-sovinon-bakkal-su-krasnoe-suhoe-12.webp,151,576,151,False,
site,valeriy-zaharin-sary-pandas-valeriy-zaharin-beloe-suhoe-125.webp,152,576,152,False,
site,valeriy-zaharin-sira-valeriy-zaharin-krasnoe-polusladkoe-125.webp,129,576,129,False,
site,valeriy-zaharin-sovinon-blan-valeriy-zaharin-beloe-polusladkoe-105.webp,128,576,128,False,
site,valeriy-zaharin-sovinon-valeriy-zaharin-beloe-polusladkoe-125.webp,129,576,129,False,
site,valeriy-zaharin-tangovoe-manto-pino-nuar-krasnoe-suhoe-13.webp,174,576,174,False,
site,valeriy-zaharin-tangovoe-manto-sovinon-sovinon-blan-beloe-suhoe-125.webp,175,576,175,False,
site,valeriy-zaharin-traminer-burlyuk-traminer-rozovyy-beloe-suhoe-135.webp,154,576,154,False,
site,valeriy-zaharin-traminer-valeriy-zaharin-traminer-rozovyy-beloe-polusladkoe-105.webp,129,576,129,False,
site,vaynkraft-aligote-beloe-suhoe-125.webp,145,576,145,False,
site,vaynkraft-blan-pino-nuar-beloe-suhoe-12.webp,147,576,147,False,
site,vaynkraft-kaberne-sovinon-krasnoe-suhoe-14.webp,148,576,148,False,
site,vaynkraft-pino-nuar-krasnoe-suhoe-13.webp,150,576,150,False,
site,vaynkraft-risling-beloe-suhoe-123.webp,146,576,146,False,
site,vaynkraft-rkatsiteli-oranzh-oranzhevoe-suhoe-12.webp,149,576,149,False,
site,vaynkraft-sovinon-blan-beloe-suhoe-13.webp,149,576,149,False,
site,vaynkraft-traminer-oranzh-2-traminer-rozovyy-oranzhevoe-suhoe-125.webp,145,576,145,False,
site,vaynkraft-traminer-oranzh-traminer-rozovyy-oranzhevoe-suhoe-125.webp,149,576,149,False,
site,vaynkraft-traminer-traminer-rozovyy-beloe-suhoe-14.webp,149,576,149,False,
site,vermentino-viognier-2022.webp,288,576,288,True,
site,vibes-cabernet-franc-pinot-noir-pino-nuar-krasnoe-suhoe-125.webp,158,576,158,False,
site,vibes-chardonnay-barrel-fermented-2021.webp,210,576,210,True,
site,vibes-chardonnay-barrel-fermented-shardone-beloe-suhoe-125.webp,153,576,153,False,
site,vibes-glera-col-fondo-2022.webp,220,576,220,True,
site,vibes-montepulchano-kaberne-fran-pti-verdo.webp,192,576,192,False,
site,vibes-montepulciano-cabernet-franc-petit-verdot-montepulchano-krasnoe-suhoe-125.webp,153,576,153,False,
site,vibes-pinot-grigio-2021.webp,204,576,204,True,
site,vibes-riesling-silvaner-2022.webp,192,576,192,False,
site,vibes-riesling-silvaner-risling-beloe-suhoe-115.webp,124,576,124,False,
site,vibes-silvaner-silvaner-beloe-suhoe-125.webp,123,576,123,False,
site,vibes-vermentino-viognier-barrel-fermented-2022.webp,192,576,192,False,
site,vibes-vermentino-viognier-barrel-fermented-vermentino-beloe-suhoe-115.webp,152,576,152,False,
site,viktor-stashko-kaberne-fran-krasnoe-suhoe-145.webp,576,576,576,True,
site,viktor-stashko-sira-krasnoe-suhoe-14.webp,576,576,576,True,
site,villa-di-alma-ekstra-bryut-kokur-beloe-125.webp,576,576,576,True,
site,villa-di-alma-en-barrique-shardone-beloe-ekstra-bryut-12.webp,576,576,576,True,
site,villa-di-alma-kaberne-sovinon-ekstra-bryut-rozovoe-125.webp,576,576,576,True,
site,villa-di-alma-pti-verdo-krasnoe-suhoe-125.webp,576,576,576,True,
site,villa-sofiya-kaberne-sovinon-krasnoe-suhoe-133.webp,153,576,153,False,
site,villa-sofiya-merlo-kaberne-sovinon-krasnoe-suhoe-14.webp,153,576,153,False,
site,villa-sofiya-risling-beloe-suhoe-12.webp,151,576,151,False,
site,villa-sofiya-risling-beloe-suhoe-131.webp,576,576,576,True,
site,villa-sofiya-shardone-beloe-suhoe-14.webp,151,576,151,False,
site,villa-sofiya-sovinon-blan-beloe-suhoe-123.webp,576,576,576,True,
site,villa-sofiya-sovinon-blan-beloe-suhoe-14.webp,151,576,151,False,
site,villa-sofiya-trio-beloe-risling-suhoe-12.webp,151,576,151,False,
site,villa-sofiya-trio-beloe-risling-suhoe-123.webp,576,576,576,True,
site,villa-sofiya-trio-krasnoe-merlo-suhoe-135.webp,576,576,576,True,
site,villa-sofiya-trio-roze-pino-nuar-rozovoe-suhoe-14.webp,150,576,150,False,
site,villa-urkusta-kaberne-sovinon-blan-de-nuar-beloe-suhoe-13.webp,179,576,179,False,
site,villa-urkusta-kaberne-sovinon-klaret-rozovoe-polusuhoe-15.webp,381,576,381,True,
site,villa-urkusta-kaberne-sovinon-klassik-krasnoe-suhoe-12.webp,381,576,381,True,
site,villa-urkusta-kaberne-sovinon-klassik-krasnoe-suhoe-139.webp,381,576,381,True,
site,villa-urkusta-kaberne-sovinon-rezerva-krasnoe-suhoe-15.webp,177,576,177,False,
site,villa-urkusta-kaberne-sovinon-roze-de-sene-rozovoe-suhoe-13.webp,381,576,381,True,
site,vina-arpachina-arpachino-aligote-ekstra-bryut-beloe-115.webp,150,576,150,False,
site,vina-arpachina-arpachino-inohodets-aligote-beloe-ekstra-bryut-125.webp,152,576,152,False,
site,vina-arpachina-arpachino-inohodets-kumshatskiy-beloe-ekstra-bryut-125.webp,146,576,146,False,
site,vina-arpachina-arpachino-inohodets-puhlyakovskiy-beloe-ekstra-bryut-125.webp,146,576,146,False,
site,vina-arpachina-arpachino-inohodets-sibirkovyy-beloe-ekstra-bryut-125.webp,146,576,146,False,
site,vina-arpachina-arpachino-tsimlyanskiy-chernyy-rozovoe-ekstra-bryut-13.webp,151,576,151,False,
site,vinabani-aligote-beloe-suhoe-12.webp,131,576,131,False,
site,vinabani-pino-nuar-roze-rozovoe-suhoe-12.webp,135,576,135,False,
site,vinabani-saperavi-krasnoe-suhoe-135.webp,137,576,137,False,
site,vinnyy-fort-adagum-kokur-belyy-beloe-suhoe-12.webp,161,576,161,False,
site,vinnyy-kooperativ-intuitsiya-kaberne-sovinon-merlo-saperavi-krasnoe-suhoe-128.webp,138,576,138,False,
site,vino-nebo-aligote-sur-lie-aligote-beloe-suhoe-127.webp,148,576,148,False,
site,vino-suhoe-beloe-endemy-shardone.webp,288,576,288,True,
site,vino-suhoe-beloe-endemy-sovinon.webp,288,576,288,True,
site,vino-suhoe-krasnoe-endemy-saperavi.webp,288,576,288,True,
site,vino-suhoe-rozovoe-endemy-kaberne-sovinon.webp,288,576,288,True,
site,vinodelnya-78-aligote-otbornoe-beloe-suhoe-12.webp,147,576,147,False,
site,vinodelnya-78-muskat-otbornyy-muskat-yantarnyy-beloe-suhoe-125.webp,142,576,142,False,
site,vinodelnya-78-muskat-polusladkoe-muskat-ottonel-beloe-115.webp,167,576,167,False,
site,vinodelnya-78-saperavi-krasnoe-suhoe-135.webp,143,576,143,False,
site,vinodelnya-batrak-contadina-merlo-krasnoe-suhoe-14.webp,145,576,145,False,
site,vinodelnya-batrak-glyu-glyu-podarok-magaracha-krasnoe-suhoe-12.webp,151,576,151,False,
site,vinodelnya-batrak-kaberne-kortis-krasnoe-suhoe-12.webp,137,576,137,False,
site,vinodelnya-batrak-kaberne-sovinon-krasnoe-suhoe-14.webp,157,576,157,False,
site,vinodelnya-batrak-klaret-podarok-magaracha-rozovoe-suhoe-12.webp,136,576,136,False,
site,vinodelnya-batrak-merlo-rozovoe-suhoe-13.webp,155,576,155,False,
site,vinodelnya-batrak-monte-di-cammello-nuvola-bianca-risling-beloe-suhoe-12.webp,138,576,138,False,
site,vinodelnya-batrak-perfekt-klassik-kaberne-fran-krasnoe-suhoe-135.webp,139,576,139,False,
site,vinodelnya-batrak-perfekt-klassik-kaberne-sovinon-krasnoe-suhoe-135.webp,130,576,130,False,
site,vinodelnya-batrak-perfekt-klassik-merlo-krasnoe-suhoe-135.webp,131,576,131,False,
site,vinodelnya-batrak-perfekt-klassik-muskat-belyy-beloe-suhoe-125.webp,139,576,139,False,
site,vinodelnya-batrak-perfekt-klassik-muskat-rozovyy-rozovoe-suhoe-125.webp,136,576,136,False,
site,vinodelnya-batrak-perfekt-klassik-pino-nuar-krasnoe-suhoe-12.webp,135,576,135,False,
site,vinodelnya-batrak-perfekt-klassik-saperavi-krasnoe-suhoe-135.webp,130,576,130,False,
site,vinodelnya-batrak-perfekt-klassik-sovinon-blan-beloe-suhoe-125.webp,137,576,137,False,
site,vinodelnya-batrak-prikumskoe-sonnenschein-shardone-beloe-suhoe-12.webp,137,576,137,False,
site,vinodelnya-batrak-prikumskoe-vitale-kraft-kaberne-sovinon-krasnoe-suhoe-135.webp,131,576,131,False,
site,vinodelnya-batrak-shpinel-kaberne-sovinon-rozovoe-suhoe-12.webp,157,576,157,False,
site,vinodelnya-batrak-vitale-kraft-kaberne-sovinon-krasnoe-suhoe-14.webp,157,576,157,False,
site,vinodelnya-begildeeva-kaberne-sovinon-krasnoe-suhoe-14.webp,134,576,134,False,
site,vinodelnya-begildeeva-kaberne-sovinon-merlo-krasnoe-suhoe-14.webp,135,576,135,False,
site,vinodelnya-begildeeva-merlo-krasnoe-suhoe-14.webp,132,576,132,False,
site,vinodelnya-berdyaeva-kaberne-fran-krasnoe-suhoe-115.webp,135,576,135,False,
site,vinodelnya-berdyaeva-kaberne-kaberne-sovinon-krasnoe-suhoe-138.webp,135,576,135,False,
site,vinodelnya-berdyaeva-kaberne-sovinon-krasnoe-suhoe-145.webp,135,576,135,False,
site,vinodelnya-berdyaeva-risling-beloe-polusuhoe-108.webp,138,576,138,False,
site,vinodelnya-berdyaeva-risling-risling-reynskiy-beloe-suhoe-121.webp,136,576,136,False,
site,vinodelnya-berdyaeva-shardone-beloe-suhoe-125.webp,135,576,135,False,
site,vinodelnya-bratev-melnikovyh-kaberne-sovinon-kaberne-fran-dva-brata-krasnoe-suhoe-145.webp,164,576,164,False,
site,vinodelnya-bratev-melnikovyh-pino-dva-brata-pino-gri-rozovoe-suhoe-13.webp,160,576,160,False,
site,vinodelnya-byurne-byurne-pino-blan-beloe-suhoe-14.webp,210,576,210,True,
site,vinodelnya-byurne-kaberne-fran-krasnoe-suhoe-135.webp,210,576,210,True,
site,vinodelnya-byurne-kaberne-sovinon-krasnoe-suhoe-135.webp,210,576,210,True,
site,vinodelnya-byurne-krasnostop-krasnoe-suhoe-145.webp,232,576,232,True,
site,vinodelnya-byurne-lyublyu-beloe-shardone-suhoe-135.webp,234,576,234,True,
site,vinodelnya-byurne-lyublyu-krasnoe-kaberne-fran-suhoe-135.webp,234,576,234,True,
site,vinodelnya-byurne-merlo-krasnoe-suhoe-14.webp,210,576,210,True,
site,vinodelnya-byurne-saperavi-krasnoe-suhoe-135.webp,232,576,232,True,
site,vinodelnya-byurne-sira-krasnoe-suhoe-135.webp,232,576,232,True,
site,vinodelnya-byurne-vione-beloe-suhoe-135.webp,210,576,210,True,
site,vinodelnya-konstantina-dzitoeva-kd-bryut-shardone-beloe-115.webp,576,576,576,True,
site,vinodelnya-konstantina-dzitoeva-kd-rezerv-merlo-krasnoe-suhoe-12.webp,576,576,576,True,
site,vinodelnya-konstantina-dzitoeva-kd-shardone-beloe-suhoe-128.webp,576,576,576,True,
site,vinodelnya-konstantina-dzitoeva-kion-kaberne-sovinon-krasnoe-suhoe-145.webp,576,576,576,True,
site,vinodelnya-krinitsa-arena-sira-krasnoe-suhoe-13.webp,160,576,160,False,
site,vinodelnya-krinitsa-aroma-pti-mansen-beloe-sladkoe-137.webp,123,576,123,False,
site,vinodelnya-krinitsa-azyur-risling-beloe-suhoe-127.webp,576,576,576,True,
site,vinodelnya-krinitsa-azyur-vione-beloe-suhoe-12.webp,160,576,160,False,
site,vinodelnya-krinitsa-ester-muskat-beloe-suhoe-128.webp,126,576,126,False,
site,vinodelnya-krinitsa-ester-muskat-belyy-beloe-suhoe-12.webp,576,576,576,True,
site,vinodelnya-krinitsa-kollin-sira-krasnoe-suhoe-13.webp,176,576,176,False,
site,vinodelnya-krinitsa-risling-beloe-suhoe-13.webp,124,576,124,False,
site,vinodelnya-krinitsa-rivazh-kaberne-sovinon-krasnoe-suhoe-13.webp,161,576,161,False,
site,vinodelnya-krinitsa-sirakyuz-krasnoe-suhoe-13.webp,135,576,135,False,
site,vinodelnya-krinitsa-vione-beloe-suhoe-133.webp,183,576,183,False,
site,vinodelnya-marchenko-gechei-zamatosh-beloe-suhoe-135.webp,136,576,136,False,
site,vinodelnya-marchenko-kaberne-sovinon-krasnoe-suhoe-14.webp,136,576,136,False,
site,vinodelnya-marchenko-krasnostop-zolotovskiy-krasnoe-suhoe-14.webp,135,576,135,False,
site,vinodelnya-marchenko-merlo-krasnoe-suhoe-14.webp,135,576,135,False,
site,vinodelnya-marchenko-mtsvane-mtsvane-kahetinskiy-beloe-suhoe-135.webp,134,576,134,False,
site,vinodelnya-marchenko-rkatsiteli-beloe-suhoe-135.webp,134,576,134,False,
site,vinodelnya-marchenko-rubin-rubin-azos-krasnoe-suhoe-14.webp,135,576,135,False,
site,vinodelnya-marchenko-svezhiy-veter-mtsvane-mtsvane-kahetinskiy-beloe-suhoe-135.webp,135,576,135,False,
site,vinodelnya-marchenko-vermilon-kaberne-azos-krasnoe-suhoe-14.webp,135,576,135,False,
site,vinodelnya-marko-assamblyazh-kaberne-sovinon-krasnoe-suhoe-14.webp,141,576,141,False,
site,vinodelnya-marko-dikiy-sovinon-sovinon-blan-beloe-suhoe-12.webp,135,576,135,False,
site,vinodelnya-marko-merlo-krasnoe-suhoe-14.webp,141,576,141,False,
site,vinodelnya-marko-risling-beloe-suhoe-12.webp,165,576,165,False,
site,vinodelnya-marko-vione-beloe-suhoe-12.webp,165,576,165,False,
site,vinodelnya-molchanova-ice-wine-tsvetochnyy-beloe-sladkoe-11.webp,576,576,576,True,
site,vinodelnya-molchanova-krasnostop-zolotovskiy-krasnoe-suhoe-13.webp,576,576,576,True,
site,vinodelnya-molchanova-krasnostop-zolotovskiy-krasnoe-suhoe-135.webp,140,576,140,False,
site,vinodelnya-pokrovskaya-marinka-marinovskiy-rozovoe-suhoe-123.webp,150,576,150,False,
site,vinodelnya-pokrovskaya-pokrovskoe-krasnoe-kaberne-sovinon-suhoe-14.webp,147,576,147,False,
site,vinodelnya-pokrovskaya-pokrovskoe-sladkoe-krasnoe-kaberne-sovinon-13.webp,147,576,147,False,
site,vinodelnya-pokrovskaya-risling-pokrovskoe-risling-reynskiy-beloe-suhoe-13.webp,147,576,147,False,
site,vinodelnya-pokrovskaya-rkatsiteli-shardone-pokrovskoe-beloe-suhoe-13.webp,146,576,146,False,
site,vinodelnya-pokrovskaya-rozovoe-marinovskiy-suhoe-135.webp,150,576,150,False,
site,vinodelnya-pokrovskaya-ryzhest-rkatsiteli-beloe-suhoe-11.webp,152,576,152,False,
site,vinodelnya-pokrovskaya-sovinon-blan-pokrovskoe-beloe-suhoe-12.webp,146,576,146,False,
site,vinodelnya-raevskoe-eklego-krasnoe-tempranilo-suhoe-13.webp,158,576,158,False,
site,vinodelnya-raevskoe-genezis-beloe-risling-suhoe-123.webp,142,576,142,False,
site,vinodelnya-raevskoe-genezis-krasnoe-kaberne-sovinon-suhoe-13.webp,142,576,142,False,
site,vinodelnya-raevskoe-genezis-rozovoe-tempranilo-suhoe-117.webp,143,576,143,False,
site,vinodelnya-raevskoe-glou-krasnoe-merlo-suhoe-14.webp,156,576,156,False,
site,vinodelnya-raevskoe-parfyum-de-terruar-blansh-vione-beloe-suhoe-12.webp,158,576,158,False,
site,vinodelnya-raevskoe-parfyum-de-terruar-muskat-muskat-zheltyy-beloe-suhoe-123.webp,158,576,158,False,
site,vinodelnya-raevskoe-parfyum-de-terruar-risling-beloe-suhoe-12.webp,158,576,158,False,
site,vinodelnya-raevskoe-parfyum-de-terruar-roze-tempranilo-rozovoe-suhoe-116.webp,157,576,157,False,
site,vinodelnya-raevskoe-parfyum-de-terruar-ruzh-tempranilo-krasnoe-suhoe-13.webp,157,576,157,False,
site,vinodelnya-raevskoe-parfyum-de-terruar-sovinon-blan-beloe-suhoe-121.webp,158,576,158,False,
site,vinodelnya-raevskoe-renessans-beloe-shardone-suhoe-126.webp,156,576,156,False,
site,vinodelnya-raevskoe-renessans-belyy-blend-risling-beloe-suhoe-121.webp,191,576,191,False,
site,vinodelnya-raevskoe-renessans-blaufrankish-krasnoe-suhoe-128.webp,576,576,576,True,
site,vinodelnya-raevskoe-renessans-karmener-krasnoe-suhoe-12.webp,576,576,576,True,
site,vinodelnya-raevskoe-renessans-krasnoe-kaberne-sovinon-suhoe-13.webp,154,576,154,False,
site,vinodelnya-raevskoe-renessans-pino-nuar-krasnoe-suhoe-125.webp,186,576,186,False,
site,vinodelnya-raevskoe-renessans-pti-verdo-krasnoe-suhoe-145.webp,576,576,576,True,
site,vinodelnya-raevskoe-renessans-rozovoe-tempranilo-suhoe-12.webp,186,576,186,False,
site,vinodelnya-raevskoe-renessans-shardone-beloe-suhoe-127.webp,576,576,576,True,
site,vinodelnya-raevskoe-renessans-shardone-beloe-suhoe-128.webp,186,576,186,False,
site,vinodelnya-raevskoe-renessans-tempranilo-krasnoe-suhoe-135.webp,191,576,191,False,
site,vinodelnya-raevskoe-renessans-vione-beloe-suhoe-122.webp,186,576,186,False,
site,vinodelnya-uzunov-aligote-beloe-suhoe-127.webp,576,576,576,True,
site,vinodelnya-uzunov-bunt-tsitronnyy-magaracha-beloe-suhoe-132.webp,576,576,576,True,
site,vinodelnya-uzunov-glad-shardone-beloe-ekstra-bryut-127.webp,576,576,576,True,
site,vinodelnya-uzunov-krasa-kaberne-sovinon-krasnoe-suhoe-125.webp,576,576,576,True,
site,vinodelnya-uzunov-mono-kaberne-sovinon-krasnoe-suhoe-139.webp,151,576,151,False,
site,vinodelnya-uzunov-mono-krasnostop-krasnostop-zolotovskiy-krasnoe-suhoe-139.webp,191,576,191,False,
site,vinodelnya-uzunov-mono-saperavi-krasnoe-suhoe-139.webp,150,576,150,False,
site,vinodelnya-uzunov-nrav-krasnostop-zolotovskiy-krasnoe-suhoe-132.webp,384,576,384,True,
site,vinodelnya-uzunov-nrav-rezerv-krasnostop-zolotovskiy-krasnoe-suhoe-139.webp,384,576,384,True,
site,vinodelnya-uzunov-rash-rezerv-risling-reynskiy-beloe-suhoe-127.webp,162,576,162,False,
site,vinodelnya-uzunov-rash-risling-beloe-suhoe-127.webp,576,576,576,True,
site,vinodelnya-uzunov-roze-ekstra-bryut-kaberne-sovinon-rozovoe-127.webp,576,576,576,True,
site,vinodelnya-uzunov-shardone-rezerv-beloe-suhoe-135.webp,384,576,384,True,
site,vinodelnya-uzunov-sovinon-blan-beloe-suhoe-125.webp,163,576,163,False,
site,vinodelnya-uzunov-sovinon-kukuoba-sovinon-blan-beloe-ekstra-bryut-12.webp,576,576,576,True,
site,vinodelnya-vedernikov-5050-tsimlyanskiy-sibirkovyy-ekstra-bryut-beloe-12.webp,181,576,181,False,
site,vinodelnya-vedernikov-fantom-3070-krasnostop-zolotovskiy-krasnoe-suhoe-145.webp,152,576,152,False,
site,vinodelnya-vedernikov-fantom-5050-krasnostop-zolotovskiy-krasnoe-suhoe-145.webp,152,576,152,False,
site,vinodelnya-vedernikov-fantom-7030-krasnostop-zolotovskiy-krasnoe-suhoe-15.webp,154,576,154,False,
site,vinodelnya-vedernikov-gubernatorskiy-rezerv-beloe-risling-suhoe-12.webp,151,576,151,False,
site,vinodelnya-vedernikov-gubernatorskiy-rezerv-krasnoe-kaberne-sovinon-suhoe-14.webp,151,576,151,False,
site,vinodelnya-vedernikov-gubernatorskoe-golubok-krasnoe-suhoe-11.webp,135,576,135,False,
site,vinodelnya-vedernikov-gubernatorskoe-kaberne-krasnostop-zolotovskiy-krasnoe-suhoe-12.webp,135,576,135,False,
site,vinodelnya-vedernikov-gubernatorskoe-risling-beloe-suhoe-12.webp,151,576,151,False,
site,vinodelnya-vedernikov-gubernatorskoe-rkatsiteli-beloe-suhoe-13.webp,432,576,432,True,
site,vinodelnya-vedernikov-gubernatorskoe-rozovoe-tsimlyanskiy-chernyy-suhoe-11.webp,138,576,138,False,
site,vinodelnya-vedernikov-kaberne-sovinon-krasnoe-suhoe-14.webp,153,576,153,False,
site,vinodelnya-vedernikov-krasnostop-zolotovskiy-krasnoe-suhoe-13.webp,151,576,151,False,
site,vinodelnya-vedernikov-krasnostop-zolotovskiy-rezerv-krasnoe-suhoe-15.webp,152,576,152,False,
site,vinodelnya-vedernikov-krasnostop-zolotovskiy-roze-rozovoe-suhoe-12.webp,153,576,153,False,
site,vinodelnya-vedernikov-pravoberezhnoe-beloe-aligote-suhoe-13.webp,148,576,148,False,
site,vinodelnya-vedernikov-pravoberezhnoe-krasnoe-kaberne-sovinon-suhoe-145.webp,135,576,135,False,
site,vinodelnya-vedernikov-rkatsiteli-beloe-suhoe-13.webp,146,576,146,False,
site,vinodelnya-vedernikov-sibirkovyy-aligote-beloe-bryut-117.webp,185,576,185,False,
site,vinodelnya-vedernikov-sibirkovyy-beloe-suhoe-11.webp,160,576,160,False,
site,vinodelnya-vedernikov-sibirkovyy-ekstra-bryut-beloe-117.webp,183,576,183,False,
site,vinodelnya-vedernikov-tsimlyanskiy-chernyy-blanc-de-noirs-beloe-bryut-117.webp,182,576,182,False,
site,vinodelnya-vedernikov-tsimlyanskiy-chernyy-bryut-roze-rozovoe-129.webp,161,576,161,False,
site,vinodelnya-vedernikov-tsimlyanskiy-chernyy-bryut-roze-rozovoe-14.webp,576,576,576,True,
site,vinodelnya-vedernikov-tsimlyanskiy-chernyy-rezerv-krasnoe-suhoe-145.webp,161,576,161,False,
site,vinodelnya-vedernikov-tsimlyanskiy-chernyy-rozovyy-rozovoe-suhoe-125.webp,138,576,138,False,
site,vinodelnya-vedernikov-vedernikov-dolina-dona-beloe-suhoe-aligote-12.webp,156,576,156,False,
site,vinodelnya-vedernikov-vedernikov-dolina-dona-krasnoe-suhoe-kaberne-sovinon-125.webp,157,576,157,False,
site,vinodelnya-vedernikov-vedernikov-gubernatorskoe-golubok-krasnoe-suhoe-115.webp,156,576,156,False,
site,vinodelnya-vedernikov-vedernikov-gubernatorskoe-rezerv-kaberne-sovinon-krasnoe-suhoe-14.webp,157,576,157,False,
site,vinodelnya-vedernikov-vedernikov-kaberne-sovinon-krasnoe-suhoe-145.webp,157,576,157,False,
site,vinodelnya-vedernikov-vedernikov-krasnostop-zolotovskiy-krasnoe-suhoe-145.webp,156,576,156,False,
site,vinodelnya-vedernikov-vedernikov-krasnostop-zolotovskiy-magnum-krasnoe-suhoe-145.webp,156,576,156,False,
site,vinodelnya-vedernikov-vedernikov-pet-nat-golubok-krasnyy-bryut-krasnoe-suhoe-13.webp,307,576,307,True,
site,vinodelnya-vedernikov-vedernikov-pet-nat-platovskiy-aligote-bryut-beloe-suhoe-10.webp,162,576,162,False,
site,vinodelnya-vedernikov-vedernikov-puhlyakovskiy-beloe-suhoe-12.webp,151,576,151,False,
site,vinodelnya-vedernikov-vedernikov-tsimlyanskiy-chyornyy-bryut-roze-2-tsimlyanskiy-chernyy-rozovoe-12.webp,167,576,167,False,
site,vinodelnya-vedernikov-vedernikov-tsimlyanskiy-chyornyy-bryut-roze-tsimlyanskiy-chernyy-rozovoe-12.webp,183,576,183,False,
site,vinodelnya-vedernikov-vedernikov-tsimlyanskiy-chyornyy-bryut-tsimlyanskiy-chernyy-beloe-12.webp,182,576,182,False,
site,vinodelnya-vedernikov-vedernikov-tsimlyanskiy-chyornyy-tsimlyanskiy-chernyy-krasnoe-suhoe-14.webp,158,576,158,False,
site,vinodelnya-vedernikov-vinodelnya-vedernikov-pet-nat-roze-tsimlyanskiy-chernyy-rozovoe-suhoe-12.webp,162,576,162,False,
site,vinodelnya-vedernikov-vinodelnya-vedernikov-tsimlyanskiy-chernyy-sibirkovyy-ekstra-bryut-beloe-13.webp,184,576,184,False,
site,vinodelnya-zhakov-fresherst-saperavi-krasnoe-suhoe-118.webp,149,576,149,False,
site,vinodelnya-zhakov-karbon-saperavi-krasnoe-suhoe-126.webp,149,576,149,False,
site,vinodelnya-zhakov-kokurkod-beloe-suhoe-118.webp,145,576,145,False,
site,vinodelnya-zhakov-logovo-saperavi-krasnoe-suhoe-126.webp,149,576,149,False,
site,vinodelnya-zhakov-neoranzh-vostorg-beloe-suhoe-123.webp,149,576,149,False,
site,vinodelnya-zhakov-rkatsiteli-eskeyp-krasnoe-suhoe-119.webp,160,576,160,False,
site,vinodelnya-zhakov-rozeo-saperavi-rozovoe-suhoe-115.webp,151,576,151,False,
site,vinodelnya-zhakov-saperavi-escape-krasnoe-suhoe-127.webp,162,576,162,False,
site,vinodelnya-zhakov-saperavi-krasnoe-suhoe-126.webp,153,576,153,False,
site,vinodelnya-zhakov-saperavi-vyderzhannoe-krasnoe-suhoe-115.webp,154,576,154,False,
site,vinodelnya-zhakov-shardone-eskeyp-beloe-suhoe-12.webp,155,576,155,False,
site,vinodelnya-zhakov-tavkveri-escape-krasnoe-suhoe-117.webp,160,576,160,False,
site,vinodelnya-zhakov-vostorg-beloe-suhoe-116.webp,154,576,154,False,
site,vinogradniki-gay-kodzora-elegance-rose-de-gai-kodzor-sira-rozovoe-suhoe-125.webp,153,576,153,False,
site,vinogradniki-gay-kodzora-gewurztraminer-de-gai-kodzor-gevyurtstraminer-beloe-polusuhoe-135.webp,157,576,157,False,
site,vinogradniki-gay-kodzora-malbec-de-gai-kodzor-malbek-krasnoe-suhoe-135.webp,158,576,158,False,
site,vinogradniki-gay-kodzora-malbec-red-klen-de-gai-kodzor-malbek-krasnoe-suhoe-135.webp,153,576,153,False,
site,vinogradniki-gay-kodzora-muscat-de-gai-kodzor-sladkiy-muskat-aleksandriyskiy-beloe-sladkoe-14.webp,156,576,156,False,
site,vinogradniki-gay-kodzora-muscat-ga-kodzor-muskat-melkozernistyy-beloe-suhoe-12.webp,153,576,153,False,
site,vinogradniki-gay-kodzora-rose-cuvee-prestige-de-gai-kodzor-murvedr-rozovoe-suhoe-13.webp,155,576,155,False,
site,vinogradniki-gay-kodzora-rose-de-gai-kodzor-grenash-rozovoe-suhoe-125.webp,141,576,141,False,
site,vinogradniki-gay-kodzora-sauvignon-blanc-de-ga-kodzor-sovinon-blan-beloe-suhoe-12.webp,159,576,159,False,
site,vinogradniki-gay-kodzora-semillion-de-gai-kodzor-semilon-beloe-sladkoe-12.webp,174,576,174,False,
site,vinogradniki-gay-kodzora-terroir-blanc-de-ga-kodzor-semilon-beloe-suhoe-13.webp,157,576,157,False,
site,vinogradniki-gay-kodzora-terroir-de-gai-kodzor-sira-krasnoe-suhoe-14.webp,157,576,157,False,
site,vinogradniki-gay-kodzora-terroir-red-klyon-de-ga-kodzor-sira-krasnoe-suhoe-14.webp,152,576,152,False,
site,vinogradniki-gay-kodzora-viognier-de-ga-kodzor-vione-beloe-suhoe-125.webp,157,576,157,False,
site,vintazh-premium.webp,576,576,576,True,
site,viognier-special-reserve.webp,576,576,576,True,
site,vysokij-bereg-czvajgelt.webp,157,576,157,False,
site,vysokij-bereg-risling-zelenaya-seriya-1.webp,166,576,166,False,
site,vysokij-bereg-risling-zelenaya-seriya-2.webp,201,576,201,True,
site,vysokij-bereg-risling-zelenaya-seriya.webp,134,576,134,False,
site,vysokij-bereg-traminer-zelenaya-seriya.webp,134,576,134,False,
site,wein-und-wasser-vayn-taym-sira-krym-krasnoe-suhoe-13.webp,152,576,152,False,
site,wein-und-wasser-vayn-taym-sovinon-blan-krym-beloe-suhoe-12.webp,152,576,152,False,
site,wine-1.webp,577,576,576,True,
site,wine.webp,385,576,385,True,
site,winemaker-selection.webp,207,576,207,True,
site,winepark-kokur-kokur-belyy-beloe-suhoe-13.webp,576,576,576,True,
site,winepark-kuchuk-isar-kaberne-sovinon-krasnoe-suhoe-135.webp,576,576,576,True,
site,winepark-pino-blan-beloe-suhoe-125.webp,576,576,576,True,
site,winepark-risling-beloe-suhoe-125.webp,576,576,576,True,
site,ya-jla-risling.webp,307,532,307,True,
site,yaiyla-winery-kokur-kokur-belyy-beloe-suhoe-13.webp,576,576,576,True,
site,zakat-denisov-vajneri.webp,221,576,221,True,
site,zb-wine-moscato-beloe-polusladkoe.webp,166,576,166,False,
site,zhemchuzhnaya-9-aligote-czitron.webp,144,576,144,False,
site,zhemchuzhnaya-9-czitron-shardone-1.webp,145,576,145,False,
site,zhemchuzhnaya-9-czitron-shardone.webp,144,576,144,False,
site,zhemchuzhnaya-9-kaberne-sovinon-pino-nuar-1.webp,144,576,144,False,
site,zhemchuzhnaya-9-kaberne-sovinon-pino-nuar.webp,143,576,143,False,
site,zhemchuzhnaya-9-muskat-rozovyj-kaberne-sovinon.webp,142,576,142,False,
site,zhemchuzhnaya-9-muskat-rozovyj-pino-gri.webp,145,576,145,False,
site,zhemchuzhnaya-9-pino-gri-pino-nuar.webp,145,576,145,False,
site,zhemchuzhnaya-9-pino-nuar-muskat-rozovyj-1.webp,146,576,146,False,
site,zhemchuzhnaya-9-pino-nuar-muskat-rozovyj-2.webp,142,576,142,False,
site,zhemchuzhnaya-9-pino-nuar-muskat-rozovyj.webp,145,576,145,False,
site,zhemchuzhnaya-9-risling-sovinon-blan.webp,145,576,145,False,
site,zhemchuzhnaya-9-sovinon-blan-aligote.webp,146,576,146,False,
site,zimovets-avtohton-tsimlyanskiy-chernyy-krasnoe-suhoe-135.webp,576,576,576,True,
site,zmv-koktebel-atmosfera-aligote-rkatsiteli-shardone-beloe-suhoe-11.webp,384,576,384,True,
site,zmv-koktebel-atmosfera-kaberne-sovinon-kaberne-fran-merlo-bastardo-magarachskiy-krasnoe-suhoe-13.webp,384,576,384,True,
site,zmv-koktebel-atmosfera-kaberne-sovinon-merlo-pino-chernyy-krasnoe-polusladkoe-13.webp,384,576,384,True,
site,zmv-koktebel-atmosfera-rkatsiteli-aligote-kokur-muskat-belyy-shardone-beloe-polusladkoe-11.webp,384,576,384,True,
site,zmv-koktebel-atmosfera-shardone-merlo-rkatsiteli-muskat-rozovyy-muskat-gamburgskiy-rozovoe-polusuhoe-12.webp,384,576,384,True,
site,zmv-koktebel-bastardo-krasnoe-suhoe-14.webp,186,576,186,False,
site,zmv-koktebel-blan-aligote-beloe-suhoe-12.webp,384,576,384,True,
site,zmv-koktebel-grand-kupazh-kaberne-sovinon-krasnoe-suhoe-13.webp,153,576,153,False,
site,zmv-koktebel-kagor-vysshego-kachestva-kaberne-sovinon-krasnoe-sladkoe-16.webp,213,576,213,True,
site,zmv-koktebel-kokur-bryut-beloe-11.webp,221,576,221,True,
site,zmv-koktebel-madera-albilo-beloe-sladkoe-19.webp,198,576,198,False,
site,zmv-koktebel-merlo-krasnoe-suhoe-13.webp,152,576,152,False,
site,zmv-koktebel-muskat-desertnyy-rozovoe-sladkoe-16.webp,209,576,209,True,
site,zmv-koktebel-muskat-yantarnyy-desertnyy-beloe-sladkoe-16.webp,169,576,169,False,
site,zmv-koktebel-oranzh-rkatsiteli-beloe-suhoe-125.webp,384,576,384,True,
site,zmv-koktebel-pino-gri-desertnoe-beloe-sladkoe-16.webp,197,576,197,False,
site,zmv-koktebel-pino-nuar-bryut-rozovoe-11.webp,210,576,210,True,
site,zmv-koktebel-portveyn-beloe-kreplyonoe-aligote-sladkoe-17.webp,198,576,198,False,
site,zmv-koktebel-portveyn-krasnoe-kreplyonoe-kaberne-sovinon-sladkoe-17.webp,198,576,198,False,
site,zmv-koktebel-rkatsiteli-beloe-sladkoe-135.webp,576,576,576,True,
site,zmv-koktebel-rkatsiteli-desertnoe-beloe-sladkoe-16.webp,197,576,197,False,
site,zmv-koktebel-roze-merlo-rozovoe-suhoe-12.webp,384,576,384,True,
site,zmv-koktebel-ruzh-rubinovyy-magaracha-krasnoe-suhoe-135.webp,384,576,384,True,
site,zmv-koktebel-shardone-beloe-suhoe-12.webp,190,576,190,False,
site,zmv-koktebel-traminer-desertnoe-beloe-sladkoe-16.webp,125,576,125,False,
site,znoj-denisov-vajneri.webp,245,576,245,True,
site,zolotaya-balka-black-prince-crimea-prestige-cuvee-extra-brut-limited-edition-shardone-beloe-ekstra-bryut-125.webp,174,576,174,False,
site,zolotaya-balka-blanc-de-neige-shardone-beloe-suhoe-125.webp,188,576,188,False,
site,zolotaya-balka-chernyy-prints-shardone-beloe-ekstra-bryut-12.webp,576,576,576,True,
site,zolotaya-balka-cuvee-de-vitmer-rose-pino-blan-rozovoe-bryut-12.webp,576,576,576,True,
site,zolotaya-balka-igristoe-krasnoe-polusladkoe.webp,182,576,182,False,
site,zolotaya-balka-pink-sira-rozovoe-suhoe-13.webp,198,576,198,False,
site,zolotaya-balka-zb-frizzante-dry-risling-beloe-suhoe-10.webp,163,576,163,False,
site,zolotaya-balka-zb-frizzante-semi-dry-rose-risling-rozovoe-polusuhoe-10.webp,163,576,163,False,
site,zolotaya-balka-zb-moscato-semi-sweet-rose-muskat-yantarnyy-rozovoe-polusladkoe-9.webp,167,576,167,False,
site,zolotaya-balka-zb-spumante-brut-risling-beloe-bryut-125.webp,164,576,164,False,
site,zolotaya-balka-zb-spumante-semi-dry-risling-beloe-polusuhoe-125.webp,164,576,164,False,
site,zolotaya-balka-zb-wine-riesling-risling-beloe-polusuhoe-115.webp,141,576,141,False,
site,zolotaya-balka-zb-wine-sauvignon-blanc-sovinon-blan-beloe-suhoe-125.webp,143,576,143,False,
site,zolotoe-pole-kaffa-kaberne-fran-krasnoe-suhoe-14.webp,215,576,215,True,
site,zolotoe-pole-kaffa-kaberne-sovinon-krasnoe-suhoe-125.webp,288,576,288,True,
site,zolotoe-pole-kaffa-malbek-krasnoe-suhoe-125.webp,288,576,288,True,
site,zolotoe-pole-kaffa-moskato-dzhallo-moskato-dzhallo-beloe-suhoe-135.webp,158,576,158,False,
site,zolotoe-pole-kaffa-saperavi-krasnoe-suhoe-14.webp,215,576,215,True,
site,zolotoe-pole-kaffa-shardone-beloe-suhoe-125.webp,157,576,157,False,
site,zolotoe-pole-kaffa-vione-beloe-suhoe-13.webp,288,576,288,True,
site,zolotoe-pole-legend-of-crimea-cabernet-sauvignon-kaberne-sovinon-krasnoe-suhoe-125.webp,215,576,215,True,
site,zolotoe-pole-legend-of-crimea-chardonnay-shardone-beloe-suhoe-13.webp,288,576,288,True,
site,zolotoe-pole-legend-of-crimea-malbec-malbek-krasnoe-suhoe-125.webp,288,576,288,True,
site,zolotoe-pole-legend-of-crimea-muscat-ottonel-muskat-ottonel-beloe-suhoe-14.webp,215,576,215,True,
site,zolotoe-pole-legend-of-crimea-pinot-gris-rose-pino-gri-rozovoe-suhoe-135.webp,215,576,215,True,
site,zolotoe-pole-legend-of-crimea-red-blend-kaberne-sovinon-krasnoe-suhoe-14.webp,215,576,215,True,
site,zolotoe-pole-legend-of-crimea-sauvignon-blanc-sovinon-blan-beloe-suhoe-13.webp,576,576,576,True,
site,zolotoe-pole-legend-of-crimea-white-blend-malvaziya-beloe-suhoe-135.webp,215,576,215,True,
